left_ear,right_ear,avg_ear,mar,mean_intensity,std_intensity,edge_density,face_w_ratio,face_h_ratio,target,filename
0.25,0.25,0.25,0.2051281998685077,0.4277722180760039,0.138748415037157,0.0414504036898921,0.8986784101379806,0.8986784101379806,1,X0097.png
0.9999999687500012,0.9999999761904768,0.999999972470239,2.874999910156253,0.4499472969717187,0.182022251177013,0.032520085065202,0.8105726836538648,0.8105726836538648,0,l0016.png
0.25,0.25,0.25,2.578947232686988,0.4635045402709695,0.2020747458811102,0.0676540798592758,0.8458149742475112,0.8458149742475112,1,N0492.png
0.9999999821428576,0.9999999821428576,0.9999999821428576,0.2820512748191981,0.4059669094480892,0.1620972776338257,0.0627067580321743,0.8105726836538648,0.8105726836538648,0,zc0726.png
0.25,0.25,0.25,0.6274509762911701,0.3173544092116013,0.2047404485936194,0.0763346354145959,0.8458149742475112,0.8458149742475112,0,y0185.png
0.25,0.25,0.25,0.7460317401108593,0.3058241019359305,0.1393007687860369,0.0320563603431401,0.8281938289506879,0.8281938289506879,0,h0018.png
0.25,0.25,0.25,1.025974012649688,0.4184131815991702,0.2060066293113238,0.082413577673823,0.8634361195443343,0.8634361195443343,1,P0571.png
0.9999999821428576,0.9999999777777784,0.999999979960318,4.130434603024582,0.5363977140924957,0.1987605943746187,0.0547297108128347,0.8325991152748937,0.8325991152748937,1,L0651.png
0.9999999777777784,0.9999999777777784,0.9999999777777784,0.6357615851936319,0.3357289934970178,0.2106579648988082,0.0727776102608816,0.8414096879233054,0.8414096879233054,0,y0379.png
0.9999999803921572,0.9999999803921572,0.9999999803921572,0.781512598474684,0.3534221342601094,0.1899975711726024,0.0425193663995109,0.8193832563022764,0.8193832563022764,0,l0276.png
0.25,0.25,0.25,0.693430651872769,0.2647500950518711,0.1244617099958348,0.0238227146807805,0.8370044015990996,0.8370044015990996,1,Y0114.png
0.9999999666666678,0.9999999666666678,0.9999999666666678,0.5895953723144777,0.316247783298813,0.2200904188424873,0.0437283117754925,0.8942731238137748,0.8942731238137748,0,e0133.png
0.9999999615384628,0.999999981132076,0.9999999713352694,0.6163521973814328,0.3346731123744698,0.2349921656892623,0.0421827744893574,0.8590308332201285,0.8590308332201285,0,e0195.png
0.9999999772727278,0.9999999761904768,0.9999999767316023,0.4358974331032216,0.446035293700858,0.2179726525490715,0.0963173557206845,0.8546255468959227,0.8546255468959227,0,u0427.png
0.9999999696969708,0.9999999642857156,0.9999999669913432,0.799999840000032,0.6151749754314048,0.188755480106971,0.0584206539559897,0.7841409657086301,0.7841409657086301,1,K0011.png
0.9999999696969708,0.9999999767441866,0.9999999732205788,0.4897959158683881,0.4299895377963816,0.2360846563394165,0.0778515694028471,0.8766519785169516,0.8766519785169516,0,zb0960.png
0.9999999615384628,0.9999999642857156,0.9999999629120891,0.7499999531250029,0.5601571694740617,0.1833703758212538,0.0429692334337524,0.8854625511653632,0.8854625511653632,0,d0272.png
0.99999997826087,0.99999997826087,0.99999997826087,0.6037735792096832,0.4021140023546415,0.2064641583147989,0.0808275992063147,0.907488982786392,0.907488982786392,1,Q0468.png
0.25,0.25,0.25,0.409326422749604,0.3361033355078059,0.1552160116751542,0.0631415467479642,0.8942731238137748,0.8942731238137748,1,ZB0433.png
0.25,0.25,0.25,1.4923076693491129,0.4592352788520708,0.2477451898285505,0.1044860264677042,0.850220260571717,0.850220260571717,0,za0590.png
0.25,0.25,0.25,0.9090908264462886,0.4570149739583333,0.1683084173954662,0.0742187499818801,0.2819383247491703,0.2819383247491703,0,i0198.png
0.9999999787234048,0.9999999787234048,0.9999999787234048,0.6086956483931948,0.3183023552616313,0.2098286619825345,0.0749243918454983,0.8590308332201285,0.8590308332201285,0,y1064.png
0.9999999795918372,0.9999999772727278,0.9999999784322824,0.5510203969179511,0.4715695680426717,0.1645374066768622,0.0460513692046256,0.8414096879233054,0.8414096879233054,0,x1515.png
0.999999958333335,0.999999958333335,0.999999958333335,0.1666666611111112,0.5625169607843137,0.1819126295167305,0.0468749999988281,0.8810572648411574,0.8810572648411574,0,d0807.png
0.25,0.25,0.25,0.2571428497959186,0.491789806185042,0.1558809887090041,0.0404287665221874,0.8678414058685401,0.8678414058685401,0,x0878.png
0.999999985714286,0.999999985714286,0.999999985714286,0.1686746967629554,0.3964771622934888,0.1413800459633636,0.0245730945433003,0.8634361195443343,0.8634361195443343,1,I0708.png
0.25,0.25,0.25,1.6666666374269012,0.4453605996415186,0.2145044559023177,0.07052631578752,0.8370044015990996,0.8370044015990996,1,N0254.png
0.25,0.25,0.25,0.2833333286111112,0.3858191340979208,0.1576547101106445,0.0498219741913128,0.8766519785169516,0.8766519785169516,1,B0147.png
0.9999999777777784,0.9999999777777784,0.9999999777777784,1.1449275196387316,0.6203876724076428,0.3635287830317584,0.1591544763704078,0.8854625511653632,0.8854625511653632,1,ZA0114.png
0.25,0.25,0.25,0.4409937860807839,0.3415755888154078,0.1506261260923722,0.061932938854387,0.8590308332201285,0.8590308332201285,1,ZB1275.png
0.9999999772727278,0.9999999772727278,0.9999999772727278,0.199999996923077,0.4383012758312865,0.1340950350327932,0.0571213120921594,0.907488982786392,0.907488982786392,1,J0200.png
0.25,0.25,0.25,1.0724637525729892,0.4161423212282941,0.198434169668063,0.0794477317533347,0.8590308332201285,0.8590308332201285,1,P0527.png
0.999999981132076,0.999999981132076,0.999999981132076,0.5730337046458781,0.3130393853042947,0.174102407278106,0.0282343329481873,0.8986784101379806,0.8986784101379806,1,O0134.png
0.9999999642857156,0.9999999750000008,0.999999969642858,0.1666666643518519,0.5931881042347494,0.2316909386542305,0.0815972222200087,0.8458149742475112,0.8458149742475112,0,n0383.png
0.9999999729729736,0.9999999714285724,0.9999999722007732,0.8390804501255121,0.4865972552035039,0.2369738838557092,0.1232698961908095,0.8986784101379806,0.8986784101379806,1,T0193.png
0.25,0.25,0.25,0.7910447643127647,0.543795832918794,0.2304660954864723,0.1058820370988246,0.850220260571717,0.850220260571717,1,T0581.png
0.999999981132076,0.999999981132076,0.999999981132076,3.3928570216836778,0.5364509589844167,0.204125076797274,0.0529100529085717,0.8325991152748937,0.8325991152748937,1,L0800.png
0.9999999846153848,0.9999999846153848,0.9999999846153848,0.9560439455379788,0.4262279411764705,0.2057619483211663,0.0916999999977075,0.8810572648411574,0.8810572648411574,1,P0091.png
0.99999998630137,0.99999998630137,0.99999998630137,0.4427860674488255,0.4083728271140638,0.2115966608062654,0.0877948565607832,0.8854625511653632,0.8854625511653632,1,P0725.png
0.25,0.25,0.25,0.2297297266252739,0.4714944389914537,0.2034087835531477,0.0654160909749862,0.8546255468959227,0.8546255468959227,1,N0342.png
0.9999999600000016,0.9999999800000005,0.9999999700000012,0.6036585329045212,0.3225233119469602,0.229912920294646,0.0433374145484303,0.8722466921927459,0.8722466921927459,0,e0328.png
0.999999974358975,0.9999999655172426,0.9999999699381088,1.9999999591836743,0.2546635211612587,0.1650799341135837,0.0640894148569601,0.8590308332201285,0.8590308332201285,1,H0540.png
0.25,0.25,0.25,0.4251496980529958,0.3367320393473922,0.1523664420193251,0.0634327415958326,0.8766519785169516,0.8766519785169516,1,ZB0484.png
0.9999999642857156,0.9999999600000016,0.9999999621428586,0.3714285608163268,0.6198466217762825,0.206690193194648,0.104028442649869,0.8325991152748937,0.8325991152748937,0,r0420.png
0.25,0.25,0.25,0.3999999975,0.3979296355878856,0.1652943405643153,0.0607391589201208,0.8942731238137748,0.8942731238137748,1,ZB1171.png
0.999999958333335,0.9999999729729736,0.9999999656531544,0.9294117537716264,0.4975960117469428,0.2531779293805505,0.1242543501367725,0.8854625511653632,0.8854625511653632,1,T0781.png
0.999999974358975,0.9999999677419364,0.9999999710504556,0.3604651141833423,0.4019860500680652,0.1709763410272729,0.0646218059146152,0.8942731238137748,0.8942731238137748,1,ZB1095.png
0.9999999729729736,0.9999999761904768,0.9999999745817252,0.3333333288888889,0.3519645483486496,0.1416739008640729,0.0384189234446025,0.8678414058685401,0.8678414058685401,0,m0300.png
0.9999999767441866,0.9999999777777784,0.9999999772609824,0.432432426588751,0.4178760323646165,0.2263982571279834,0.0713377269027824,0.8193832563022764,0.8193832563022764,1,ZC0698.png
0.9999999761904768,0.99999997826087,0.9999999772256736,2.937499816406261,0.4000896624113861,0.1636741605069717,0.071308821827052,0.8193832563022764,0.8193832563022764,0,zc1358.png
0.25,0.25,0.25,0.3944444422530864,0.3288803857696206,0.1468866965699555,0.0577763187783698,0.8766519785169516,0.8766519785169516,1,ZB0511.png
0.9999999767441866,0.9999999736842112,0.999999975214199,0.5535714186862247,0.4095644377457008,0.2167657974543614,0.0696045068469328,0.8237885426264822,0.8237885426264822,1,ZC1056.png
0.9999999523809546,0.9999999772727278,0.9999999648268412,0.2346938751561849,0.3927976577900643,0.1683700388354328,0.0592980368813968,0.9030836964621864,0.9030836964621864,1,B0259.png
0.9999999767441866,0.9999999756097568,0.9999999761769716,0.9019607666282204,0.3781347152930863,0.1455433482040289,0.0350821827735678,0.8590308332201285,0.8590308332201285,1,W1106.png
0.9999999545454564,0.999999974358975,0.9999999644522156,0.1954022966045713,0.3881024105887497,0.1299303582702621,0.0279201009869082,0.8854625511653632,0.8854625511653632,1,I0284.png
0.999999958333335,0.9999999714285724,0.9999999648809536,0.2328767091386752,0.4705652842897743,0.2050692910892576,0.0688072162992615,0.850220260571717,0.850220260571717,1,N0351.png
0.9999999687500012,0.9999999687500012,0.9999999687500012,0.8767123167573656,0.5334881999727326,0.2439673557684512,0.1062578861148954,0.850220260571717,0.850220260571717,1,T0455.png
0.25,0.25,0.25,0.4300518112432548,0.4493557137209631,0.1932735715116634,0.048994603880668,0.850220260571717,0.850220260571717,1,G0130.png
0.25,0.25,0.25,0.588235259515573,0.4309746791536594,0.1631092685932044,0.080124869906315,0.2731277521007588,0.2731277521007588,0,i0566.png
0.9999999772727278,0.99999997826087,0.9999999777667988,3.499999708333358,0.4061678158637987,0.1629876738040552,0.072178214988356,0.8237885426264822,0.8237885426264822,0,zc0011.png
0.9999999756097568,0.9999999756097568,0.9999999756097568,0.7874015686031373,0.3257207309579724,0.2047492260840652,0.0612610792641281,0.8766519785169516,0.8766519785169516,1,E0410.png
0.9999999756097568,0.9999999791666672,0.999999977388212,0.4266666609777779,0.4071122001612716,0.2142440722972923,0.0627642003285808,0.8325991152748937,0.8325991152748937,1,ZC1272.png
0.9999999642857156,0.9999999777777784,0.9999999710317468,0.99999950000025,0.4738877003600185,0.1493385962859338,0.0221056759135843,0.889867837489569,0.889867837489569,0,i0458.png
0.9999999696969708,0.9999999729729736,0.9999999713349722,1.9090908223140532,0.6081581612236732,0.1804037606189765,0.0664566847129722,0.8634361195443343,0.8634361195443343,1,V0658.png
0.9999999729729736,0.9999999714285724,0.9999999722007732,0.2989690690827931,0.3232509884651831,0.1388802737183019,0.0525928830493923,0.889867837489569,0.889867837489569,1,S0348.png
0.9999999878048782,0.9999999878048782,0.9999999878048782,0.8909090828099174,0.3620694331644558,0.1445957263723709,0.0194345825109944,0.8590308332201285,0.8590308332201285,1,W0135.png
0.9999999714285724,0.9999999772727278,0.99999997435065,0.3906249979654948,0.4432229014054601,0.2395402770418299,0.0903009162825306,0.8634361195443343,0.8634361195443343,0,zb0729.png
0.9999999761904768,0.9999999772727278,0.9999999767316023,0.460526309729917,0.4129748533575116,0.222005712112918,0.0754096485436984,0.8237885426264822,0.8237885426264822,1,ZC0983.png
0.9999999803921572,0.9999999830508478,0.9999999817215026,2.333333236111115,0.5397271855777168,0.1981555832174716,0.0528519692153448,0.8281938289506879,0.8281938289506879,1,L0056.png
0.999999972222223,0.9999999767441866,0.9999999744832048,1.689655143281808,0.4697034716582228,0.2416976774467572,0.0980144641657326,0.8590308332201285,0.8590308332201285,0,za0613.png
0.9999999677419364,0.9999999677419364,0.9999999677419364,0.9350649229212348,0.5106214435807196,0.2499312330179669,0.1198159105819903,0.8590308332201285,0.8590308332201285,1,T0872.png
0.25,0.25,0.25,1.062499983398438,0.4345722925658604,0.2068266411536772,0.0863637636100231,0.8325991152748937,0.8325991152748937,1,P0279.png
0.9999999787234048,0.9999999756097568,0.9999999771665808,0.8487394886660548,0.3191823537662385,0.2090488984097708,0.0590579441088325,0.8854625511653632,0.8854625511653632,1,E0109.png
0.999999958333335,0.999999958333335,0.999999958333335,0.8767123167573656,0.5044979411764706,0.2369780850961338,0.1107249999972318,0.8810572648411574,0.8810572648411574,1,T0174.png
0.9999999600000016,0.9999999600000016,0.9999999600000016,0.5999999800000007,0.5610616902588292,0.1835561623413059,0.0526681955203002,0.8678414058685401,0.8678414058685401,0,d0074.png
0.9999999846153848,0.9999999846153848,0.9999999846153848,0.6964285652104593,0.298197701174918,0.1491410011454155,0.0483551701374221,0.907488982786392,0.907488982786392,1,A1136.png
0.25,0.25,0.25,0.4999999907407409,0.1513878802549826,0.0765409194160692,0.0775034293287025,0.2378854615071125,0.2378854615071125,1,E0007.png
0.9999999545454564,0.9999999777777784,0.9999999661616176,0.1884057943709305,0.4314824742508544,0.1263999302654443,0.0507317073158659,0.9030836964621864,0.9030836964621864,1,J0205.png
0.9999999696969708,0.9999999642857156,0.9999999669913432,0.3157894570637127,0.5021322678893199,0.1627295168899714,0.0675823242479171,0.8942731238137748,0.8942731238137748,0,v0088.png
0.25,0.25,0.25,0.6363636247933887,0.5090586442905235,0.2014146256969858,0.0385343804439651,0.8766519785169516,0.8766519785169516,1,G0297.png
0.9999999795918372,0.9999999795918372,0.9999999795918372,0.3846153698224858,0.4296202142152373,0.1765137138687444,0.045964208805575,0.8854625511653632,0.8854625511653632,0,b0348.png
0.9999999787234048,0.9999999787234048,0.9999999787234048,0.562962958792867,0.4047047221255366,0.2097168733721477,0.0879252958559558,0.9162995554348036,0.9162995554348036,1,Q0172.png
0.9999999814814818,0.9833333169444448,0.9916666492129632,2.947368265927986,0.5625486153662854,0.2000844739227993,0.0473361545126048,0.8458149742475112,0.8458149742475112,1,L0098.png
0.9999999824561407,0.9999999824561407,0.9999999824561407,4.428571217687085,0.5401050143943625,0.2031888335943396,0.0533235938625763,0.8149779699780706,0.8149779699780706,1,L0433.png
0.25,0.25,0.25,0.791666658420139,0.3137380581415335,0.1486757979167118,0.0566028843421481,0.907488982786392,0.907488982786392,1,A0337.png
0.9999999814814818,0.9999999814814818,0.9999999814814818,0.6884057921130016,0.2618567160936397,0.1237854569060172,0.0232132963982489,0.8370044015990996,0.8370044015990996,1,Y0171.png
0.25,0.25,0.25,0.8067226822964481,0.3051940548155338,0.2079338626682008,0.0657328472337454,0.8414096879233054,0.8414096879233054,1,E0061.png
0.9999999736842112,0.99999997826087,0.9999999759725406,0.5689655074316292,0.4110423056955468,0.2157389083181491,0.0630419701681396,0.8193832563022764,0.8193832563022764,1,ZC1223.png
0.25,0.25,0.25,2.5945945244704185,0.4460599213643791,0.2069948897578781,0.0665690104148608,0.8458149742475112,0.8458149742475112,1,N0435.png
0.9999999767441866,0.9999999629629645,0.9999999698535756,0.232558134126555,0.4078554390092475,0.1394491785874355,0.0508528575617377,0.889867837489569,0.889867837489569,1,X0606.png
0.9999999729729736,0.9999999761904768,0.9999999745817252,0.5561797721562934,0.4321331756863545,0.2356135586727112,0.0796857463503804,0.8722466921927459,0.8722466921927459,0,zb0724.png
0.9999999523809546,0.9999999767441866,0.9999999645625706,0.1954022966045713,0.3820001595312681,0.1302331172755297,0.0261649408277975,0.9162995554348036,0.9162995554348036,1,I0344.png
0.9999999666666678,0.9999999666666678,0.9999999666666678,0.3846153550295881,0.5294260689685526,0.160589025354713,0.0409141924283003,0.8722466921927459,0.8722466921927459,0,x0671.png
0.9999999666666678,0.9999999666666678,0.9999999666666678,0.255319143503848,0.59034251262832,0.2141980273162216,0.1054570637089901,0.8370044015990996,0.8370044015990996,0,r0386.png
0.9999999830508478,0.9999999800000005,0.999999981525424,3.874999838541673,0.5361891548155856,0.2024072721524503,0.0516533703303372,0.8193832563022764,0.8193832563022764,1,L0441.png
0.9999999777777784,0.9999999777777784,0.9999999777777784,1.3043478071833652,0.5996283075321378,0.3659644082268047,0.1478196743552597,0.9999999955947136,0.9999999955947136,1,ZA0012.png
0.999999958333335,0.9999999814814818,0.9999999699074084,0.2857142755102044,0.4330942177166724,0.1900222051411548,0.0278522559165159,0.9162995554348036,0.9162995554348036,0,b0284.png
0.9999999600000016,0.9999999777777784,0.99999996888889,0.4397905736136619,0.4097846753085457,0.2224694539811752,0.0752678511247441,0.9295154144074212,0.9295154144074212,0,zb0075.png
0.9999999600000016,0.9999999600000016,0.9999999600000016,1.9999997500000315,0.761919709033455,0.3050360035550202,0.1276878678098775,0.8281938289506879,0.8281938289506879,1,ZA0926.png
0.9999999795918372,0.9999999787234048,0.999999979157621,0.6249999939903846,0.398044982133624,0.20497489259288,0.0915351436111279,0.889867837489569,0.889867837489569,1,Q0441.png
0.9999999787234048,0.9999999787234048,0.9999999787234048,0.224489791336943,0.4124301041710429,0.133956895758203,0.0466789103140832,0.8722466921927459,0.8722466921927459,1,X0415.png
0.25,0.25,0.25,0.5025380685150352,0.1516624150755409,0.1168151242701255,0.0286531474650557,0.8678414058685401,0.8678414058685401,1,H0092.png
0.99999997826087,0.9999999772727278,0.9999999777667988,0.0888888869135803,0.4857738898074022,0.1316090921890732,0.0508043639041511,0.9162995554348036,0.9162995554348036,0,j0287.png
0.999999981132076,0.999999981132076,0.999999981132076,0.2602739690373429,0.3888247965451779,0.1707877068119328,0.0500300801480713,0.9999999955947136,0.9999999955947136,1,B0300.png
0.9999999843750004,0.9999999843750004,0.9999999843750004,0.8043478173440455,0.3259999019607843,0.1738931683821608,0.0568999999985775,0.8810572648411574,0.8810572648411574,1,A0639.png
0.9999999545454564,0.9999999545454564,0.9999999545454564,0.7777777669753089,0.5516349872261933,0.2468350576572555,0.1202683399622419,0.8722466921927459,0.8722466921927459,1,T0024.png
0.25,0.25,0.25,0.4352941125259516,0.4229010122567546,0.2224073838106375,0.0589569160981227,0.8325991152748937,0.8325991152748937,1,ZC0225.png
0.99999997826087,0.99999997826087,0.99999997826087,0.7006802673423111,0.2258463332983401,0.0857918053005662,0.0245806067810926,0.9030836964621864,0.9030836964621864,1,M0277.png
0.25,0.25,0.25,0.3507853384775636,0.431004374557586,0.1910604904359877,0.0475864148447798,0.8414096879233054,0.8414096879233054,1,G0408.png
0.9999999729729736,0.9999999729729736,0.9999999729729736,3.2499997291666896,0.5938148527858405,0.229992840212153,0.0798155273857001,0.8281938289506879,0.8281938289506879,0,n0332.png
0.9999999756097568,0.99999997826087,0.9999999769353134,0.578034678739684,0.3175208823529412,0.1705644265453923,0.0352499999991187,0.8810572648411574,0.8810572648411574,1,O0141.png
0.9999999642857156,0.9999999705882362,0.9999999674369758,0.6944444380144034,0.3025822016636163,0.1514049816879089,0.0629439865334287,0.8854625511653632,0.8854625511653632,1,A0006.png
0.9999999761904768,0.9999999787234048,0.9999999774569408,0.5987261108361395,0.2886026637907313,0.2069040378794676,0.0614248528728659,0.8281938289506879,0.8281938289506879,1,E0560.png
0.9999999750000008,0.9999999777777784,0.9999999763888896,2.933333137777791,0.406949077221142,0.1660799208053109,0.074621517510985,0.806167397329659,0.806167397329659,0,zc0218.png
0.9999999807692312,0.9999999807692312,0.9999999807692312,0.6666664444445185,0.4755005756836604,0.1785415404848157,0.0198509950000036,0.889867837489569,0.889867837489569,0,i0857.png
0.999999956521741,0.999999956521741,0.999999956521741,0.6899224752719189,0.2357031816640303,0.07610412555551,0.0202941547777965,0.7841409657086301,0.7841409657086301,1,M0707.png
0.9863013563520362,0.9863013563520362,0.9863013563520362,0.7938144248060369,0.3129121717891309,0.1503231972165651,0.0540176855042767,0.8986784101379806,0.8986784101379806,1,A0441.png
0.25,0.25,0.25,0.6774193439125913,0.5192268752376297,0.2254005355355355,0.098504155121925,0.8370044015990996,0.8370044015990996,1,T0093.png
0.25,0.25,0.25,0.8630136868080317,0.5292137525621688,0.2373202635602561,0.1115055884257329,0.8590308332201285,0.8590308332201285,1,T0605.png
0.9999999756097568,0.9999999756097568,0.9999999756097568,1.6551723852556486,0.4416927210565156,0.2338488934325218,0.0981606863820026,0.8414096879233054,0.8414096879233054,0,za0234.png
0.9999999714285724,0.999999972222223,0.9999999718253976,0.2608695595463139,0.486263725490196,0.1505620658652902,0.058599999998535,0.8810572648411574,0.8810572648411574,0,v0915.png
0.25,0.25,0.25,1.999999928571431,0.4477022058823529,0.2037821084904646,0.0695258246508917,0.8458149742475112,0.8458149742475112,1,N0052.png
0.9999999677419364,0.9999999761904768,0.9999999719662068,1.745454513719009,0.4850213609749455,0.2422209296718926,0.1017252604139072,0.8458149742475112,0.8458149742475112,0,za0612.png
0.9999999714285724,0.9999999687500012,0.9999999700892868,0.3450704201051379,0.4597032866966231,0.1996136436370261,0.0507812499986224,0.8458149742475112,0.8458149742475112,0,s0206.png
0.9999999756097568,0.9999999756097568,0.9999999756097568,0.582352937750865,0.3447234123528835,0.1895757808224346,0.0313449661790181,0.889867837489569,0.889867837489569,1,O1239.png
0.25,0.25,0.25,2.0714284234693983,0.4761290766123834,0.1840390014269527,0.0616216216198211,0.8149779699780706,0.8149779699780706,1,N0079.png
0.9999999772727278,0.9999999772727278,0.9999999772727278,1.403846126849113,0.4823533849936534,0.2338823643055707,0.1023653236729751,0.8281938289506879,0.8281938289506879,0,za0959.png
0.9999999666666678,0.999999972222223,0.9999999694444456,0.1944444417438272,0.5648409039042424,0.2318243619789715,0.0773542280283292,0.8237885426264822,0.8237885426264822,0,n0646.png
0.99999997826087,0.99999997826087,0.99999997826087,0.2499999951923077,0.4023561827653014,0.1316461689521162,0.0427960399835929,0.8986784101379806,0.8986784101379806,1,X1091.png
0.9999999767441866,0.9999999767441866,0.9999999767441866,1.0454545216942157,0.3858040638076621,0.1459749412004188,0.0347514949506236,0.889867837489569,0.889867837489569,1,W0903.png
0.25,0.25,0.25,0.6834532324931423,0.2581866765910754,0.1228430229184178,0.0202122001058141,0.8325991152748937,0.8325991152748937,1,Y0220.png
0.9999999615384628,0.9999999545454564,0.9999999580419596,0.7439999940480001,0.2699740874497561,0.141072785932732,0.0434154237471553,0.8193832563022764,0.8193832563022764,0,h0031.png
0.9999999756097568,0.999999974358975,0.999999974984366,0.626373622932013,0.321020906179235,0.2349935934212406,0.0510004075365134,0.9999999955947136,0.9999999955947136,1,E0612.png
0.25,0.25,0.25,0.6785714237244899,0.2435740589864754,0.1232200270714452,0.0249030470907229,0.8370044015990996,0.8370044015990996,1,Y1159.png
0.9999999666666678,0.9999999666666678,0.9999999666666678,0.1999999933333335,0.5499802982417457,0.1809062880163447,0.0490680966251283,0.8634361195443343,0.8634361195443343,0,d1001.png
0.9999999666666678,0.9999999666666678,0.9999999666666678,0.6718749947509766,0.3792753752793343,0.2801835420548115,0.1287845602790903,0.8678414058685401,0.8678414058685401,0,a1162.png
0.999999974358975,0.9999999777777784,0.9999999760683768,0.3190184029508073,0.4799891369290098,0.2346150610084888,0.0801662049839289,0.8370044015990996,0.8370044015990996,0,zb0549.png
0.25,0.25,0.25,0.697841721598261,0.223285381747555,0.0863817764084555,0.0241789775740201,0.8546255468959227,0.8546255468959227,1,M0239.png
0.9999999777777784,0.9999999777777784,0.9999999777777784,0.2222222181069959,0.40874837596235,0.1354096627760845,0.0497017400547089,0.8854625511653632,0.8854625511653632,1,X1348.png
0.9999999687500012,0.9999999687500012,0.9999999687500012,0.8928571348852041,0.3761779411764706,0.2875036052759421,0.1244749999968881,0.8810572648411574,0.8810572648411574,0,a0410.png
0.9999999791666672,0.9999999791666672,0.9999999791666672,0.6202531606313091,0.3185984597920801,0.2072743196853896,0.0783007080362791,0.8634361195443343,0.8634361195443343,0,y0417.png
0.9999999859154932,0.9999999800000005,0.9999999829577468,0.817204292288126,0.3009763725490196,0.1529550351413018,0.0610749999984731,0.8810572648411574,0.8810572648411574,1,A0790.png
0.9999999714285724,0.9999999687500012,0.9999999700892868,1.275862024970275,0.5911055155569171,0.1901526240050295,0.0702311197897615,0.8458149742475112,0.8458149742475112,1,V0446.png
0.9999999736842112,0.9999999761904768,0.999999974937344,1.5499999741666672,0.4730954955690219,0.2403789164950738,0.115707018149043,0.8193832563022764,0.8193832563022764,0,za0407.png
0.25,0.25,0.25,0.5987261108361395,0.2893923413398646,0.2145411557518924,0.0581086104819094,0.8237885426264822,0.8237885426264822,1,E0724.png
0.9999999615384628,0.9999999729729736,0.9999999672557184,0.1686746967629554,0.4074274218664511,0.1746361130381127,0.0292164339276983,0.8766519785169516,0.8766519785169516,1,I0524.png
0.9999999803921572,0.9999999818181822,0.9999999811051696,0.5742574200568572,0.4024587242744898,0.2119411964264592,0.0950520517339646,0.8942731238137748,0.8942731238137748,1,Q0587.png
0.25,0.25,0.25,0.6874999570312527,0.4042486130254571,0.1474602293470611,0.0816326530406569,0.2775330384249646,0.2775330384249646,0,i0430.png
0.9999999629629645,0.9999999629629645,0.9999999629629645,0.9999999285714336,0.6166608158020153,0.2162352191500343,0.0806206597200352,0.8458149742475112,0.8458149742475112,0,r0299.png
0.9999999545454564,0.9999999855072468,0.9999999700263515,0.8144329812945054,0.2984263268885648,0.1480907578601302,0.0587708549331046,0.907488982786392,0.907488982786392,1,A0816.png
0.999999974358975,0.9999999761904768,0.999999975274726,0.4196891169964294,0.4189635181812137,0.2054879468712884,0.0527709710142627,0.8854625511653632,0.8854625511653632,0,s0255.png
0.25,0.25,0.25,0.2266666636444445,0.4859227408004618,0.192270590188587,0.0711278330176736,0.806167397329659,0.806167397329659,1,N0760.png
0.999999974358975,0.999999974358975,0.999999974358975,0.5714285681632654,0.3197147058823529,0.1767757386718213,0.0377249999990568,0.8810572648411574,0.8810572648411574,1,O0052.png
0.9999999787234048,0.9999999787234048,0.9999999787234048,0.1807228893888808,0.3782625117491365,0.119214236283103,0.0285511224382768,0.889867837489569,0.889867837489569,1,I1104.png
0.9999999600000016,0.9999999600000016,0.9999999600000016,0.4088397767467415,0.3481547152676573,0.1714484805459414,0.0619258327516918,0.9295154144074212,0.9295154144074212,1,ZB0814.png
0.25,0.25,0.25,1.1206896358501788,0.443582133374183,0.2037549407304575,0.0737847222202206,0.8458149742475112,0.8458149742475112,1,P0308.png
0.9999999756097568,0.9999999777777784,0.9999999766937676,0.5438596395814098,0.4132305899582633,0.2193399150715252,0.059573361080484,0.8193832563022764,0.8193832563022764,1,ZC0416.png
0.25,0.25,0.25,0.3249999918750002,0.4893050128938423,0.1574766046473026,0.0359147025804531,0.8722466921927459,0.8722466921927459,0,x1482.png
0.25,0.25,0.25,0.804687493713379,0.3007873464674389,0.2044630181282738,0.0594883997606308,0.9030836964621864,0.9030836964621864,1,E0206.png
0.9999999523809546,0.99999997826087,0.9999999653209124,0.6249999609375024,0.4456176827306254,0.1331803848179989,0.0590084403836784,0.8854625511653632,0.8854625511653632,1,J0248.png
0.9999999841269844,0.9999999841269844,0.9999999841269844,0.7894736759002772,0.3026326715373925,0.1493582991932707,0.0565875894506276,0.889867837489569,0.889867837489569,1,A0830.png
0.999999972222223,0.999999972222223,0.999999972222223,0.7071428520918368,0.3363634363040185,0.2524924984997344,0.1137128864372586,0.8722466921927459,0.8722466921927459,1,C0153.png
0.9999999761904768,0.9999999761904768,0.9999999761904768,1.484848462350781,0.4691157075074928,0.2517449202269003,0.1045397750909897,0.8634361195443343,0.8634361195443343,0,za0765.png
0.9999999696969708,0.9999999756097568,0.9999999726533636,0.4166666643518518,0.4472235316348188,0.2177498333255803,0.058002009841583,0.8678414058685401,0.8678414058685401,0,s0373.png
0.9999999767441866,0.9999999767441866,0.9999999767441866,0.6666666627680312,0.3865177765880169,0.210591783920459,0.0346795008629183,0.9999999955947136,0.9999999955947136,1,O0874.png
0.999999958333335,0.9999999696969708,0.9999999640151528,0.497536943361887,0.4232348825380331,0.231302798241677,0.0795699968434184,0.8942731238137748,0.8942731238137748,0,zb1102.png
0.9999999666666678,0.9999999761904768,0.9999999714285724,0.4276315761340028,0.4543438804093066,0.2016587466213138,0.0889733444375007,0.8634361195443343,0.8634361195443343,0,u0189.png
0.9999999666666678,0.9999999687500012,0.9999999677083344,0.4645161260353798,0.439950061657316,0.1960264126578546,0.0786651395231501,0.8634361195443343,0.8634361195443343,0,u0008.png
0.25,0.25,0.25,1.5434782273156908,0.47902662599006,0.2286600624654302,0.108692476256868,0.8149779699780706,0.8149779699780706,0,za0459.png
0.9999999772727278,0.9999999767441866,0.9999999770084572,0.6923076816568049,0.464111052584299,0.2207669293443551,0.0513327780078266,0.8634361195443343,0.8634361195443343,1,F0090.png
0.9999999705882362,0.999999956521741,0.9999999635549884,0.3566433541493471,0.444125414226047,0.2008226191648772,0.048570868675329,0.8325991152748937,0.8325991152748937,0,s0140.png
0.9999999677419364,0.9999999677419364,0.9999999677419364,0.385964910023597,0.3761309189474401,0.148812887558224,0.0585394965261897,0.8458149742475112,0.8458149742475112,1,ZB1548.png
0.9999999787234048,0.9999999787234048,0.9999999787234048,0.1951219488399762,0.4237396266473295,0.1329988507895044,0.0530951976497101,0.8942731238137748,0.8942731238137748,1,J0389.png
0.9999999666666678,0.9999999736842112,0.9999999701754396,0.5302325556733369,0.3916070105583035,0.2212767245609602,0.0647014302613149,0.9999999955947136,0.9999999955947136,0,zb1120.png
0.9999999756097568,0.9999999772727278,0.9999999764412424,0.6012658189793303,0.312384552713052,0.2111257851569585,0.0696121883637226,0.8370044015990996,0.8370044015990996,0,y1461.png
0.9999999545454564,0.9999999545454564,0.9999999545454564,0.4571428440816331,0.6186680975051775,0.2058728379947728,0.0822231956483747,0.8678414058685401,0.8678414058685401,0,r0518.png
0.25,0.25,0.25,0.322916664984809,0.4470021233319716,0.1895521007999669,0.0474717881931566,0.8458149742475112,0.8458149742475112,1,G0456.png
0.9999999833333336,0.9999999833333336,0.9999999833333336,0.7634408520060124,0.3051536775201157,0.1536715192193721,0.056137224324741,0.8854625511653632,0.8854625511653632,1,A1054.png
0.9999999696969708,0.9999999787234048,0.9999999742101876,0.5287958087497602,0.4233630497586741,0.2361340102272225,0.0808254092716198,0.889867837489569,0.889867837489569,0,zb1008.png
0.25,0.25,0.25,0.2363636320661158,0.4019396078431372,0.1291945634697615,0.0443749999988906,0.8810572648411574,0.8810572648411574,1,X0927.png
0.9999999696969708,0.9999999696969708,0.9999999696969708,0.666666661498708,0.3835254506863427,0.2842871651427737,0.1329588497479203,0.8678414058685401,0.8678414058685401,0,a1166.png
0.9999999864864868,0.9999999864864868,0.9999999864864868,0.9857142716326532,0.4224348487317365,0.2064753165588673,0.0857063711887616,0.8370044015990996,0.8370044015990996,1,P0635.png
0.9999999736842112,0.9999999714285724,0.9999999725563918,0.3246753204587621,0.3556855248716485,0.1409687335978154,0.0345799431419816,0.889867837489569,0.889867837489569,0,m0315.png
0.25,0.25,0.25,0.6510067070402235,0.3917617466797538,0.2033054289846586,0.0693484961188928,0.8546255468959227,0.8546255468959227,0,q0225.png
0.25,0.25,0.25,0.6834532324931423,0.2588937048503612,0.1279638443639515,0.0252077562319887,0.8370044015990996,0.8370044015990996,1,Y0141.png
0.999999974358975,0.9999999791666672,0.9999999767628212,0.5975609719660916,0.3180801072565778,0.1817315831940408,0.0394740302422229,0.8590308332201285,0.8590308332201285,1,O0286.png
0.9999999696969708,0.9999999767441866,0.9999999732205788,0.563829784234948,0.3336204857720811,0.219544334579398,0.046517373822544,0.9295154144074212,0.9295154144074212,0,o0330.png
0.9999999791666672,0.9999999791666672,0.9999999791666672,0.2352941130334487,0.4106259260715251,0.1358491692713768,0.0505433033823285,0.8854625511653632,0.8854625511653632,1,X0454.png
0.25,0.25,0.25,0.7979797899193961,0.3083528711901179,0.1425404992576158,0.0701011302779274,0.9030836964621864,0.9030836964621864,1,A0219.png
0.9999999600000016,0.9999999600000016,0.9999999600000016,0.3999999885714289,0.6083828318707456,0.2178013665385154,0.0980095741973066,0.8325991152748937,0.8325991152748937,0,r0255.png
0.9999999629629645,0.999999974358975,0.9999999686609696,0.4999999974489796,0.3919846510032584,0.2018776141700405,0.0694762598899032,0.8634361195443343,0.8634361195443343,0,q0361.png
0.9999999736842112,0.9999999736842112,0.9999999736842112,0.1199999976,0.4669719014007714,0.1229249073116132,0.0459044207737321,0.907488982786392,0.907488982786392,0,j0223.png
0.9999999767441866,0.9999999767441866,0.9999999767441866,0.4230769190088758,0.3246288810593348,0.1283850791164311,0.0433045779814894,0.889867837489569,0.889867837489569,1,S0384.png
0.999999958333335,0.999999958333335,0.999999958333335,0.9199999877333336,0.5215237115254264,0.2462643059143771,0.11318200749393,0.8634361195443343,0.8634361195443343,1,T0819.png
0.9999999761904768,0.9999999761904768,0.9999999761904768,1.7592592266803848,0.482390816408868,0.2413161703388426,0.1067439321377692,0.8325991152748937,0.8325991152748937,0,za0632.png
0.9999999677419364,0.9999999777777784,0.9999999727598574,0.4974619264088227,0.4269106857496121,0.2359588982761271,0.0763117192129372,0.9030836964621864,0.9030836964621864,0,zb0983.png
0.25,0.25,0.25,0.4999999973958333,0.1478114574822985,0.1117160522194032,0.0263943142353951,0.8458149742475112,0.8458149742475112,1,H0032.png
0.25,0.25,0.25,1.0410958761493716,0.4102745438453159,0.20042101007338,0.0812988281227946,0.8458149742475112,0.8458149742475112,1,P0526.png
0.999999958333335,0.999999958333335,0.999999958333335,1.065217379725898,0.3574471903159686,0.13083151038745,0.017856673240819,0.8590308332201285,0.8590308332201285,1,W0280.png
0.9999999666666678,0.9999999705882362,0.999999968627452,0.3888888780864201,0.5811754941904331,0.2147991759212777,0.1065244454474161,0.8281938289506879,0.8281938289506879,0,r0135.png
0.9999999642857156,0.9999999736842112,0.9999999689849636,0.4999999687500019,0.5607810836099771,0.1822319873792499,0.0420076522467316,0.8546255468959227,0.8546255468959227,0,d0248.png
0.9999999772727278,0.9999999772727278,0.9999999772727278,1.8653845795118351,0.2307230874069258,0.1485075289636591,0.0481719630128554,0.8546255468959227,0.8546255468959227,1,H0284.png
0.999999974358975,0.9999999736842112,0.9999999740215932,0.6666664444445185,0.4843830067867721,0.1144094295794909,0.0390340177067779,0.8414096879233054,0.8414096879233054,0,k0079.png
0.99999997826087,0.99999997826087,0.99999997826087,0.2452830142399431,0.4071165002225241,0.1367813729441443,0.0499245068179024,0.8854625511653632,0.8854625511653632,1,X1332.png
0.999999956521741,0.9999999687500012,0.9999999626358712,0.2499999947916668,0.4251935006007162,0.1566819638036402,0.0522070196299296,0.9030836964621864,0.9030836964621864,1,B0070.png
0.9999999687500012,0.9999999767441866,0.9999999727470938,0.5428571402721089,0.4024844186350043,0.2289454772715217,0.0685245201717765,0.9999999955947136,0.9999999955947136,0,zb1036.png
0.9999999795918372,0.999999981132076,0.9999999803619566,0.5981308355314875,0.3924193937475028,0.2017667185868303,0.0750192233738221,0.8986784101379806,0.8986784101379806,1,Q0320.png
0.9999999729729736,0.9999999772727278,0.9999999751228508,0.5454545425376762,0.3034714956137033,0.179061898906921,0.044407774999529,0.8942731238137748,0.8942731238137748,0,o0060.png
0.9999999777777784,0.9999999777777784,0.9999999777777784,0.5964912245819227,0.3355062833694714,0.2312614903302677,0.0430731150951716,0.8942731238137748,0.8942731238137748,0,e0582.png
0.9999999655172426,0.9999999655172426,0.9999999655172426,0.7674418545159546,0.3824428232990224,0.290975591049283,0.1297637145989393,0.8678414058685401,0.8678414058685401,0,a1123.png
0.25,0.25,0.25,0.693430651872769,0.2462129433392012,0.123318382759826,0.0250552896048527,0.8325991152748937,0.8325991152748937,1,Y0777.png
0.999999974358975,0.9999999545454564,0.9999999644522156,0.444444438271605,0.4172385234812261,0.2213922899907503,0.065689981094468,0.8105726836538648,0.8105726836538648,1,ZC1317.png
0.9999999772727278,0.9999999756097568,0.9999999764412424,0.5445026149502481,0.3146602890416521,0.1921449240300728,0.0487241124249092,0.9162995554348036,0.9162995554348036,0,o0214.png
0.9999999761904768,0.9999999756097568,0.9999999759001168,0.6769230665088759,0.4595069008300789,0.2129222057406149,0.0520550887258166,0.850220260571717,0.850220260571717,1,F0110.png
0.999999974358975,0.999999956521741,0.999999965440358,0.2777777700617286,0.4869529262358926,0.1625371907226915,0.0715620374172738,0.8942731238137748,0.8942731238137748,0,v0580.png
0.25,0.25,0.25,0.8450704106328112,0.5122108388299713,0.2324143297285281,0.107820630545153,0.8722466921927459,0.8722466921927459,1,T0282.png
0.9999999803921572,0.9999999803921572,0.9999999803921572,0.4249999893750003,0.4325733155726755,0.1348193290985487,0.0432800705802548,0.889867837489569,0.889867837489569,1,X0021.png
0.25,0.25,0.25,0.2666666631111111,0.4489975215272271,0.1980225632397556,0.0637194834559402,0.907488982786392,0.907488982786392,1,N1034.png
0.999999974358975,0.9999999736842112,0.9999999740215932,0.3291139198846339,0.3598448633448085,0.1387034363530054,0.0303646701296352,0.889867837489569,0.889867837489569,0,m0320.png
0.9999999523809546,0.9999999523809546,0.9999999523809546,0.5655737658559528,0.4483806788021331,0.2084389756978824,0.0874114952080536,0.8634361195443343,0.8634361195443343,0,u0373.png
0.25,0.25,0.25,0.8939393803948579,0.5136610589361789,0.2314518173539782,0.1149292598428164,0.850220260571717,0.850220260571717,1,T0287.png
0.25,0.25,0.25,0.7835051465618026,0.3128955869160428,0.147017060426525,0.0543060361386412,0.8986784101379806,0.8986784101379806,1,A0331.png
0.9999999714285724,0.9999999772727278,0.99999997435065,0.4551282022107166,0.4387270500573668,0.209770189501335,0.0913346482553232,0.8590308332201285,0.8590308332201285,0,u0516.png
0.25,0.25,0.25,1.0833333032407415,0.4915913421252788,0.2211265079546483,0.0804207758032762,0.8590308332201285,0.8590308332201285,0,p0324.png
0.9999999629629645,0.9999999818181822,0.9999999723905733,0.7894736759002772,0.2972534411274558,0.1367943123058292,0.0522987942345775,0.889867837489569,0.889867837489569,1,A1344.png
0.9999999729729736,0.9999999756097568,0.9999999742913652,0.1063829764599366,0.4892198447858736,0.1365688604359248,0.0572862663762539,0.907488982786392,0.907488982786392,0,j0645.png
0.9999999666666678,0.9999999666666678,0.9999999666666678,0.1971830958143226,0.5561593975053358,0.229943525826467,0.0806173076373833,0.8414096879233054,0.8414096879233054,0,n0892.png
0.9999999714285724,0.999999972222223,0.9999999718253976,0.2399999952000001,0.4893743453359928,0.1507047038910439,0.0535157644246635,0.9030836964621864,0.9030836964621864,0,v0477.png
0.9999999705882362,0.9999999736842112,0.9999999721362238,1.2916666128472245,0.6126491617882622,0.1811447502210977,0.0655588069460775,0.850220260571717,0.850220260571717,1,V0277.png
0.9999999843750004,0.9999999843750004,0.9999999843750004,0.4472361786571046,0.4189180209848137,0.2293802892221734,0.0974217822757652,0.8766519785169516,0.8766519785169516,1,P0824.png
0.25,0.25,0.25,0.693430651872769,0.2650462654197481,0.1248777354712123,0.0248873211829207,0.8325991152748937,0.8325991152748937,1,Y0021.png
0.25,0.25,0.25,0.712499995546875,0.2387780115442322,0.1155560230396492,0.0227638805328501,0.9999999955947136,0.9999999955947136,1,M0677.png
0.999999972222223,0.9999999787234048,0.999999975472814,0.7777777716049383,0.3196905292729337,0.2062258568828178,0.0614847979992324,0.8634361195443343,0.8634361195443343,1,E0225.png
0.9999999777777784,0.9999999777777784,0.9999999777777784,0.4864864733382034,0.4307927730385241,0.1357519420540078,0.0440830672497194,0.8854625511653632,0.8854625511653632,1,X0071.png
0.9999999736842112,0.9999999791666672,0.9999999764254393,0.394285712032653,0.3374334565633819,0.1593577754655047,0.0741496415991261,0.850220260571717,0.850220260571717,1,ZB0095.png
0.9999999736842112,0.9999999750000008,0.999999974342106,0.8970588103373704,0.4235842195311539,0.2219029017052849,0.0510415559557062,0.8546255468959227,0.8546255468959227,1,F0038.png
0.9999999642857156,0.999999958333335,0.9999999613095252,1.978723362154822,0.24549681590754,0.1563012981993083,0.0533009596469736,0.8193832563022764,0.8193832563022764,1,H0237.png
0.25,0.25,0.25,0.7894736759002772,0.2969360943083242,0.144540499749772,0.0646260170555674,0.889867837489569,0.889867837489569,1,A1266.png
0.9999999772727278,0.9999999666666678,0.9999999719696978,0.38423645130918,0.4259155267338802,0.2280610388524865,0.0761969472669514,0.8942731238137748,0.8942731238137748,0,zb0063.png
0.9999999736842112,0.9999999736842112,0.9999999736842112,0.6091953987977275,0.3527744342722602,0.1985485456349793,0.0295141618555397,0.9295154144074212,0.9295154144074212,1,O1386.png
0.25,0.25,0.25,0.7708333253038195,0.3043236650616782,0.1552094746587382,0.051855152098912,0.8854625511653632,0.8854625511653632,1,A0753.png
0.25,0.25,0.25,0.2133333304888889,0.473333957203497,0.1967973030598528,0.0611095679386603,0.8766519785169516,0.8766519785169516,1,N1130.png
0.9999999800000005,0.9999999800000005,0.9999999800000005,0.6217948678090073,0.3298118822404081,0.2110822469061793,0.0730949091276146,0.8546255468959227,0.8546255468959227,0,y1279.png
0.9999999523809546,0.9999999523809546,0.9999999523809546,0.2368420990304711,0.612468524251806,0.2076280664962241,0.0963711911330645,0.8370044015990996,0.8370044015990996,0,r0425.png
0.9999999705882362,0.9999999795918372,0.9999999750900368,0.4565217292060494,0.4968241144792066,0.1627533749851058,0.0424128423808288,0.8678414058685401,0.8678414058685401,0,x1357.png
0.25,0.25,0.25,0.9999997500000624,0.4468300015318627,0.1475489566849562,0.0795898437305688,0.2819383247491703,0.2819383247491703,0,i0241.png
0.999999974358975,0.999999972222223,0.9999999732905992,0.9183673281965852,0.3856710982207293,0.1477326857574904,0.0382168758189595,0.8854625511653632,0.8854625511653632,1,W1199.png
0.25,0.25,0.25,0.6760563332672089,0.2462715099060457,0.1197441527625342,0.0189073350689315,0.8458149742475112,0.8458149742475112,1,Y0959.png
0.9999999714285724,0.9999999714285724,0.9999999714285724,0.7499998125000469,0.6343699341101567,0.1962532903939789,0.0499984394978309,0.7885462520328359,0.7885462520328359,1,K0402.png
0.9999999777777784,0.9999999777777784,0.9999999777777784,0.6666666222222252,0.4544749316361391,0.135955496976942,0.055142517013204,0.9295154144074212,0.9295154144074212,1,J0318.png
0.25,0.25,0.25,0.6084337312744956,0.3245206640640767,0.227949829180605,0.0460739143209961,0.889867837489569,0.889867837489569,0,e0911.png
0.9999999767441866,0.9999999767441866,0.9999999767441866,1.71428568367347,0.2370088465073529,0.149791736895028,0.0572374131928917,0.8458149742475112,0.8458149742475112,1,H0558.png
0.9999999777777784,0.9999999791666672,0.9999999784722228,0.3636363471074387,0.5019992272960552,0.1562649469868741,0.0428634447592671,0.889867837489569,0.889867837489569,0,x0249.png
0.9999999772727278,0.99999997826087,0.9999999777667988,0.255999997952,0.3841289115829495,0.1323504623096219,0.0483651394755485,0.8854625511653632,0.8854625511653632,1,X0828.png
0.999999974358975,0.999999958333335,0.999999966346155,0.7890624938354492,0.4266543986843121,0.302803093030486,0.0949562382329376,0.9999999955947136,0.9999999955947136,0,c0095.png
0.25,0.25,0.25,0.5454545355371903,0.1884662396989821,0.0861309821030627,0.0652111462036164,0.2599118931281414,0.2599118931281414,1,E0306.png
0.9999999642857156,0.9999999830508478,0.9999999736682816,0.32142855994898,0.4453746395994793,0.1962729497584907,0.0263346853223168,0.9999999955947136,0.9999999955947136,0,b0279.png
0.9999999772727278,0.9999999800000005,0.999999978636364,0.2499999977678571,0.373953053429979,0.1762312577993218,0.0461964513271689,0.889867837489569,0.889867837489569,0,b0010.png
0.9999999615384628,0.9999999615384628,0.9999999615384628,0.6967213057645795,0.3887703243242204,0.2784511479721103,0.140647975685211,0.889867837489569,0.889867837489569,0,a0005.png
0.9999999833333336,0.9999999833333336,0.9999999833333336,4.476190263038559,0.5656899360015623,0.1960125061920535,0.0505036215467829,0.8281938289506879,0.8281938289506879,1,L0717.png
0.9999999767441866,0.9999999756097568,0.9999999761769716,1.0731707055324218,0.381203975831359,0.144154710777337,0.0319771187087537,0.8678414058685401,0.8678414058685401,1,W1164.png
0.9999999666666678,0.9999999666666678,0.9999999666666678,0.2916666605902779,0.6077841805464971,0.2024005544415569,0.0947139520498613,0.850220260571717,0.850220260571717,0,r0041.png
0.9999999736842112,0.999999972222223,0.9999999729532172,0.6754385905663282,0.3818553929070863,0.2599603525572346,0.1072339557160689,0.8722466921927459,0.8722466921927459,0,c0429.png
0.9999999714285724,0.9999999729729736,0.9999999722007732,0.6779660959494399,0.3763769213952401,0.2549607203191866,0.1037101114930865,0.8986784101379806,0.8986784101379806,0,c0433.png
0.9999999600000016,0.9999999629629645,0.999999961481483,0.1718749973144532,0.5932111504629013,0.2054403982565109,0.1011204164751833,0.8281938289506879,0.8281938289506879,0,r0532.png
0.25,0.25,0.25,0.5026177984156136,0.2669866793314788,0.1288222628145012,0.029892349095783,0.8986784101379806,0.8986784101379806,1,ZB0599.png
0.9999999777777784,0.9999999777777784,0.9999999777777784,0.4081632569762601,0.4078890495333303,0.1392819532870783,0.0537362936547675,0.8854625511653632,0.8854625511653632,1,X0504.png
0.999999956521741,0.999999974358975,0.999999965440358,0.2340425482118606,0.3977581003180799,0.1440236921454291,0.0449382599668927,0.907488982786392,0.907488982786392,1,X1021.png
0.9999999800000005,0.9999999800000005,0.9999999800000005,0.7647058759268414,0.3529932683132424,0.1896209526505075,0.0437749064109475,0.8017621110054532,0.8017621110054532,0,l0289.png
0.9999999696969708,0.9999999756097568,0.9999999726533636,0.1562499951171876,0.4855008354328554,0.1678162684163107,0.0652448135988425,0.9999999955947136,0.9999999955947136,0,v0841.png
0.9999999772727278,0.9999999736842112,0.9999999754784696,0.6111111043209877,0.3757028786531048,0.129520359740071,0.0171729125570763,0.8590308332201285,0.8590308332201285,1,W0401.png
0.9999999615384628,0.9999999600000016,0.9999999607692324,0.2340425482118606,0.5984856054578312,0.2156605615380838,0.0993737310160606,0.8237885426264822,0.8237885426264822,0,r0388.png
0.9999999629629645,0.9999999629629645,0.9999999629629645,0.5906432713997469,0.3109739337358314,0.2212389503619272,0.0423487893333411,0.889867837489569,0.889867837489569,0,e0840.png
0.9999999787234048,0.9999999787234048,0.9999999787234048,0.6100628892448875,0.321726020806454,0.2005190414323511,0.0689146017324246,0.850220260571717,0.850220260571717,0,y1265.png
0.9999999677419364,0.9999999600000016,0.999999963870969,0.3945945924616508,0.4428363342038611,0.2143133287693547,0.0519982478277719,0.8678414058685401,0.8678414058685401,0,s0318.png
0.9999999803921572,0.9999999803921572,0.9999999803921572,0.9789473581163436,0.3492654710167105,0.1907122454378093,0.0433287085199639,0.8193832563022764,0.8193832563022764,0,l0179.png
0.999999956521741,0.9999999750000008,0.9999999657608708,0.6470587854671302,0.5627476747611101,0.1841911493322816,0.0433662294817344,0.8678414058685401,0.8678414058685401,0,d0226.png
0.9999999696969708,0.9999999729729736,0.9999999713349722,2.021276552738797,0.2428809950573027,0.155850553828077,0.0563988919651967,0.8370044015990996,0.8370044015990996,1,H0141.png
0.9999999696969708,0.9999999696969708,0.9999999696969708,3.1176468754325364,0.5978364267432028,0.2403938388938176,0.0822927506046279,0.8193832563022764,0.8193832563022764,0,n0304.png
0.25,0.25,0.25,0.4315789428254848,0.3393302110117044,0.1472047146334005,0.0513875912211462,0.8766519785169516,0.8766519785169516,1,S0147.png
0.9999999777777784,0.9999999756097568,0.9999999766937676,2.8124998242187607,0.3993393773279921,0.1628027548822464,0.0715400624328957,0.8193832563022764,0.8193832563022764,0,zc1353.png
0.9999999846153848,0.9999999846153848,0.9999999846153848,0.6620689609512486,0.2580150462962963,0.1305179040716766,0.0236545138882472,0.8458149742475112,0.8458149742475112,1,Y0485.png
0.9999999729729736,0.9999999756097568,0.9999999742913652,0.5535714186862247,0.4152830604849682,0.2206492090477983,0.0704747991213886,0.8149779699780706,0.8149779699780706,1,ZC0468.png
0.25,0.25,0.25,0.828571416734694,0.5408354338669168,0.2323055601639932,0.1061351748278457,0.8678414058685401,0.8678414058685401,1,T0591.png
0.9999999772727278,0.99999997826087,0.9999999777667988,0.1494252856387898,0.4159473023598224,0.1608065355356831,0.0371287128703772,0.889867837489569,0.889867837489569,1,I0101.png
0.9999999756097568,0.9999999756097568,0.9999999756097568,0.3964757691785208,0.3457795515108758,0.1757242550095975,0.0592287837905018,0.9999999955947136,0.9999999955947136,1,ZB0630.png
0.9999999729729736,0.9999999729729736,0.9999999729729736,0.1379310321046374,0.5589077818627451,0.1856886644289881,0.0513237847208299,0.8458149742475112,0.8458149742475112,0,d0690.png
0.9999999687500012,0.9999999687500012,0.9999999687500012,0.8999999100000091,0.6271901757172761,0.1602469206531571,0.0577958720900359,0.8678414058685401,0.8678414058685401,1,V0372.png
0.25,0.25,0.25,0.8717948643436336,0.3130580174995087,0.2099876655604775,0.0598170302589284,0.8942731238137748,0.8942731238137748,1,E0324.png
0.9999999729729736,0.9767441633315312,0.9883720681522524,1.6610169209997132,0.4755057124890773,0.2525076625640046,0.1021449396058375,0.8634361195443343,0.8634361195443343,0,za0726.png
0.9999999846153848,0.9999999846153848,0.9999999846153848,0.8061224407538526,0.2935725933442978,0.1390528980196287,0.0551100535382484,0.9030836964621864,0.9030836964621864,1,A1419.png
0.9999999545454564,0.999999972222223,0.9999999633838398,0.7234042476233591,0.5137246735428865,0.2466781059065974,0.1149781341077942,0.8634361195443343,0.8634361195443343,1,T0837.png
0.9999999833333336,0.9999999833333336,0.9999999833333336,0.4418604548404545,0.4090836069148606,0.1339613365500688,0.0501479440860588,0.8722466921927459,0.8722466921927459,1,X0515.png
0.25,0.25,0.25,0.2133333304888889,0.4625665448303594,0.2027013202753021,0.0659116416675361,0.8722466921927459,0.8722466921927459,1,N0721.png
0.25,0.25,0.25,0.2499999951923077,0.4116513668487609,0.131646106615845,0.0452085709421435,0.8942731238137748,0.8942731238137748,1,X1715.png
0.9999999687500012,0.9999999736842112,0.9999999712171062,0.3798882660341438,0.4641640128957352,0.2483579047745583,0.0886650003842236,0.8678414058685401,0.8678414058685401,0,zb0215.png
0.9999999772727278,0.9999999787234048,0.9999999779980664,0.2413793061831154,0.403070294117647,0.134990922185819,0.0498249999987543,0.8810572648411574,0.8810572648411574,1,X1645.png
0.25,0.25,0.25,0.523809515495087,0.412021269413115,0.2177086947491056,0.0625122476956828,0.8325991152748937,0.8325991152748937,1,ZC0976.png
0.9999999705882362,0.9999999772727278,0.999999973930482,0.7999999936000001,0.3185844117647058,0.2087739568168719,0.0571499999985712,0.8810572648411574,0.8810572648411574,1,E0402.png
0.9999999756097568,0.9999999767441866,0.9999999761769716,1.1190475924036287,0.3849989062262332,0.1446579816921867,0.0353608727821232,0.8414096879233054,0.8414096879233054,1,W0802.png
0.9999999843750004,0.9999999843750004,0.9999999843750004,0.757894728864266,0.3012109956943538,0.1509713653951199,0.0522458686196644,0.8942731238137748,0.8942731238137748,1,A1116.png
0.9999999736842112,0.9999999729729736,0.9999999733285924,0.456410254069691,0.4344945404854907,0.2343196886154924,0.0818145956585979,0.8590308332201285,0.8590308332201285,0,zb0693.png
0.25,0.25,0.25,0.4201183407093589,0.3441009754948849,0.1531685957023895,0.0556913593353254,0.8546255468959227,0.8546255468959227,1,ZB1518.png
0.999999958333335,0.9999999814814818,0.9999999699074084,0.3571428443877555,0.4242057133025642,0.1795127115000978,0.0281603917960371,0.8722466921927459,0.8722466921927459,0,b0271.png
0.9999999687500012,0.9999999642857156,0.9999999665178584,0.2799999944000001,0.5000963381317974,0.1596663122393721,0.0707903269703524,0.8854625511653632,0.8854625511653632,0,v0399.png
0.99999997826087,0.99999997826087,0.99999997826087,0.8879310268281808,0.3294313608846275,0.2179760383541078,0.0627959547873219,0.9030836964621864,0.9030836964621864,1,E0294.png
0.999999972222223,0.999999972222223,0.999999972222223,0.1857142830612245,0.5596824724349574,0.2375913002826703,0.0779501385019958,0.8370044015990996,0.8370044015990996,0,n0699.png
0.9999999772727278,0.9999999772727278,0.9999999772727278,0.8103448206004757,0.309959479491208,0.1974980501953971,0.0771276595722858,0.8281938289506879,0.8281938289506879,0,y0287.png
0.9999999729729736,0.999999956521741,0.9999999647473574,0.093023253650622,0.4852300397283096,0.1280348280095097,0.0500048058427046,0.8986784101379806,0.8986784101379806,0,j0330.png
0.9999999545454564,0.9999999600000016,0.9999999572727292,0.3714285608163268,0.6125119304283165,0.2149289633305624,0.0954445600619885,0.8193832563022764,0.8193832563022764,0,r0267.png
0.9999999787234048,0.9999999795918372,0.999999979157621,0.5593220244182708,0.5056938655666796,0.1720795713058528,0.0559240321386143,0.8149779699780706,0.8149779699780706,0,x0564.png
0.999999958333335,0.999999958333335,0.999999958333335,0.5833332847222263,0.6118161522964064,0.1650242515554525,0.0773724025638426,0.7797356793844243,0.7797356793844243,0,w0025.png
0.25,0.25,0.25,1.773584872196512,0.4736949555739,0.2381355577631268,0.1037234042523844,0.8281938289506879,0.8281938289506879,0,za0977.png
0.25,0.25,0.25,0.2054794492400075,0.5989936184373946,0.2330250883991796,0.0895936400786527,0.8237885426264822,0.8237885426264822,0,n0033.png
0.9999999750000008,0.9999999750000008,0.9999999750000008,0.5930232523661438,0.3432991746044434,0.2353822220094432,0.0378315416526042,0.8942731238137748,0.8942731238137748,0,e0497.png
0.9999999736842112,0.9999999787234048,0.999999976203808,0.4305555495756173,0.3678170355635545,0.155367898150793,0.0427314523082748,0.911894269110598,0.911894269110598,0,m0092.png
0.25,0.25,0.25,0.5697674385478637,0.301345946541882,0.1723515952405669,0.0316274468963029,0.8634361195443343,0.8634361195443343,1,O0793.png
0.9999999629629645,0.99999997826087,0.9999999706119173,0.0851063811679493,0.4824001658354303,0.13419133496532,0.0520898970792296,0.911894269110598,0.911894269110598,0,j0282.png
0.25,0.25,0.25,0.1609195383802352,0.4054296078431372,0.1552991394166017,0.0264749999993381,0.8810572648411574,0.8810572648411574,1,I0197.png
0.999999956521741,0.999999956521741,0.999999956521741,0.4133333278222223,0.4773601973806365,0.1697247494843723,0.0869927527060682,0.8766519785169516,0.8766519785169516,1,R0039.png
0.9999999523809546,0.9999999736842112,0.999999963032583,0.5614034989227457,0.4159519901459488,0.2224327458624476,0.065098612123737,0.8149779699780706,0.8149779699780706,1,ZC0506.png
0.9999999777777784,0.9999999821428576,0.999999979960318,0.6060606023875115,0.3393589215686274,0.2375491455552052,0.0428749999989281,0.8810572648411574,0.8810572648411574,0,e0052.png
0.25,0.25,0.25,0.3571428316326549,0.5401472828721398,0.1601381180049072,0.047852326960232,0.8766519785169516,0.8766519785169516,0,x0436.png
0.25,0.25,0.25,0.6712328721148434,0.2586486186848177,0.1321763125926399,0.023168967783743,0.8590308332201285,0.8590308332201285,1,Y0226.png
0.999999972222223,0.9999999705882362,0.9999999714052296,0.4871794846811308,0.4233930392156863,0.2302465060074381,0.0750499999981237,0.8810572648411574,0.8810572648411574,0,zb0827.png
0.9999999864864868,0.9999999864864868,0.9999999864864868,1.044776103809312,0.4142164790589353,0.1990216315430868,0.0794934349365562,0.8414096879233054,0.8414096879233054,1,P0482.png
0.9999999696969708,0.9999999714285724,0.9999999705627716,1.249999687500078,0.4756894644888479,0.1273079303143071,0.0366184327086198,0.850220260571717,0.850220260571717,0,k0398.png
0.9999999687500012,0.9999999761904768,0.999999972470239,0.4367088579955135,0.4548671588945919,0.2139303242149045,0.1016048464209372,0.8546255468959227,0.8546255468959227,0,u0139.png
0.9999999767441866,0.9999999795918372,0.999999978168012,0.5747126403752147,0.2957569401842199,0.2166758276262481,0.0414383475154304,0.8766519785169516,0.8766519785169516,0,e0234.png
0.25,0.25,0.25,0.499999950000005,0.4279538976084261,0.1354960084498809,0.0786092214465585,0.2775330384249646,0.2775330384249646,0,i0164.png
0.9999999756097568,0.9999999777777784,0.9999999766937676,2.799999813333346,0.4001838235294118,0.1626412813518678,0.0713315217370235,0.8105726836538648,0.8105726836538648,0,zc1094.png
0.9999999803921572,0.9999999814814818,0.9999999809368196,0.4605263127596953,0.3955806024832078,0.2063096810309855,0.0955401768527599,0.8986784101379806,0.8986784101379806,1,Q0273.png
0.9999999677419364,0.9999999677419364,0.9999999677419364,0.6352201217910685,0.3435245972847692,0.2302571842870669,0.0414098660913984,0.8854625511653632,0.8854625511653632,0,e0599.png
0.9999999767441866,0.9999999761904768,0.9999999764673316,0.5614034989227457,0.4138264946810482,0.220931157007082,0.0634747164442499,0.8105726836538648,0.8105726836538648,1,ZC0074.png
0.9999999814814818,0.9999999800000005,0.9999999807407411,1.7142856530612267,0.5736517299440552,0.2005268515457834,0.055263157893206,0.8370044015990996,0.8370044015990996,1,L0868.png
0.25,0.25,0.25,0.590909087551653,0.3464750841164868,0.1877092023283882,0.0286381286975629,0.9162995554348036,0.9162995554348036,1,O1230.png
0.9999999756097568,0.9999999767441866,0.9999999761769716,0.9082568724013133,0.3493140614745215,0.1362640791337794,0.0252261073455841,0.8678414058685401,0.8678414058685401,1,W0520.png
0.25,0.25,0.25,0.4545454407713503,0.3961073606682196,0.1230356723309838,0.028210303728657,0.8986784101379806,0.8986784101379806,1,I0072.png
0.9999999600000016,0.99999997826087,0.9999999691304358,0.4276729532850757,0.454870519636426,0.1993592394103129,0.0908215326923463,0.8634361195443343,0.8634361195443343,0,u0012.png
0.9999999767441866,0.999999972222223,0.9999999744832048,0.5730337046458781,0.3428320198471778,0.2158088576075849,0.0510082748901694,0.8942731238137748,0.8942731238137748,0,o0656.png
0.9999999705882362,0.9999999677419364,0.9999999691650864,0.3249999959375,0.3634488929382163,0.1415831678395879,0.0331094990679073,0.889867837489569,0.889867837489569,0,m0326.png
0.9999999750000008,0.9999999750000008,0.9999999750000008,0.5952380916950114,0.3165345098039215,0.2222825895659499,0.0429749999989256,0.8810572648411574,0.8810572648411574,0,e0413.png
0.9999999687500012,0.9999999615384628,0.999999965144232,2.20454540444215,0.2398740010917519,0.1518988532186217,0.0531020966991569,0.850220260571717,0.850220260571717,1,H0629.png
0.25,0.25,0.25,0.5283018768244929,0.1769165451304488,0.0737306921302597,0.0499173553553992,0.2422907478313183,0.2422907478313183,1,E0390.png
0.999999982758621,0.999999982758621,0.999999982758621,4.318181621900835,0.5421589267285861,0.1974104603130368,0.0509418282534365,0.8370044015990996,0.8370044015990996,1,L0684.png
0.9999999523809546,0.9999999687500012,0.999999960565478,0.7499999943181819,0.325901018503514,0.238279812280835,0.1178451178421119,0.8722466921927459,0.8722466921927459,1,C0300.png
0.9999999756097568,0.9999999756097568,0.9999999756097568,1.4545454325068874,0.4430056636369825,0.2339855155947681,0.1024034288166665,0.8458149742475112,0.8458149742475112,0,za0236.png
0.25,0.25,0.25,0.599999940000006,0.4371289011472357,0.1526426104420887,0.0568392646218857,0.3392070469638456,0.3392070469638456,0,i0288.png
0.999999985294118,0.999999985294118,0.999999985294118,1.0454545296143254,0.4186181073949083,0.2014413444056525,0.0840827941667136,0.850220260571717,0.850220260571717,1,P0353.png
0.9999999714285724,0.9999999750000008,0.9999999732142866,0.4327485354810027,0.4477133710627107,0.2344353758991829,0.0844960433130858,0.8634361195443343,0.8634361195443343,0,zb0512.png
0.9999999756097568,0.99999997826087,0.9999999769353134,2.933333137777791,0.4006922050483709,0.1634849418488254,0.0757029773134539,0.8105726836538648,0.8105726836538648,0,zc1331.png
0.25,0.25,0.25,0.9999999912280704,0.3537576213508555,0.2428900686157356,0.0550563760202011,0.9999999955947136,0.9999999955947136,1,E0854.png
0.9999999772727278,0.9999999772727278,0.9999999772727278,1.2527472389807996,0.5658279613345465,0.3725405880973096,0.1447146267122452,0.9999999955947136,0.9999999955947136,1,ZA0696.png
0.25,0.25,0.25,0.2567567532870709,0.4607358323608108,0.2012332826348443,0.0658004241706945,0.850220260571717,0.850220260571717,1,N1019.png
0.25,0.25,0.25,0.2499999951923077,0.4124366759391184,0.1319759753084002,0.0394319492493408,0.8986784101379806,0.8986784101379806,1,X1602.png
0.25,0.25,0.25,0.6323529318771628,0.5381928287303481,0.2199162179545433,0.0962147955346384,0.8678414058685401,0.8678414058685401,1,T0375.png
0.9999999777777784,0.9999999756097568,0.9999999766937676,2.799999813333346,0.4014226624076571,0.1680655790732006,0.0724336863931982,0.7973568246812475,0.7973568246812475,0,zc0057.png
0.9999999750000008,0.9999999756097568,0.9999999753048788,0.6969696864095503,0.4723004122989566,0.2313239972741803,0.0476503118596083,0.8766519785169516,0.8766519785169516,1,F0305.png
0.9999999729729736,0.9999999767441866,0.9999999748585802,0.5508021360919672,0.3204184250737773,0.2013712235240654,0.0530160618666742,0.9030836964621864,0.9030836964621864,0,o0367.png
0.9999999777777784,0.9799999804000004,0.9899999790888894,0.2499999951923077,0.4113725589223088,0.1363595773015228,0.0463877174807103,0.8766519785169516,0.8766519785169516,1,X1299.png
0.9999999705882362,0.999999974358975,0.9999999724736056,0.434782602394455,0.4141112768078954,0.2202109197811935,0.0667383319876156,0.806167397329659,0.806167397329659,1,ZC0494.png
0.9999999545454564,0.9999999705882362,0.9999999625668464,0.2117647033910035,0.3718031279356602,0.124813609846496,0.0248646706043245,0.9295154144074212,0.9295154144074212,1,I1233.png
0.9999999761904768,0.9999999767441866,0.9999999764673316,1.2727272534435266,0.5943554604236078,0.3656948507614607,0.1584303426641137,0.8766519785169516,0.8766519785169516,1,ZA0507.png
0.9999999696969708,0.9999999615384628,0.9999999656177168,0.2499999875000006,0.4983830819656833,0.1649293625502426,0.0736228435437567,0.9030836964621864,0.9030836964621864,0,v0742.png
0.25,0.25,0.25,0.6845637537948741,0.2315813676489434,0.0898864899747951,0.0258794694342108,0.8986784101379806,0.8986784101379806,1,M0533.png
0.9999999756097568,0.9999999750000008,0.9999999753048788,0.9777777669135804,0.361808090583172,0.1370942580145644,0.0329810495618236,0.8634361195443343,0.8634361195443343,1,W0494.png
0.25,0.25,0.25,2.5789473005540184,0.4445751118330304,0.2114438084706312,0.0675871137391824,0.8590308332201285,0.8590308332201285,1,N0586.png
0.999999974358975,0.9999999767441866,0.9999999755515808,0.9999996666667778,0.4782090569113178,0.1216222702545889,0.0393676927340378,0.8766519785169516,0.8766519785169516,0,k0497.png
0.25,0.25,0.25,0.246575339088009,0.460777984663253,0.2023155581733263,0.0654414827138317,0.8634361195443343,0.8634361195443343,1,N0465.png
0.999999958333335,0.9999999696969708,0.9999999640151528,0.4685714258938775,0.4583139775653144,0.2412690195275071,0.0842260993754661,0.8722466921927459,0.8722466921927459,0,zb0206.png
0.9999999821428576,0.9999999821428576,0.9999999821428576,3.799999848000006,0.5357551525411262,0.199648422732547,0.0530220318565263,0.8325991152748937,0.8325991152748937,1,L0780.png
0.9999999642857156,0.9999999795918372,0.9999999719387764,0.4148936148143957,0.3494772116568654,0.157573887166149,0.0640892906728595,0.8766519785169516,0.8766519785169516,1,ZB0218.png
0.99999997826087,0.99999997826087,0.99999997826087,0.6202531606313091,0.3186238781226777,0.206703853223295,0.0735630987069563,0.8634361195443343,0.8634361195443343,0,y0584.png
0.9999999761904768,0.9999999772727278,0.9999999767316023,2.62499983593751,0.3992619320249602,0.1637181591352203,0.0714406971460094,0.8281938289506879,0.8281938289506879,0,zc1619.png
0.25,0.25,0.25,0.2727272479338866,0.4479543817527011,0.1404083351054829,0.0667346938639316,0.3083700426944051,0.3083700426944051,0,i0248.png
0.9999999615384628,0.9999999629629645,0.9999999622507136,0.3999999885714289,0.6097539514420727,0.2147441456124984,0.0983656509668042,0.8370044015990996,0.8370044015990996,0,r0266.png
0.9999999772727278,0.9999999767441866,0.9999999770084572,0.4285714230055659,0.4180424349182383,0.2246311284893879,0.0721470690232354,0.8193832563022764,0.8193832563022764,1,ZC0054.png
0.25,0.25,0.25,1.037974670405384,0.4607739654029334,0.2127063798942947,0.0900482311030012,0.8766519785169516,0.8766519785169516,1,P0111.png
0.9999999795918372,0.9999999795918372,0.9999999795918372,0.3964757691785208,0.3457341173578632,0.1731870594124678,0.0570552504403917,0.9999999955947136,0.9999999955947136,1,ZB0640.png
0.9999999736842112,0.99999997826087,0.9999999759725406,0.7499998125000469,0.4781448017636561,0.1541790712428602,0.0244140392617629,0.9030836964621864,0.9030836964621864,0,i0493.png
0.9999999836065576,0.9999999836065576,0.9999999836065576,0.453333327288889,0.4151032096858662,0.2180055853985903,0.0591896785859215,0.8281938289506879,0.8281938289506879,1,ZC0345.png
0.999999958333335,0.999999958333335,0.999999958333335,0.2727272665289257,0.6101587672573392,0.2032476716810337,0.0998684528416905,0.850220260571717,0.850220260571717,0,r0501.png
0.9999999830508478,0.999999981132076,0.9999999820914618,0.5734265694165974,0.3951788904719904,0.2044157328708287,0.0854238754304732,0.8986784101379806,0.8986784101379806,1,Q0600.png
0.999999958333335,0.9999999777777784,0.9999999680555568,0.1772151876301875,0.4276588566991579,0.1337802554101227,0.0575019223361807,0.8986784101379806,0.8986784101379806,1,J0238.png
0.9999999795918372,0.9999999795918372,0.9999999795918372,0.4693877455226991,0.4711294721970421,0.1593827014103782,0.0458923365252527,0.8634361195443343,0.8634361195443343,0,x1221.png
0.25,0.25,0.25,0.2105263130193906,0.4734499178323383,0.1985243538890041,0.0627004368560718,0.8766519785169516,0.8766519785169516,1,N1116.png
0.25,0.25,0.25,0.2399999952000001,0.4154179424931427,0.1365855826180562,0.0485736692469225,0.889867837489569,0.889867837489569,1,X1746.png
0.9999999848484852,0.9999999848484852,0.9999999848484852,0.4455445522497794,0.4214559895127544,0.2257355998217128,0.087344378000016,0.889867837489569,0.889867837489569,1,P0844.png
0.9999999615384628,0.9999999756097568,0.99999996857411,0.5531914864191942,0.3276999760703097,0.2012632457870652,0.0499953772177793,0.9162995554348036,0.9162995554348036,0,o0391.png
0.9999999729729736,0.9999999729729736,0.9999999729729736,0.6796874946899415,0.3723912695807345,0.278394714743825,0.1209565414984228,0.8766519785169516,0.8766519785169516,0,a1035.png
0.9866666535111112,0.9866666535111112,0.9866666535111112,0.8229166580946181,0.3106465917412941,0.1497241801721224,0.0547495343580347,0.889867837489569,0.889867837489569,1,A0239.png
0.25,0.25,0.25,0.3756097542653183,0.269591349686811,0.1279050313111399,0.0342415229022191,0.9030836964621864,0.9030836964621864,1,ZB0580.png
0.9999999666666678,0.9999999666666678,0.9999999666666678,0.6811594153539173,0.2645783958671744,0.1228084519895301,0.0276708918054642,0.8281938289506879,0.8281938289506879,1,Y0095.png
0.9999999777777784,0.9999999777777784,0.9999999777777784,0.8780487697798931,0.5003898020043388,0.2464746572308051,0.1186098416378305,0.8546255468959227,0.8546255468959227,1,T0705.png
0.25,0.25,0.25,0.7551020331112037,0.3151504209515295,0.170888638883222,0.0666072621948316,0.8854625511653632,0.8854625511653632,1,A0700.png
0.999999958333335,0.999999958333335,0.999999958333335,0.127659571751924,0.5752503335844374,0.1847333763699041,0.048287768299923,0.8678414058685401,0.8678414058685401,0,d0361.png
0.9999999787234048,0.9999999787234048,0.9999999787234048,0.749999993951613,0.3514935422660219,0.1916171038052926,0.0427217019296241,0.8193832563022764,0.8193832563022764,0,l0358.png
0.25,0.25,0.25,0.611842101237881,0.3208682177923777,0.1993555012317378,0.080616256212261,0.8193832563022764,0.8193832563022764,0,y0018.png
0.9999999714285724,0.9999999642857156,0.9999999678571438,0.599999880000024,0.6734915377588986,0.1909139263965214,0.0682678954655893,0.7841409657086301,0.7841409657086301,1,K0536.png
0.25,0.25,0.25,1.3275861840071348,0.6499117986294864,0.3535208066776938,0.1497500961132797,0.8986784101379806,0.8986784101379806,1,ZA0246.png
0.9999999677419364,0.999999974358975,0.9999999710504556,0.4117646816609011,0.4736078941270079,0.1766145374605943,0.0601991111789439,0.9999999955947136,0.9999999955947136,0,v0673.png
0.25,0.25,0.25,0.7185185131961592,0.2591697947938068,0.1323837846159421,0.0286987570128406,0.850220260571717,0.850220260571717,1,Y0190.png
0.9999999772727278,0.9999999696969708,0.9999999734848491,0.095238090702948,0.5250140089349243,0.128788588013986,0.0523259964294509,0.9030836964621864,0.9030836964621864,0,j0138.png
0.25,0.25,0.25,0.5555555246913597,0.4279262322212835,0.1632633020868887,0.0770975056495093,0.2775330384249646,0.2775330384249646,0,i1005.png
0.9999999705882362,0.9999999795918372,0.9999999750900368,0.591715972830083,0.31186368337896,0.2233224624598927,0.0414130956278525,0.8766519785169516,0.8766519785169516,0,e0329.png
0.9999999705882362,0.9999999729729736,0.999999971780605,0.4791666641710069,0.423421098661992,0.2303355075356425,0.0711449857839637,0.889867837489569,0.889867837489569,0,zb0815.png
0.9999999795918372,0.9999999795918372,0.9999999795918372,0.4905660284798863,0.4722516313891034,0.1594139902882937,0.0453660809724139,0.8414096879233054,0.8414096879233054,0,x0919.png
0.9999999736842112,0.9999999696969708,0.999999971690591,1.065934054220505,0.360792753704734,0.1350465295310608,0.0298915931546951,0.8546255468959227,0.8546255468959227,1,W0315.png
0.9999999814814818,0.9999999772727278,0.9999999793771048,0.6168224241418465,0.3887630676527448,0.1975972507787756,0.0809046567477758,0.8942731238137748,0.8942731238137748,1,Q0354.png
0.9999999777777784,0.9999999800000005,0.9999999788888894,0.5813953454570038,0.3112805133164096,0.1813579486232465,0.02696901593326,0.8766519785169516,0.8766519785169516,1,O1164.png
0.9999999750000008,0.9999999750000008,0.9999999750000008,0.5025125602888816,0.3434327019866303,0.1891513338538493,0.0406807908880916,0.8766519785169516,0.8766519785169516,1,U0060.png
0.9999999705882362,0.9999999761904768,0.9999999733893564,0.2258064491848768,0.3391110722107953,0.1340078921337539,0.0526889148673427,0.8546255468959227,0.8546255468959227,1,S0181.png
0.25,0.25,0.25,0.3593749981282552,0.449650011914488,0.197265304464089,0.0510525173597262,0.8458149742475112,0.8458149742475112,1,G0034.png
0.9999999756097568,0.9999999756097568,0.9999999756097568,0.6368715048219469,0.3812560907069653,0.2529434447574627,0.0418017038940829,0.9999999955947136,0.9999999955947136,0,o0284.png
0.999999956521741,0.9999999750000008,0.9999999657608708,0.9756097441998812,0.5062151827221634,0.2516298172536235,0.1147445771542449,0.8766519785169516,0.8766519785169516,1,T0908.png
0.25,0.25,0.25,0.8020833249782987,0.2940952247833119,0.1367838535856538,0.0538353011050757,0.8854625511653632,0.8854625511653632,1,A1303.png
0.25,0.25,0.25,0.8448275789239001,0.3117001902801937,0.205316731574619,0.0556799250297875,0.8634361195443343,0.8634361195443343,1,E0435.png
0.9999999767441866,0.99999997826087,0.9999999775025284,0.2549019557862362,0.4053440201610805,0.1322060038378588,0.050117240844904,0.8678414058685401,0.8678414058685401,1,X1239.png
0.9999999696969708,0.9999999655172426,0.9999999676071066,0.3731343265018192,0.4292369000767307,0.2270763647549848,0.0784386525066597,0.8854625511653632,0.8854625511653632,0,zb0115.png
0.9999999787234048,0.9999999787234048,0.9999999787234048,0.6666666620370371,0.2478811359613289,0.1258038278719391,0.0307888454852759,0.8458149742475112,0.8458149742475112,1,Y0556.png
0.9999999705882362,0.99999997826087,0.9999999744245532,0.4905660346505281,0.4316553053513072,0.2353544893629835,0.0965169270807151,0.8458149742475112,0.8458149742475112,0,u0420.png
0.9999999791666672,0.9999999791666672,0.9999999791666672,0.4918032746573502,0.3405813217082314,0.1570007929550278,0.0499162804229678,0.8942731238137748,0.8942731238137748,1,S0322.png
0.25,0.25,0.25,1.4285713994169102,0.4683684540761312,0.2223864249673204,0.105636420826857,0.8237885426264822,0.8237885426264822,0,za0225.png
0.9999999791666672,0.9999999791666672,0.9999999791666672,1.562499975585938,0.2337468206140566,0.1520592956631057,0.039266685183726,0.8766519785169516,0.8766519785169516,1,H0463.png
0.25,0.25,0.25,0.6211180085644844,0.323726862745098,0.2220052461834794,0.0352249999991193,0.8810572648411574,0.8810572648411574,0,e0827.png
0.9999999767441866,0.9999999814814818,0.9999999791128342,0.6149068284788396,0.3363919527459519,0.2278476072035101,0.0453245381214325,0.8678414058685401,0.8678414058685401,0,e0480.png
0.9999999795918372,0.9999999821428576,0.9999999808673472,0.5217391190926278,0.4764504915539623,0.1596946587716876,0.0498337950124699,0.8370044015990996,0.8370044015990996,0,x1105.png
0.9999999629629645,0.9999999629629645,0.9999999629629645,0.7256637103923566,0.3990964884436955,0.2806090072623832,0.1451045665616498,0.850220260571717,0.850220260571717,0,a0081.png
0.25,0.25,0.25,0.3124999804687512,0.4251297577854671,0.1594986498957319,0.080449826972221,0.2995594700459935,0.2995594700459935,0,i0899.png
0.9999999677419364,0.9999999677419364,0.9999999677419364,0.8909090828099174,0.3790449853410752,0.2887524531902712,0.1287484381474191,0.8634361195443343,0.8634361195443343,0,a0419.png
0.25,0.25,0.25,2.20454540444215,0.4491961094889243,0.2068212938518464,0.0686192917912261,0.850220260571717,0.850220260571717,1,N0445.png
0.9999999736842112,0.9999999736842112,0.9999999736842112,0.5919540195864712,0.3399344461163406,0.1942920682452553,0.0391195716825908,0.9030836964621864,0.9030836964621864,1,O0382.png
0.25,0.25,0.25,0.6736111064332562,0.2414124553416093,0.1212874298361796,0.0233294853546852,0.850220260571717,0.850220260571717,1,Y1092.png
0.9999999615384628,0.9999999687500012,0.999999965144232,0.2297297266252739,0.4633037706799218,0.2032927669182468,0.065165179882728,0.889867837489569,0.889867837489569,1,N0368.png
0.9999999736842112,0.9999999767441866,0.999999975214199,2.9999998000000136,0.4044494563330423,0.1652543908589757,0.0770103616089757,0.806167397329659,0.806167397329659,0,zc0820.png
0.9999999545454564,0.99999997826087,0.9999999664031634,0.5272727176859506,0.4124876825226193,0.2188605217716471,0.0715757412860468,0.806167397329659,0.806167397329659,1,ZC1305.png
0.9999999677419364,0.9999999677419364,0.9999999677419364,0.6666666616161616,0.3772357230660565,0.2832750335744695,0.1309232394513921,0.8678414058685401,0.8678414058685401,0,a1191.png
0.9999999642857156,0.9999999642857156,0.9999999642857156,2.299999770000023,0.6065908020012739,0.1893740911979864,0.0747192368048931,0.8017621110054532,0.8017621110054532,0,w0655.png
0.999999956521741,0.9999999736842112,0.9999999651029762,0.2486486473046019,0.4756046348415187,0.2061769705165013,0.0597808619412774,0.8149779699780706,0.8149779699780706,0,s0106.png
0.9999999777777784,0.9999999761904768,0.9999999769841276,0.7594936612722322,0.3815139373228483,0.1492258334385734,0.0344584920761372,0.8942731238137748,0.8942731238137748,1,W1058.png
0.9999999642857156,0.9999999642857156,0.9999999642857156,0.5976331325583838,0.3212879936799737,0.2270390661971693,0.0387462013518589,0.889867837489569,0.889867837489569,0,e0842.png
0.9999999687500012,0.9999999687500012,0.9999999687500012,0.6842105211713495,0.4016521923533213,0.3022638084836911,0.1226660544811073,0.8722466921927459,0.8722466921927459,0,a0322.png
0.25,0.25,0.25,0.6780821871364234,0.2420309823019625,0.1226123215200235,0.0160014429638485,0.8678414058685401,0.8678414058685401,1,Y0912.png
0.9999999800000005,0.9999999800000005,0.9999999800000005,0.2407407362825789,0.4066091175221191,0.1311772060633347,0.0448485442592675,0.889867837489569,0.889867837489569,1,X1231.png
0.25,0.25,0.25,0.4062499978841146,0.4482973983864379,0.1919599249693564,0.0526529947902383,0.8458149742475112,0.8458149742475112,1,G0257.png
0.9999999791666672,0.9999999800000005,0.999999979583334,0.6285714225850341,0.3900064597508021,0.1984482350895499,0.0838593104110329,0.8854625511653632,0.8854625511653632,1,Q0440.png
0.9999999629629645,0.9999999629629645,0.9999999629629645,0.5838150255270808,0.2950042383388018,0.2155064868524725,0.040976374864205,0.889867837489569,0.889867837489569,0,e0436.png
0.25,0.25,0.25,0.6399999957333333,0.3943693406181917,0.2018183408139484,0.0672200520815098,0.8458149742475112,0.8458149742475112,0,q0451.png
0.25,0.25,0.25,0.2567567532870709,0.458953479350924,0.2016787099826853,0.0692680133259769,0.8634361195443343,0.8634361195443343,1,N1000.png
0.9999999772727278,0.9999999772727278,0.9999999772727278,0.6357142811734694,0.3223268501946922,0.2388629109497493,0.04106173462817,0.7841409657086301,0.7841409657086301,0,e0483.png
0.9999999736842112,0.9999999600000016,0.9999999668421063,2.749999862500007,0.5971898828976034,0.1711764318217761,0.0665418836787505,0.8458149742475112,0.8458149742475112,0,w0836.png
0.9999999696969708,0.9999999772727278,0.9999999734848491,0.7214285662755102,0.302981733816946,0.2352982032881998,0.0916821880185353,0.889867837489569,0.889867837489569,1,C0067.png
0.999999974358975,0.999999974358975,0.999999974358975,0.5635359084887519,0.3201212946534142,0.1673104304168645,0.0390448688383837,0.8942731238137748,0.8942731238137748,1,O0242.png
0.9999999696969708,0.9999999696969708,0.9999999696969708,0.6428570969387788,0.5570068905477142,0.1831899092775209,0.0500825844727168,0.8325991152748937,0.8325991152748937,0,d0247.png
0.9999999761904768,0.999999974358975,0.999999975274726,0.3387978123562961,0.3976351960784313,0.1612782101416781,0.0612749999984681,0.8810572648411574,0.8810572648411574,1,ZB0996.png
0.25,0.25,0.25,0.5999999600000027,0.4028250895028681,0.1407885865773041,0.0555451304080418,0.3215859016670224,0.3215859016670224,0,i0772.png
0.9999999615384628,0.9999999615384628,0.9999999615384628,0.5294117335640156,0.472099171284315,0.1736397052278699,0.066158012945364,0.766519820411807,0.766519820411807,0,w0049.png
0.9999999666666678,0.99999997826087,0.9999999724637688,0.4480519451425198,0.4564872645613858,0.2097292191290732,0.0864989664128836,0.850220260571717,0.850220260571717,0,u0022.png
0.9999999729729736,0.999999974358975,0.9999999736659744,1.6226414788180854,0.4669375916571615,0.235308461623356,0.1093351800523729,0.8370044015990996,0.8370044015990996,0,za0451.png
0.999999956521741,0.9999999772727278,0.9999999668972344,1.4705882136678203,0.6003465634857021,0.3663821811911144,0.1530242133086701,0.889867837489569,0.889867837489569,1,ZA0397.png
0.9999999714285724,0.9999999729729736,0.9999999722007732,0.2499999951923077,0.4743126700891814,0.1598304868807943,0.0740820838121375,0.8986784101379806,0.8986784101379806,0,v0905.png
0.9999999777777784,0.999999981132076,0.9999999794549272,0.3975903566555379,0.4168432656599486,0.2286111257658393,0.0672309760053981,0.8237885426264822,0.8237885426264822,1,ZC0931.png
0.9999999761904768,0.9999999761904768,0.9999999761904768,0.7716535372310745,0.3154873857498292,0.2039765128111951,0.0695069033512292,0.8590308332201285,0.8590308332201285,1,E0400.png
0.9999999714285724,0.9999999772727278,0.99999997435065,0.2249999943750001,0.4315814150649308,0.1368360282292461,0.0550387796630926,0.8678414058685401,0.8678414058685401,1,X0034.png
0.9999999600000016,0.9999999600000016,0.9999999600000016,0.2391304295841211,0.4059990684934545,0.1452241576483963,0.0458572909782765,0.907488982786392,0.907488982786392,1,X1381.png
0.9999999821428576,0.9999999821428576,0.9999999821428576,2.333333236111115,0.5376189915674611,0.1987938829012658,0.0527397823510117,0.8414096879233054,0.8414096879233054,1,L0049.png
0.9999999729729736,0.9999999772727278,0.9999999751228508,0.2051282024983564,0.3714808852535096,0.1641959594289986,0.0443555843185013,0.9162995554348036,0.9162995554348036,0,m0112.png
0.9999999767441866,0.9999999772727278,0.9999999770084572,0.2972972892622354,0.4101940834143809,0.1651320392508953,0.0736501329612195,0.8193832563022764,0.8193832563022764,0,zc0606.png
0.25,0.25,0.25,0.7142856632653098,0.420035031165507,0.1457994549358988,0.0614836266292083,0.2951541837217877,0.2951541837217877,0,i0291.png
0.9999999714285724,0.9999999756097568,0.9999999735191644,0.4863013665321824,0.4577290762389157,0.212107988475327,0.0485796740592864,0.8281938289506879,0.8281938289506879,0,s0343.png
0.25,0.25,0.25,0.3333333111111126,0.5045068886891508,0.1513789128641126,0.0360483393018101,0.8678414058685401,0.8678414058685401,0,x0023.png
0.9999999761904768,0.9999999761904768,0.9999999761904768,0.6258064475754422,0.3321312093760875,0.2091682525044269,0.0671963014117548,0.8546255468959227,0.8546255468959227,0,y0526.png
0.25,0.25,0.25,0.5025640999868508,0.2622074744427686,0.1313165322711621,0.0347403024316965,0.8590308332201285,0.8590308332201285,0,h0539.png
0.9999999772727278,0.9999999772727278,0.9999999772727278,1.6551723852556486,0.4567090792897296,0.2301198161533882,0.1030947616539268,0.8414096879233054,0.8414096879233054,0,za0130.png
0.9999999756097568,0.9999999814814818,0.9999999785456192,0.7916666611689815,0.3594664949757969,0.2619881804206903,0.0878146286540042,0.9999999955947136,0.9999999955947136,0,c0051.png
0.25,0.25,0.25,0.4871794746877058,0.4954621693552767,0.1603954987575933,0.0469252077549328,0.8370044015990996,0.8370044015990996,0,x1294.png
0.999999972222223,0.9999999767441866,0.9999999744832048,0.4189189132578525,0.4110788054382349,0.2184758531750069,0.0694010868288414,0.8193832563022764,0.8193832563022764,1,ZC0896.png
0.9999999642857156,0.9999999787234048,0.99999997150456,0.6821705373475152,0.3966694383141714,0.3006294785318207,0.1351365713642486,0.8546255468959227,0.8546255468959227,0,a0332.png
0.999999974358975,0.9999999772727278,0.9999999758158514,0.5351351322425129,0.4381621305238513,0.2364247775276066,0.0734635281286734,0.8854625511653632,0.8854625511653632,0,zb0768.png
0.9999999523809546,0.9999999615384628,0.9999999569597088,0.2371133996173876,0.3371144117647058,0.1338286527249918,0.0505499999987362,0.8810572648411574,0.8810572648411574,1,S0200.png
0.9999999687500012,0.9999999761904768,0.999999972470239,0.3376623332771126,0.3584207012404252,0.1481068710370555,0.0378771966664828,0.911894269110598,0.911894269110598,0,m0323.png
0.25,0.25,0.25,0.6111110771604957,0.3582612727972135,0.1196809979920409,0.0755173340296916,0.268722465776553,0.268722465776553,0,i0542.png
0.999999956521741,0.999999956521741,0.999999956521741,0.3832599102059035,0.3874861252696464,0.2089683737974848,0.0697277261334447,0.9999999955947136,0.9999999955947136,0,zb0011.png
0.99999997826087,0.9999999761904768,0.9999999772256736,2.8823527716263078,0.3979169182465886,0.1620060204225633,0.07357203236102,0.8017621110054532,0.8017621110054532,0,zc1585.png
0.25,0.25,0.25,0.7307692251479291,0.2680140133615773,0.1393628759949729,0.04204986149468,0.8370044015990996,0.8370044015990996,0,h0118.png
0.9999999767441866,0.9999999761904768,0.9999999764673316,0.1511627889399675,0.3836250916618762,0.1346464616088177,0.0272467866966175,0.8766519785169516,0.8766519785169516,1,I0833.png
0.9999999777777784,0.999999974358975,0.9999999760683768,0.0882352915224914,0.4930416091850042,0.1141569859346544,0.0398404459813571,0.8986784101379806,0.8986784101379806,0,j0207.png
0.9999999830508478,0.999999983870968,0.999999983460908,2.478260761814749,0.538981701838028,0.196606235929795,0.0486724475811787,0.850220260571717,0.850220260571717,1,L0074.png
0.9999999687500012,0.9999999772727278,0.9999999730113645,0.4294478501260868,0.4573693448842081,0.2137961560070566,0.0928923293432771,0.8942731238137748,0.8942731238137748,0,u0140.png
0.25,0.25,0.25,0.2857142789115648,0.424607818914273,0.1578684788750336,0.0459109184419507,0.9295154144074212,0.9295154144074212,1,B0099.png
0.25,0.25,0.25,2.333333277777779,0.4701750912067654,0.2501372195374577,0.1097435897407036,0.8590308332201285,0.8590308332201285,0,za0599.png
0.25,0.25,0.25,0.4891304294659736,0.5350180353745416,0.2286384875649919,0.0973114988241681,0.8722466921927459,0.8722466921927459,1,T0626.png
0.999999972222223,0.9999999615384628,0.999999966880343,0.2857142721088441,0.5007560513110569,0.15969849195636,0.0653430103535192,0.9162995554348036,0.9162995554348036,0,v0737.png
0.9999999772727278,0.9999999772727278,0.9999999772727278,0.6143790809517707,0.3189373463283004,0.211185252327795,0.0755149388842373,0.8281938289506879,0.8281938289506879,0,y0732.png
0.9999999761904768,0.9999999761904768,0.9999999761904768,1.7407407085048017,0.4749001411338641,0.2398472518769293,0.1082503395170821,0.8281938289506879,0.8281938289506879,0,za0434.png
0.25,0.25,0.25,0.4256410234582511,0.4538503306648103,0.195709045020244,0.0468639053242113,0.8590308332201285,0.8590308332201285,1,G0198.png
0.25,0.25,0.25,0.3676470534169551,0.3984637757012527,0.1936970616542881,0.0676269531231655,0.8458149742475112,0.8458149742475112,0,m0484.png
0.9999999545454564,0.9999999761904768,0.9999999653679668,0.4354838686264308,0.4070535571250759,0.1808950170683626,0.0727939606809215,0.9999999955947136,0.9999999955947136,1,ZB1092.png
0.9999999848484852,0.9999999848484852,0.9999999848484852,0.6357615851936319,0.2379585182939709,0.1213673264673048,0.0136235300563684,0.8414096879233054,0.8414096879233054,1,Y1223.png
0.9999999777777784,0.9999999791666672,0.9999999784722228,0.8110236156612314,0.310043913880002,0.2121433669332706,0.0620228108195394,0.907488982786392,0.907488982786392,1,E0146.png
0.25,0.25,0.25,0.2499999947916668,0.4054599405979754,0.1453415145065807,0.0440663587509645,0.907488982786392,0.907488982786392,1,X1084.png
0.9999999791666672,0.9999999791666672,0.9999999791666672,0.6086956483931948,0.3238049270990447,0.2025705816901906,0.0649309664677204,0.8590308332201285,0.8590308332201285,0,y0494.png
0.9999999600000016,0.9999999600000016,0.9999999600000016,0.6451612799167535,0.5460713703764054,0.2322973961774802,0.1154847645397372,0.8370044015990996,0.8370044015990996,1,T0022.png
0.9999999696969708,0.9999999696969708,0.9999999696969708,0.7322834588009176,0.266661339064473,0.1389882510987165,0.040091340038152,0.8193832563022764,0.8193832563022764,0,h0209.png
0.9999999729729736,0.99999997826087,0.999999975616922,0.770491796963182,0.3200011761155345,0.2007527792917698,0.0733646446335059,0.8281938289506879,0.8281938289506879,0,y0512.png
0.9999999772727278,0.9999999772727278,0.9999999772727278,0.5925925889346136,0.2888275079997277,0.1948841382614536,0.0715603298591699,0.8458149742475112,0.8458149742475112,0,y1202.png
0.9999999705882362,0.9999999545454564,0.9999999625668464,0.9999997500000624,0.6352597434035343,0.1966521713821842,0.0614814814795839,0.7929515383570417,0.7929515383570417,1,K0111.png
0.9999999729729736,0.9999999729729736,0.9999999729729736,0.9223300881327176,0.3587729075009505,0.140998386440414,0.0259279778386169,0.8370044015990996,0.8370044015990996,1,W0151.png
0.9999999655172426,0.9999999655172426,0.9999999655172426,0.6084337312744956,0.3232647609673804,0.226867935288724,0.0398009950238904,0.8854625511653632,0.8854625511653632,0,e0948.png
0.9999999818181822,0.9999999818181822,0.9999999818181822,0.7978723319375284,0.3036945631770586,0.144889438082155,0.0553152633589168,0.8986784101379806,0.8986784101379806,1,A0805.png
0.9999999714285724,0.9999999705882362,0.9999999710084042,0.3532338290883889,0.4242095541218888,0.2288490113941905,0.0777456003545024,0.8854625511653632,0.8854625511653632,0,zb0057.png
0.999999974358975,0.999999974358975,0.999999974358975,0.4583333285590278,0.3455615299757189,0.1560029827585219,0.0583401400940981,0.8854625511653632,0.8854625511653632,1,S0277.png
0.25,0.25,0.25,0.6818181714876035,0.5370910022387166,0.2352397427085986,0.1147156587359964,0.8678414058685401,0.8678414058685401,1,T0017.png
0.9999999729729736,0.999999974358975,0.9999999736659744,0.4109588984800151,0.3650097017973856,0.1390118921613648,0.0288628472214392,0.8458149742475112,0.8458149742475112,0,m0013.png
0.9999999736842112,0.9999999756097568,0.999999974646984,0.9552238663399424,0.4162538381080371,0.2309165142813173,0.0464173534847534,0.850220260571717,0.850220260571717,1,F0210.png
0.9999999642857156,0.99999997826087,0.9999999712732928,0.1860465094645755,0.3943578431372549,0.1574169620387969,0.0314499999992137,0.8810572648411574,0.8810572648411574,1,I0535.png
0.9999999615384628,0.9999999803921572,0.99999997096531,0.2857142755102044,0.405063454554367,0.1753493415920514,0.0284646419636032,0.8854625511653632,0.8854625511653632,0,b0146.png
0.9999999761904768,0.9999999787234048,0.9999999774569408,0.5580110466408229,0.3386001180199557,0.2257921979758099,0.040976374864205,0.889867837489569,0.889867837489569,0,o0631.png
0.9999999761904768,0.9999999761904768,0.9999999761904768,1.732142826211735,0.4823843145677288,0.2494869693351101,0.105586727157626,0.850220260571717,0.850220260571717,0,za0729.png
0.9999999736842112,0.9999999756097568,0.999999974646984,0.7343749885253908,0.4734216494757625,0.2334911671775311,0.0491536458319999,0.8458149742475112,0.8458149742475112,1,F0390.png
0.9999999714285724,0.9999999714285724,0.9999999714285724,0.5624999648437522,0.5645341860702614,0.1843979443670529,0.0466037326376246,0.8458149742475112,0.8458149742475112,0,d0262.png
0.25,0.25,0.25,0.7080745297635123,0.2331687581978395,0.0997483596342663,0.0266257835388494,0.9999999955947136,0.9999999955947136,1,M0581.png
0.9999999523809546,0.9999999642857156,0.999999958333335,0.4710144893404747,0.4430314946682254,0.2191436911598082,0.089302795193716,0.8546255468959227,0.8546255468959227,0,u0328.png
0.9999999756097568,0.999999974358975,0.999999974984366,0.6999999912500001,0.3771685262009671,0.1423517950189144,0.0363060114912441,0.8678414058685401,0.8678414058685401,1,W1140.png
0.25,0.25,0.25,0.1686746967629554,0.4452143643461382,0.1532706508508119,0.0548623105425127,0.9999999955947136,0.9999999955947136,1,J0167.png
0.25,0.25,0.25,0.4166666579861113,0.4102486300329394,0.1301577996079407,0.0378455978803038,0.8854625511653632,0.8854625511653632,1,X1248.png
0.25,0.25,0.25,0.6971830936818092,0.2590682674677745,0.1293882610418331,0.0254580123160746,0.8678414058685401,0.8678414058685401,1,Y0291.png
0.25,0.25,0.25,2.434782502835543,0.4555417064785098,0.2043702172984755,0.0657798833802118,0.8634361195443343,0.8634361195443343,1,N0683.png
0.25,0.25,0.25,0.4114583311903212,0.426886850660403,0.1939086873558396,0.0500759548597527,0.8458149742475112,0.8458149742475112,1,G0356.png
0.9999999761904768,0.9999999750000008,0.9999999755952388,0.9428571293877552,0.4230608569958595,0.2434815873395803,0.0472459391907734,0.8634361195443343,0.8634361195443343,1,F0249.png
0.9999999861111112,0.9999999861111112,0.9999999861111112,0.8018867848878606,0.3187924975699945,0.1615743286901075,0.0723928033945241,0.9295154144074212,0.9295154144074212,1,A0132.png
0.9999999629629645,0.9999999729729736,0.999999967967969,0.4655172387039239,0.4553537220044453,0.2418966004976415,0.0819171233028984,0.8766519785169516,0.8766519785169516,0,zb0148.png
0.999999982758621,0.9999999861111112,0.9999999844348662,0.432432426588751,0.4142976973423199,0.2218967812470921,0.0601803676708237,0.8193832563022764,0.8193832563022764,1,ZC0321.png
0.9999999833333336,0.9999999803921572,0.9999999818627454,3.759999849600006,0.5623330243762122,0.2020262809952978,0.0523606622993977,0.8237885426264822,0.8237885426264822,1,L0351.png
0.9999999750000008,0.9999999803921572,0.9999999776960792,0.6329113883992951,0.340398217315764,0.2374322847655331,0.0433069871961994,0.8766519785169516,0.8766519785169516,0,e0066.png
0.9999999600000016,0.9999999687500012,0.9999999643750012,1.0549450433522525,0.3620091253518485,0.1290974588723516,0.0212987582571393,0.8414096879233054,0.8414096879233054,1,W0306.png
0.9999999545454564,0.9999999666666678,0.999999960606062,0.7322834588009176,0.2710416482467654,0.1378835242871501,0.0441958607918777,0.8193832563022764,0.8193832563022764,0,h0147.png
0.99999997826087,0.99999997826087,0.99999997826087,0.2407407362825789,0.4103507512193651,0.1307377477339704,0.0456795463272376,0.8986784101379806,0.8986784101379806,1,X1694.png
0.9999999696969708,0.9999999736842112,0.999999971690591,0.3455882327530277,0.4775093308659419,0.2033521735860735,0.0457806355604798,0.8546255468959227,0.8546255468959227,0,s0078.png
0.9999999729729736,0.9999999729729736,0.9999999729729736,0.9999996666667778,0.4823345221525897,0.1244630170543764,0.0394687002843496,0.8766519785169516,0.8766519785169516,0,k0449.png
0.9999999787234048,0.9999999787234048,0.9999999787234048,0.6024844683075499,0.3128308221460347,0.2074044442445213,0.074525490615197,0.850220260571717,0.850220260571717,0,y1106.png
0.9999999615384628,0.9999999615384628,0.9999999615384628,0.3571428443877555,0.5657546247953488,0.182877881740097,0.0525180802090067,0.8590308332201285,0.8590308332201285,0,d0333.png
0.9999999772727278,0.9999999791666672,0.9999999782196975,0.6037735792096832,0.3991873412186866,0.2054274291788658,0.0878267973835105,0.8986784101379806,0.8986784101379806,1,Q0437.png
0.9999999696969708,0.9999999696969708,0.9999999696969708,0.6991869861854717,0.3766180273788759,0.275363698651324,0.1340471888581664,0.8546255468959227,0.8546255468959227,0,a0068.png
0.9999999629629645,0.9999999777777784,0.9999999703703714,0.2705882321107267,0.4814026631060587,0.1954087255993657,0.0481049562669693,0.8634361195443343,0.8634361195443343,1,D0066.png
0.9999999523809546,0.99999997826087,0.9999999653209124,0.6012658189793303,0.3030544783010157,0.2017967962263091,0.0754847645408453,0.8370044015990996,0.8370044015990996,0,y0952.png
0.25,0.25,0.25,1.7090908780165297,0.4445612612627767,0.2146061728039212,0.0680602819620789,0.8237885426264822,0.8237885426264822,1,N0238.png
0.25,0.25,0.25,0.1917808192906737,0.6196252995359318,0.2434048966793615,0.0924095271102899,0.8193832563022764,0.8193832563022764,0,n0248.png
0.9999999777777784,0.9999999750000008,0.9999999763888896,0.599999880000024,0.4837024243197138,0.1621154592154244,0.02205674427321,0.907488982786392,0.907488982786392,0,i0548.png
0.25,0.25,0.25,0.830985903788931,0.5461225640504855,0.2396630089970984,0.10518178772694,0.8678414058685401,0.8678414058685401,1,T0472.png
0.9999999836065576,0.9999999836065576,0.9999999836065576,0.6074766298366671,0.3951911910510784,0.2058093538767014,0.0650089232584174,0.9030836964621864,0.9030836964621864,1,Q0401.png
0.9999999772727278,0.9999999767441866,0.9999999770084572,1.0476190226757376,0.3768883732322646,0.140219900267858,0.0371597633126322,0.8590308332201285,0.8590308332201285,1,W1155.png
0.9999999767441866,0.9999999772727278,0.9999999770084572,0.9402984934283808,0.4257008829677051,0.2296040495400658,0.0480391114877234,0.8546255468959227,0.8546255468959227,1,F0064.png
0.999999958333335,0.999999958333335,0.999999958333335,0.8666666551111113,0.5325952830111637,0.2376993097312924,0.1094075385227663,0.8634361195443343,0.8634361195443343,1,T0618.png
0.999999974358975,0.9999999777777784,0.9999999760683768,2.9411762975778646,0.4064924731653077,0.165870191355468,0.0723497955311175,0.8237885426264822,0.8237885426264822,0,zc0287.png
0.9999999787234048,0.9999999777777784,0.9999999782505916,0.476190464852608,0.4793540123760367,0.157673481968494,0.0510128560058383,0.8414096879233054,0.8414096879233054,0,x1113.png
0.25,0.25,0.25,0.6211180085644844,0.334371532507349,0.234319361588251,0.0415898588408982,0.8766519785169516,0.8766519785169516,0,e0069.png
0.9999999756097568,0.9999999777777784,0.9999999766937676,3.071428352040832,0.4041578768328377,0.1625403403664271,0.0701125742760275,0.806167397329659,0.806167397329659,0,zc0956.png
0.9999999761904768,0.9999999777777784,0.9999999769841276,0.232558134126555,0.403128683167256,0.1636357064336491,0.0715160201835971,0.806167397329659,0.806167397329659,0,zc0962.png
0.999999956521741,0.999999956521741,0.999999956521741,0.6666666570048311,0.5124410784313725,0.2160645507222465,0.1016249999974593,0.8810572648411574,0.8810572648411574,1,T0100.png
0.977272705061984,0.977272705061984,0.977272705061984,1.5076922844970415,0.4508031784142228,0.23369004581422,0.1018065389394573,0.8634361195443343,0.8634361195443343,0,za0291.png
0.9999999642857156,0.9999999642857156,0.9999999642857156,3.071428352040832,0.5608170785675382,0.2337667774351519,0.08458116319215,0.8458149742475112,0.8458149742475112,0,n0961.png
0.25,0.25,0.25,2.583333225694449,0.4509736902573529,0.2087303771459172,0.069037543400905,0.8458149742475112,0.8458149742475112,1,N0608.png
0.9999999687500012,0.9999999714285724,0.9999999700892868,0.3742690036592456,0.4693951089969189,0.2501248399158459,0.0969099276766098,0.8590308332201285,0.8590308332201285,0,zb0216.png
0.25,0.25,0.25,0.3846153550295881,0.4477259223248528,0.1543318274662686,0.0711662075135063,0.290748897397582,0.290748897397582,0,i0176.png
0.9999999714285724,0.999999974358975,0.9999999728937736,1.2333332922222235,0.599492654204539,0.1909438719162529,0.0617451062041403,0.8634361195443343,0.8634361195443343,1,V0293.png
0.9999999642857156,0.9999999642857156,0.9999999642857156,0.1403508747306864,0.5491514096762965,0.1861002370826887,0.0514135437198839,0.8590308332201285,0.8590308332201285,0,d0568.png
0.99999997826087,0.9999999756097568,0.9999999769353134,2.937499816406261,0.4026853061640535,0.1628761439666879,0.0741079867652969,0.8105726836538648,0.8105726836538648,0,zc0802.png
0.9999999843750004,0.9999999843750004,0.9999999843750004,0.7789473602216067,0.3036346878718157,0.151737944765469,0.0571267522777882,0.889867837489569,0.889867837489569,1,A1098.png
0.9999999767441866,0.9999999767441866,0.9999999767441866,0.6274509762911701,0.3172739395366161,0.2123242058151806,0.078780735175056,0.8414096879233054,0.8414096879233054,0,y1428.png
0.99999997826087,0.9999999767441866,0.9999999775025284,2.4705880899654065,0.4033451674113975,0.1635346378294622,0.0733032720524539,0.8193832563022764,0.8193832563022764,0,zc0872.png
0.9999999777777784,0.9999999777777784,0.9999999777777784,0.6217948678090073,0.3169191540344023,0.2050420575706494,0.0800021477065155,0.850220260571717,0.850220260571717,0,y1045.png
0.9999999629629645,0.9999999696969708,0.9999999663299676,0.7443608966589407,0.3674769193925605,0.2805355766129974,0.1363858898673919,0.8678414058685401,0.8678414058685401,0,a0610.png
0.25,0.25,0.25,0.3762886578541822,0.4329090420310966,0.1926819252946641,0.0486767988083569,0.8546255468959227,0.8546255468959227,1,G0350.png
0.999999958333335,0.9999999750000008,0.999999966666668,0.2499999943181819,0.4097730746549775,0.1408986048984722,0.0539127799789421,0.8766519785169516,0.8766519785169516,1,X0656.png
0.9999999629629645,0.9999999756097568,0.9999999692863606,0.7037036984910837,0.2515678670360111,0.1324351556851399,0.0323545706362228,0.8370044015990996,0.8370044015990996,1,Y0604.png
0.9999999750000008,0.999999982758621,0.9999999788793108,0.3714285608163268,0.4187889629255028,0.1871403175432895,0.0255196103160255,0.9999999955947136,0.9999999955947136,0,b0145.png
0.25,0.25,0.25,0.588235259515573,0.5720701016318901,0.1879961102729405,0.0467663561425335,0.850220260571717,0.850220260571717,0,d0728.png
0.9999999772727278,0.9999999772727278,0.9999999772727278,0.758333327013889,0.3549437526489886,0.1906070504219042,0.0466429175206302,0.8017621110054532,0.8017621110054532,0,l0330.png
0.25,0.25,0.25,0.218390802087462,0.387382436554663,0.1607099844949056,0.0296784628950671,0.889867837489569,0.889867837489569,1,I0007.png
0.25,0.25,0.25,0.4444444279835396,0.3503412007103298,0.1391585730347736,0.0534802472309916,0.268722465776553,0.268722465776553,0,i0259.png
0.9852941031574396,0.9852941031574396,0.9852941031574396,0.791666658420139,0.313185438186963,0.1553560086104728,0.0558959374103144,0.907488982786392,0.907488982786392,1,A0289.png
0.99999997826087,0.99999997826087,0.99999997826087,0.1923076898422091,0.3944814994387151,0.1349946512116341,0.0489591841773976,0.8854625511653632,0.8854625511653632,1,X0865.png
0.9999999772727278,0.99999997826087,0.9999999777667988,0.5649717482204986,0.3083866469999025,0.1699525898890895,0.0359334360234354,0.8766519785169516,0.8766519785169516,1,O0461.png
0.25,0.25,0.25,0.6089743550706772,0.3168696974634729,0.2094188738818805,0.0737950138483713,0.8370044015990996,0.8370044015990996,0,y0166.png
0.9999999791666672,0.9999999803921572,0.9999999797794122,0.2592592544581619,0.3997695650127084,0.1322580418234294,0.0495532288792467,0.8854625511653632,0.8854625511653632,1,X0912.png
0.9999999767441866,0.9999999772727278,0.9999999770084572,1.0851063714350386,0.3556630262092947,0.1398330958474528,0.0257953359696717,0.8942731238137748,0.8942731238137748,1,W0567.png
0.9999999705882362,0.9999999750000008,0.9999999727941185,0.5095541368818208,0.4547542156862745,0.2233971213487387,0.0724749999981881,0.8810572648411574,0.8810572648411574,0,zb0589.png
0.25,0.25,0.25,0.7611940184896415,0.5121310150424827,0.2340914137995176,0.1095041322286117,0.8722466921927459,0.8722466921927459,1,T0175.png
0.25,0.25,0.25,0.5217391077504736,0.3634443618888028,0.1342901895284014,0.0712174146543355,0.268722465776553,0.268722465776553,0,i0839.png
0.9999999642857156,0.9999999545454564,0.999999959415586,0.7122302107033798,0.3694155858445817,0.2833098065034757,0.1256504438290569,0.8722466921927459,0.8722466921927459,0,a0745.png
0.9999999761904768,0.99999997826087,0.9999999772256736,0.7839999937280001,0.2898726837673845,0.2103224896714166,0.0583350687198475,0.8634361195443343,0.8634361195443343,1,E0659.png
0.9999999696969708,0.9999999736842112,0.999999971690591,0.4233128808385712,0.4369374708798698,0.2320831044605091,0.078482866592296,0.8766519785169516,0.8766519785169516,0,zb0165.png
0.9999999791666672,0.9999999791666672,0.9999999791666672,0.6666666624737946,0.2096737780937041,0.0890028842211353,0.0206644055609563,0.9295154144074212,0.9295154144074212,1,M0722.png
0.25,0.25,0.25,0.2025316430059285,0.4830759803921569,0.1873226971355055,0.0602499999984937,0.8810572648411574,0.8810572648411574,1,N1061.png
0.9999999750000008,0.9999999787234048,0.9999999768617028,0.453333327288889,0.4091370430202259,0.2140739191865391,0.0645278687588665,0.8325991152748937,0.8325991152748937,1,ZC0872.png
0.9999999687500012,0.9999999767441866,0.9999999727470938,0.7950819606960495,0.2903694743219847,0.2116022320318691,0.0587129855819293,0.850220260571717,0.850220260571717,1,E0588.png
0.25,0.25,0.25,0.7894736759002772,0.3081456182711037,0.1426403136264415,0.0598929208790031,0.9030836964621864,0.9030836964621864,1,A0039.png
0.9999999767441866,0.9999999777777784,0.9999999772609824,2.6470586678200783,0.3981431798613515,0.1629609456969688,0.0729402444524405,0.8281938289506879,0.8281938289506879,0,zc1490.png
0.25,0.25,0.25,0.8224298988557953,0.2732053151839248,0.1942795542082309,0.0602079028906182,0.7753303930602186,0.7753303930602186,1,E0774.png
0.9999999800000005,0.9999999800000005,0.9999999800000005,0.5441176430579585,0.3867094921489819,0.2077524182880031,0.0834231938024844,0.889867837489569,0.889867837489569,1,Q0117.png
0.9999999787234048,0.9999999666666678,0.9999999726950364,1.9183673077884225,0.4455813244111451,0.1998396863352121,0.0476136006163283,0.8237885426264822,0.8237885426264822,0,g0142.png
0.9999999807692312,0.9999999807692312,0.9999999807692312,0.5999999942857144,0.3912775756317623,0.1995803405260463,0.0828105087716201,0.889867837489569,0.889867837489569,1,Q0534.png
0.9999999729729736,0.9999999750000008,0.9999999739864872,0.432432426588751,0.413984823532776,0.2211580804549069,0.0595384483382556,0.8237885426264822,0.8237885426264822,1,ZC1031.png
0.9999999677419364,0.9999999642857156,0.999999966013826,2.199999853333343,0.5876715205935256,0.1857363674484546,0.0613707750527162,0.850220260571717,0.850220260571717,0,w0844.png
0.9999999642857156,0.9999999642857156,0.9999999642857156,0.7343749942626954,0.2656803589061235,0.1418771698951716,0.0415224913482935,0.8237885426264822,0.8237885426264822,0,h0184.png
0.9999999767441866,0.9999999767441866,0.9999999767441866,0.7333332844444478,0.4479695113992342,0.1360328150967966,0.0573224852057756,0.9162995554348036,0.9162995554348036,1,J0097.png
0.999999983870968,0.999999983870968,0.999999983870968,0.4873096421963978,0.4095110341799632,0.2273253533917417,0.0865263212119218,0.8678414058685401,0.8678414058685401,1,P0928.png
0.25,0.25,0.25,0.6024096349252431,0.3181581372227182,0.2334283900053554,0.0470947703328932,0.8766519785169516,0.8766519785169516,0,e0012.png
0.9999999642857156,0.9999999833333336,0.9999999738095244,0.2972972892622354,0.4035046047637462,0.1578359277023825,0.0605697589463675,0.8149779699780706,0.8149779699780706,0,zc1032.png
0.9999999729729736,0.9999999803921572,0.9999999766825656,0.1919191899806142,0.3815572364498712,0.1642411939451569,0.0409133927044841,0.8942731238137748,0.8942731238137748,0,b0037.png
0.9999999846153848,0.9999999846153848,0.9999999846153848,0.7978723319375284,0.3241175839658405,0.1712166233479088,0.0640825722119729,0.8854625511653632,0.8854625511653632,1,A0660.png
0.25,0.25,0.25,0.2602739690373429,0.4625635863868345,0.1987619383894435,0.0661866298207517,0.8546255468959227,0.8546255468959227,1,N0149.png
0.9999999761904768,0.9999999761904768,0.9999999761904768,0.1494252856387898,0.381427965533729,0.1303923428899418,0.0307111519224897,0.8722466921927459,0.8722466921927459,1,I0738.png
0.25,0.25,0.25,1.7924527963688153,0.4973934061159089,0.2426097501121854,0.1111911357309919,0.8370044015990996,0.8370044015990996,0,za0706.png
0.25,0.25,0.25,0.5722543319522871,0.3270177512898844,0.1799962202932491,0.0296398326693796,0.8722466921927459,0.8722466921927459,1,O0362.png
0.9999999772727278,0.9999999772727278,0.9999999772727278,0.5999999963636364,0.3083578248223199,0.2075885987435904,0.07611636475879,0.8678414058685401,0.8678414058685401,0,y1130.png
0.9999999750000008,0.9999999750000008,0.9999999750000008,0.4166666608796297,0.4138033486586746,0.2205462073999524,0.0605989773539635,0.8149779699780706,0.8149779699780706,1,ZC0782.png
0.9999999642857156,0.9999999642857156,0.9999999642857156,0.612499996171875,0.329503964110299,0.2352280003028877,0.0383694937531,0.8590308332201285,0.8590308332201285,0,e0388.png
0.999999956521741,0.9999999655172426,0.9999999610194918,0.5294117335640156,0.5730947523042138,0.1858389548359072,0.0550656476566987,0.8325991152748937,0.8325991152748937,0,d0308.png
0.9999999767441866,0.9999999767441866,0.9999999767441866,1.0117646939792388,0.493886278110877,0.247527153094568,0.1323844505628919,0.8722466921927459,0.8722466921927459,1,T0947.png
0.99999997826087,0.9999999729729736,0.999999975616922,0.6493506451340867,0.2733292039070116,0.196728119787177,0.0518421251975495,0.8766519785169516,0.8766519785169516,1,E0507.png
0.999999956521741,0.999999956521741,0.999999956521741,0.695652163831128,0.5257025292755991,0.2325223161085042,0.1215820312467018,0.8458149742475112,0.8458149742475112,1,T0664.png
0.9999999787234048,0.9999999787234048,0.9999999787234048,0.8050847389399599,0.3251717147764456,0.2042777317268652,0.0730662635404085,0.8325991152748937,0.8325991152748937,0,y0492.png
0.9999999629629645,0.9999999629629645,0.9999999629629645,0.6024096349252431,0.3256872549019608,0.2249510015403406,0.0401249999989968,0.8810572648411574,0.8810572648411574,0,e1023.png
0.9999999729729736,0.9999999756097568,0.9999999742913652,0.2619047587868481,0.4615345860830699,0.2022410843333814,0.0580643909243714,0.9999999955947136,0.9999999955947136,1,N0326.png
0.9999999761904768,0.9999999750000008,0.9999999755952388,1.0724637525729892,0.3808530507535032,0.1445184693589663,0.0332412886250298,0.8590308332201285,0.8590308332201285,1,W0698.png
0.25,0.25,0.25,0.9193548312955256,0.353346278642257,0.2324367395308844,0.0532127539821612,0.9999999955947136,0.9999999955947136,1,E0389.png
0.999999974358975,0.9999999756097568,0.999999974984366,0.695652163831128,0.4619079411764706,0.2243911872087517,0.0434249999989143,0.8810572648411574,0.8810572648411574,1,F0313.png
0.9999999736842112,0.9999999761904768,0.999999974937344,0.1829268270374777,0.4213263248555148,0.1262209123999811,0.0507352248079287,0.907488982786392,0.907488982786392,1,J0398.png
0.9999999600000016,0.9999999600000016,0.9999999600000016,0.7122302107033798,0.3659234087100274,0.2829754050326745,0.1297379473799959,0.8678414058685401,0.8678414058685401,0,a0742.png
0.9999999756097568,0.999999972222223,0.99999997391599,0.5573770461345516,0.3356030640555866,0.193373587183737,0.046179232690767,0.8942731238137748,0.8942731238137748,0,o0518.png
0.9999999803921572,0.9999999736842112,0.9999999770381844,0.3837837817092768,0.348624990629523,0.1592149327807321,0.0620772473271719,0.889867837489569,0.889867837489569,1,ZB0187.png
0.9999999756097568,0.9999999696969708,0.9999999726533636,0.5531914864191942,0.3283343847894187,0.2106532199933986,0.0537860576910644,0.9162995554348036,0.9162995554348036,0,o0315.png
0.9999999545454564,0.9999999545454564,0.9999999545454564,0.4316939867120547,0.3634987430996741,0.1649565313751761,0.06989722481579,0.8766519785169516,0.8766519785169516,1,ZB0298.png
0.9999999642857156,0.9999999756097568,0.999999969947736,0.4328358144352863,0.3695011113311767,0.1584169710310735,0.0439751045800434,0.8722466921927459,0.8722466921927459,0,m0054.png
0.9999999767441866,0.9999999767441866,0.9999999767441866,0.7288135531456479,0.3773670692766903,0.2771415368011511,0.1239587671771147,0.8634361195443343,0.8634361195443343,0,a0055.png
0.9999999600000016,0.9999999729729736,0.9999999664864876,0.3199999957333334,0.3547097034916405,0.1452316050922825,0.0375471890613828,0.8722466921927459,0.8722466921927459,0,m0309.png
0.25,0.25,0.25,2.190476138321997,0.2474360032764636,0.1483410592701151,0.0531517811802934,0.806167397329659,0.806167397329659,1,H0149.png
0.9999999756097568,0.9999999545454564,0.9999999650776066,0.9999997500000624,0.6585108668784202,0.1963605843574504,0.0569274442154718,0.7973568246812475,0.7973568246812475,1,K0501.png
0.9999999687500012,0.999999972222223,0.999999970486112,0.4999999974747475,0.3639775653144637,0.1670671165537927,0.0422150800927911,0.8722466921927459,0.8722466921927459,1,U0006.png
0.9999999767441866,0.9999999767441866,0.9999999767441866,1.531249976074219,0.4368631125919756,0.2252504719771343,0.0946220324840008,0.8634361195443343,0.8634361195443343,0,za0063.png
0.25,0.25,0.25,2.4102563484549657,0.2529463911733585,0.1410160198050655,0.045840601674459,0.8237885426264822,0.8237885426264822,1,H0358.png
0.9999999729729736,0.9999999750000008,0.9999999739864872,0.374331548800366,0.4348747058823529,0.22853105833636,0.0806749999979831,0.8810572648411574,0.8810572648411574,0,zb0124.png
0.999999972222223,0.9999999729729736,0.9999999725975984,1.9782608265595476,0.2302139790827573,0.148153257317574,0.0548846757621397,0.8017621110054532,0.8017621110054532,1,H0162.png
0.25,0.25,0.25,6.999998250000437,0.3022070977151191,0.1572819882202329,0.1061157024442592,0.2422907478313183,0.2422907478313183,0,c0253.png
0.999999956521741,0.999999956521741,0.999999956521741,0.5265957418798098,0.3581131120282894,0.17389356382718,0.0509160246321493,0.8678414058685401,0.8678414058685401,1,U0512.png
0.9999999600000016,0.9999999600000016,0.9999999600000016,0.689393934171258,0.3777310889703273,0.2879716156582455,0.1159624761734619,0.8854625511653632,0.8854625511653632,0,a1101.png
0.25,0.25,0.25,0.5025640999868508,0.1462751801575331,0.1159701624090866,0.0310848126224566,0.8590308332201285,0.8590308332201285,1,H0001.png
0.9999999800000005,0.9999999800000005,0.9999999800000005,0.7419354778876172,0.3424299918455095,0.1899227945166987,0.0394612476358854,0.8105726836538648,0.8105726836538648,0,l0156.png
0.9999999655172426,0.9999999655172426,0.9999999655172426,0.6906474770457016,0.3111073878336056,0.2157403802915036,0.0980088975667857,0.8458149742475112,0.8458149742475112,1,C0304.png
0.9999999687500012,0.9999999687500012,0.9999999687500012,0.7741935421436005,0.3843150154445156,0.2885508119659086,0.1316301636432216,0.8414096879233054,0.8414096879233054,0,a1075.png
0.25,0.25,0.25,0.2567567532870709,0.4564654752106723,0.2011527877028227,0.0686954057030921,0.8678414058685401,0.8678414058685401,1,N0108.png
0.9999999545454564,0.9999999777777784,0.9999999661616176,0.7121212013314969,0.4676228831092848,0.2300063386106732,0.0407895075873949,0.8678414058685401,0.8678414058685401,1,F0342.png
0.9999999655172426,0.9999999655172426,0.9999999655172426,0.6774193493756504,0.438482863505513,0.3197564676251858,0.136814404428343,0.8370044015990996,0.8370044015990996,0,a0266.png
0.9999999818181822,0.9999999818181822,0.9999999818181822,3.0967740936524484,0.5460086394690548,0.2028330199245425,0.0527123708217232,0.8414096879233054,0.8414096879233054,1,L0572.png
0.9999999615384628,0.9999999767441866,0.9999999691413248,0.7246376759084227,0.3205765686274509,0.2502632455987997,0.090999999997725,0.8810572648411574,0.8810572648411574,1,C0075.png
0.25,0.25,0.25,0.6734693831736777,0.227742467255242,0.0817237590055592,0.0187991021319559,0.8722466921927459,0.8722466921927459,1,M0452.png
0.9999999756097568,0.9999999767441866,0.9999999761769716,0.6012658189793303,0.2921166271721309,0.2141899753197934,0.0689790319400638,0.8325991152748937,0.8325991152748937,1,E0520.png
0.9999999655172426,0.999999972222223,0.9999999688697327,0.4615384260355057,0.4818378631157344,0.1231083377687354,0.0453830535604282,0.8237885426264822,0.8237885426264822,0,k0019.png
0.25,0.25,0.25,0.596330269758438,0.4093241965806395,0.2087740379874598,0.0709886881890543,0.8678414058685401,0.8678414058685401,0,q0023.png
0.25,0.25,0.25,0.4410256387639711,0.4031106470201492,0.2093545035892924,0.0819723865856154,0.8590308332201285,0.8590308332201285,1,P0654.png
0.9999999736842112,0.99999997826087,0.9999999759725406,0.7868852394517604,0.3227265667551743,0.2055806212693413,0.0637478298593818,0.8458149742475112,0.8458149742475112,1,E0431.png
0.9999999642857156,0.9999999729729736,0.9999999686293446,0.7343749885253908,0.4642090886956465,0.2208295051373292,0.0432279816879134,0.8414096879233054,0.8414096879233054,1,F0367.png
0.999999956521741,0.99999997826087,0.9999999673913056,0.3589743497698885,0.4270978759141967,0.1598915338844604,0.051778703151653,0.9030836964621864,0.9030836964621864,1,B0057.png
0.9999999791666672,0.9999999777777784,0.9999999784722228,0.2826086895085067,0.5055536500314411,0.161092588738284,0.0507340691365385,0.8634361195443343,0.8634361195443343,0,x0213.png
0.999999972222223,0.9999999772727278,0.9999999747474756,0.5519125652900952,0.3208157216420535,0.2060405133855055,0.0485736692469225,0.889867837489569,0.889867837489569,0,o0713.png
0.9999999615384628,0.9999999761904768,0.9999999688644698,0.4662162130661066,0.4538376575119844,0.2052768674162255,0.0859017076195881,0.8634361195443343,0.8634361195443343,0,u0025.png
0.9999999642857156,0.9999999600000016,0.9999999621428586,0.378378368151936,0.6119598946991076,0.2009745119691781,0.0986872130768963,0.850220260571717,0.850220260571717,0,r0006.png
0.999999974358975,0.9999999750000008,0.999999974679488,0.7589285646524235,0.2801465499694687,0.2033480922023252,0.0733217993054213,0.7488986751149839,0.7488986751149839,1,E0650.png
0.25,0.25,0.25,1.0634920466112374,0.435313312740216,0.2066719178680281,0.0878508374805384,0.8281938289506879,0.8281938289506879,1,P0284.png
0.25,0.25,0.25,0.7357142804591837,0.2393441812179958,0.085208538667447,0.0244140392617629,0.9030836964621864,0.9030836964621864,1,M0010.png
0.9999999767441866,0.9999999600000016,0.9999999683720942,0.1162790670632775,0.4897986171563545,0.1354552033500791,0.0511829578647567,0.907488982786392,0.907488982786392,0,j0455.png
0.999999982758621,0.999999982758621,0.999999982758621,0.799999840000032,0.6711017583676431,0.1977161849013544,0.0531119318685903,0.7973568246812475,0.7973568246812475,1,K0329.png
0.9999999767441866,0.9999999761904768,0.9999999764673316,0.7179487087442473,0.3794775882739684,0.1434278715874185,0.0312163050616379,0.8590308332201285,0.8590308332201285,1,W1010.png
0.9999999750000008,0.9999999736842112,0.999999974342106,1.0430107414730028,0.3586843218528776,0.1350670013234792,0.0312998193210941,0.8546255468959227,0.8546255468959227,1,W0359.png
0.9999999705882362,0.999999972222223,0.9999999714052296,1.370370319615914,0.619517190702711,0.1792733768560793,0.0668507560797672,0.8590308332201285,0.8590308332201285,1,V0214.png
0.99999997826087,0.99999997826087,0.99999997826087,0.5747126403752147,0.3304308823529411,0.1800510602953651,0.03319999999917,0.8810572648411574,0.8810572648411574,1,O1291.png
0.999999972222223,0.9999999761904768,0.99999997420635,1.484848462350781,0.4024081060995827,0.2348367149013812,0.0932423989979893,0.8634361195443343,0.8634361195443343,0,za0087.png
0.25,0.25,0.25,1.8269230417899416,0.4658974152075096,0.2332521001027845,0.1063800005569166,0.8325991152748937,0.8325991152748937,0,za0220.png
0.25,0.25,0.25,0.6845637537948741,0.2313952589878704,0.0846354420509792,0.0213619761625009,0.8986784101379806,0.8986784101379806,1,M0441.png
0.9999999767441866,0.999999974358975,0.9999999755515808,2.874999820312511,0.3972613857660071,0.1639426229178587,0.073621227885489,0.8193832563022764,0.8193832563022764,0,zc1548.png
0.25,0.25,0.25,0.154929575282682,0.5417657647198568,0.2338337939048599,0.0782325045892866,0.8414096879233054,0.8414096879233054,0,n0876.png
0.999999985294118,0.9999999761904768,0.9999999807422976,1.3571428377551025,0.6088412047511312,0.3620162754607234,0.1471893491090239,0.9162995554348036,0.9162995554348036,1,ZA0386.png
0.25,0.25,0.25,0.7307692214003946,0.5140008722599335,0.233042181511392,0.1248597081898566,0.8722466921927459,0.8722466921927459,1,T0678.png
0.25,0.25,0.25,1.8113207205411184,0.4633529890122766,0.2344787117017457,0.1094816479781398,0.8414096879233054,0.8414096879233054,0,za0218.png
0.999999974358975,0.9999999814814818,0.9999999779202284,2.4999998958333376,0.5352694066411395,0.2073866775692013,0.0469129379105413,0.8193832563022764,0.8193832563022764,1,L0481.png
0.9999999761904768,0.999999974358975,0.999999975274726,0.0882352915224914,0.5206277185999352,0.1325548661170003,0.0533688965769567,0.8986784101379806,0.8986784101379806,0,j0027.png
0.9999999761904768,0.9999999655172426,0.9999999708538596,0.1568627420222992,0.4658889953127506,0.1273987870345911,0.050498677472142,0.8942731238137748,0.8942731238137748,0,j0227.png
0.25,0.25,0.25,1.1147540800859987,0.4239127431899818,0.1951891556559258,0.0759025245997669,0.8414096879233054,0.8414096879233054,1,P0408.png
0.25,0.25,0.25,1.153846124260356,0.4861099823073027,0.2222176298111008,0.0808268678902958,0.8546255468959227,0.8546255468959227,0,p0233.png
0.9999999767441866,0.999999974358975,0.9999999755515808,0.5416666638454861,0.3247747527265344,0.186119126247043,0.0483774038450356,0.9162995554348036,0.9162995554348036,0,o0542.png
0.999999972222223,0.9999999761904768,0.99999997420635,0.5771428538448979,0.3456608286244128,0.2175283763907261,0.0469047795835027,0.8854625511653632,0.8854625511653632,0,o0644.png
0.9999999772727278,0.9999999761904768,0.9999999767316023,2.6470586678200783,0.3978051147823366,0.1643657017620541,0.0742085847443676,0.8237885426264822,0.8237885426264822,0,zc1508.png
0.9999999705882362,0.9999999767441866,0.9999999736662114,0.5430107497687594,0.3181953853792204,0.2055506065825468,0.0494789732915155,0.8854625511653632,0.8854625511653632,0,o0312.png
0.9999999767441866,0.9999999767441866,0.9999999767441866,0.2333333307407407,0.4385398392412851,0.1742583967736644,0.0415443228410894,0.8942731238137748,0.8942731238137748,1,D0028.png
0.25,0.25,0.25,0.2199999956000001,0.4081395098039215,0.1352882813983806,0.0475749999988106,0.8810572648411574,0.8810572648411574,1,X0503.png
0.9999999615384628,0.9787233834314174,0.98936167248494,0.1744186026230395,0.4020147045476936,0.140402081350082,0.0253954110040495,0.8854625511653632,0.8854625511653632,1,I0230.png
0.9999999729729736,0.9999999772727278,0.9999999751228508,0.6285714195918369,0.3748071568627451,0.1610407066475113,0.0563499999985912,0.8810572648411574,0.8810572648411574,0,m0095.png
0.9999999666666678,0.9999999642857156,0.9999999654761916,0.799999840000032,0.6666798339249622,0.2019252114313129,0.0613839626366294,0.7973568246812475,0.7973568246812475,1,K0334.png
0.9999999655172426,0.9999999777777784,0.9999999716475104,0.2117647046366782,0.4646079194651363,0.1985620755808181,0.0578270557583337,0.850220260571717,0.850220260571717,0,s0080.png
0.9999999705882362,0.9999999642857156,0.9999999674369758,0.1818181785123967,0.4877158686294187,0.1571011040240701,0.061588368455236,0.911894269110598,0.911894269110598,0,v0839.png
0.9999999791666672,0.9999999787234048,0.999999978945036,0.4662162130661066,0.4057930800915603,0.2119644955728624,0.1004772606726982,0.8766519785169516,0.8766519785169516,1,Q0280.png
0.9999999615384628,0.9999999655172426,0.9999999635278528,0.3684210332409982,0.5006559816974127,0.1598191148299273,0.0653661242588441,0.9162995554348036,0.9162995554348036,0,v0081.png
0.25,0.25,0.25,2.1249998671875083,0.7625321695700213,0.3005245658629706,0.1248892587686947,0.850220260571717,0.850220260571717,1,ZA0751.png
0.9999999848484852,0.9999999848484852,0.9999999848484852,0.853211001346688,0.3260226965283969,0.1717741336143999,0.0578121058033765,0.9999999955947136,0.9999999955947136,1,A0322.png
0.9999999756097568,0.9999999756097568,0.9999999756097568,0.8421052557710066,0.3074331512118736,0.2060416243887776,0.0660264756926533,0.8458149742475112,0.8458149742475112,1,E0065.png
0.25,0.25,0.25,0.8144329812945054,0.3061929990318554,0.1614694987374085,0.0627007733477049,0.9030836964621864,0.9030836964621864,1,A0743.png
0.999999972222223,0.99999997826087,0.9999999752415464,0.5599999968,0.437226024787777,0.232554679467582,0.0756911957606076,0.8854625511653632,0.8854625511653632,0,zb0766.png
0.999999956521741,0.9999999736842112,0.9999999651029762,1.481481426611799,0.489708431372549,0.176065486535715,0.04679999999883,0.8810572648411574,0.8810572648411574,0,d0005.png
0.999999972222223,0.999999974358975,0.9999999732905992,0.8913043381379964,0.3590977753948802,0.133332944912688,0.0246853298604414,0.8458149742475112,0.8458149742475112,1,W0477.png
0.9999999750000008,0.9999999814814818,0.9999999782407412,0.3157894570637127,0.5170428123912286,0.1568301550869457,0.0452859960540358,0.8590308332201285,0.8590308332201285,0,x0325.png
0.25,0.25,0.25,1.830188644713422,0.4502490131331332,0.2263445166003516,0.1016671588471726,0.850220260571717,0.850220260571717,0,za0270.png
0.9999999729729736,0.9999999729729736,0.9999999729729736,0.9999996666667778,0.484453726263681,0.1251682644437036,0.0422879684407024,0.8590308332201285,0.8590308332201285,0,k0306.png
0.9999999714285724,0.9999999655172426,0.9999999684729076,0.8333331944444675,0.6310985233599612,0.1968181903434706,0.0613888888869941,0.7929515383570417,0.7929515383570417,1,K0362.png
0.9999999787234048,0.9999999787234048,0.9999999787234048,0.5889570516014905,0.2867882157203159,0.1954505585312795,0.071641710067501,0.8458149742475112,0.8458149742475112,0,y1328.png
0.25,0.25,0.25,1.8113207205411184,0.4682224647671568,0.236030204335284,0.111111111108097,0.8458149742475112,0.8458149742475112,0,za0207.png
0.25,0.25,0.25,0.4114583311903212,0.3288190880882503,0.1525567526928541,0.0579532700730039,0.8722466921927459,0.8722466921927459,1,ZB0451.png
0.999999956521741,0.999999972222223,0.999999964371982,0.2692307640532545,0.4918383965971555,0.1568187154542918,0.0659014846911367,0.9295154144074212,0.9295154144074212,0,v0440.png
0.999999981132076,0.9999999795918372,0.9999999803619566,0.798387090335588,0.2927807831112552,0.205433516625645,0.0623566698430169,0.8678414058685401,0.8678414058685401,1,E0008.png
0.9999999642857156,0.9999999642857156,0.9999999642857156,0.8632478558696765,0.374441759842845,0.2853060099308515,0.1222184099568126,0.889867837489569,0.889867837489569,0,a0418.png
0.9999999729729736,0.9999999729729736,0.9999999729729736,0.7709923605267759,0.3725485342772043,0.2839882597304691,0.1362094997614858,0.8854625511653632,0.8854625511653632,0,a0989.png
0.9999999756097568,0.9999999772727278,0.9999999764412424,0.5364583305392795,0.3055596524593436,0.1794630395230364,0.0416156093872745,0.907488982786392,0.907488982786392,0,o0132.png
0.9999999677419364,0.9999999729729736,0.9999999703574552,0.9999999090909174,0.4565891888786021,0.1894956329550327,0.0749869005788005,0.9999999955947136,0.9999999955947136,0,v0543.png
0.25,0.25,0.25,0.5838509280506153,0.3044084360770112,0.1875108237934817,0.0618775463993357,0.8281938289506879,0.8281938289506879,0,y0005.png
0.9999999714285724,0.9999999642857156,0.9999999678571438,0.3018867867568531,0.4973046377566957,0.1590876029697251,0.0615750777627114,0.907488982786392,0.907488982786392,0,v0363.png
0.99999997826087,0.99999997826087,0.99999997826087,0.471999996224,0.3389005736858372,0.1547577294090197,0.0524077277957418,0.8986784101379806,0.8986784101379806,1,S0333.png
0.25,0.25,0.25,0.499999950000005,0.4411251552962782,0.1487819637615113,0.0778236914421892,0.290748897397582,0.290748897397582,0,i0250.png
0.9999999772727278,0.9999999629629645,0.999999970117846,0.728571423367347,0.3059346518307438,0.2411977443758203,0.0797770088408358,0.8986784101379806,0.8986784101379806,1,C0072.png
0.25,0.25,0.25,0.6121212084113866,0.3370548062377583,0.2259220427738455,0.039947064012353,0.889867837489569,0.889867837489569,0,e1050.png
0.9999999756097568,0.9999999756097568,0.9999999756097568,0.594285710889796,0.3444483118691263,0.1919283778008697,0.0281296227804149,0.9162995554348036,0.9162995554348036,1,O1240.png
0.99999997826087,0.9999999821428576,0.9999999802018638,0.5952380916950114,0.3270363047873122,0.2313891652007434,0.0442665589241618,0.8766519785169516,0.8766519785169516,0,e0060.png
0.25,0.25,0.25,0.5833333090277788,0.5569592122563312,0.1856827079710744,0.0434714702196097,0.8634361195443343,0.8634361195443343,0,d0088.png
0.999999972222223,0.9999999705882362,0.9999999714052296,0.5025125602888816,0.4175474871648617,0.2288540475496169,0.0788616449059654,0.8766519785169516,0.8766519785169516,0,zb1202.png
0.9999999761904768,0.9999999714285724,0.9999999738095248,0.3970588176903115,0.3827113063602988,0.1586608949240146,0.0426278354468803,0.8986784101379806,0.8986784101379806,0,m0008.png
0.25,0.25,0.25,0.246575339088009,0.4697778816980194,0.2001116422200733,0.0704910063178675,0.8237885426264822,0.8237885426264822,1,N0635.png
0.9999999750000008,0.9999999777777784,0.9999999763888896,0.530927832314805,0.3044391646752017,0.1744768948357267,0.0446319162964315,0.907488982786392,0.907488982786392,0,o0228.png
0.9999999767441866,0.9999999767441866,0.9999999767441866,0.5953757191018745,0.3536078320478912,0.1907797795601952,0.0311763596938642,0.907488982786392,0.907488982786392,1,O1338.png
0.9999999642857156,0.9999999807692312,0.9999999725274732,0.591715972830083,0.3116348319585908,0.2231925615126101,0.0414383475154304,0.8766519785169516,0.8766519785169516,0,e0249.png
0.25,0.25,0.25,1.1249999718750008,0.4850067415636676,0.2220547053561866,0.0809331491104013,0.8546255468959227,0.8546255468959227,0,p0221.png
0.999999958333335,0.9999999615384628,0.999999959935899,0.5185184993141296,0.5678290914622837,0.186343027373989,0.0508821341255478,0.8546255468959227,0.8546255468959227,0,d0025.png
0.999999956521741,0.999999956521741,0.999999956521741,0.3846153796844182,0.4956707098715417,0.1861199957169665,0.0892255892233132,0.8722466921927459,0.8722466921927459,1,R0005.png
0.9999999666666678,0.9999999666666678,0.9999999666666678,0.1999999966666667,0.566630397763014,0.232231094239322,0.0840559478084228,0.850220260571717,0.850220260571717,0,n0779.png
0.9999999736842112,0.9999999777777784,0.9999999757309948,0.4109588984800151,0.4103984593027869,0.2149269177124428,0.0590819747930661,0.8193832563022764,0.8193832563022764,1,ZC0586.png
0.25,0.25,0.25,0.9499999762500008,0.4864450807424681,0.2210354352899574,0.0750876820045943,0.8546255468959227,0.8546255468959227,0,p0253.png
0.9999999714285724,0.999999972222223,0.9999999718253976,0.6666664444445185,0.4808618628530098,0.1124319606707127,0.0398936884200946,0.850220260571717,0.850220260571717,0,k0153.png
0.9999999729729736,0.9999999772727278,0.9999999751228508,0.081632651395252,0.486513023293791,0.1318630340985902,0.0550862581783441,0.9030836964621864,0.9030836964621864,0,j0679.png
0.25,0.25,0.25,0.5025906709710328,0.3850952177160697,0.2000663655939636,0.0676796692510489,0.850220260571717,0.850220260571717,0,q0499.png
0.9999999687500012,0.9999999687500012,0.9999999687500012,0.9259259173525378,0.3743037782270303,0.2858870859160828,0.1247695765226946,0.8766519785169516,0.8766519785169516,0,a0396.png
0.25,0.25,0.25,0.9107142694515308,0.6262661069183916,0.3599358981610124,0.1511320342606922,0.8942731238137748,0.8942731238137748,1,ZA0192.png
0.9999999800000005,0.9999999791666672,0.999999979583334,1.2666666525925927,0.5848229380828386,0.3686986784269671,0.1432397290818133,0.9999999955947136,0.9999999955947136,1,ZA0021.png
0.999999974358975,0.9999999655172426,0.9999999699381088,0.4399999956000001,0.3226236515367393,0.1393568938990617,0.0492839292567934,0.8986784101379806,0.8986784101379806,1,S0347.png
0.25,0.25,0.25,0.1607142828443878,0.5450325027970372,0.1855348440142156,0.0483132028308956,0.8634361195443343,0.8634361195443343,0,d0556.png
0.9999999750000008,0.9999999750000008,0.9999999750000008,0.5754716926842294,0.387391504587806,0.1632279982936834,0.0242055478790465,0.8546255468959227,0.8546255468959227,1,W0123.png
0.9999999761904768,0.999999974358975,0.999999975274726,0.7179487087442473,0.3767847262507896,0.1444332662790176,0.0351610782370766,0.8590308332201285,0.8590308332201285,1,W1134.png
0.25,0.25,0.25,0.4378378354711468,0.3437999776684102,0.1589213057782524,0.0682058285431676,0.8678414058685401,0.8678414058685401,1,ZB0236.png
0.999999974358975,0.9999999772727278,0.9999999758158514,0.4347826059951391,0.4460753689230794,0.2125689808467642,0.0913161182816712,0.8634361195443343,0.8634361195443343,0,u0358.png
0.9999999705882362,0.9999999777777784,0.9999999741830072,0.7266186998084986,0.3155896451796233,0.2354750761639434,0.1006905769634244,0.8854625511653632,0.8854625511653632,1,C0181.png
0.9999999772727278,0.9999999772727278,0.9999999772727278,3.1578945706371275,0.6080184605071483,0.2455549106901018,0.0853648915164927,0.8590308332201285,0.8590308332201285,0,n0204.png
0.9999999696969708,0.9999999696969708,0.9999999696969708,0.4411764576124571,0.5803485158660527,0.2163824698589884,0.0965140478640156,0.8193832563022764,0.8193832563022764,0,r0128.png
0.9999999736842112,0.9999999714285724,0.9999999725563918,1.0425531803983703,0.3551108532827989,0.1341409300351611,0.0238264299796495,0.8590308332201285,0.8590308332201285,1,W0252.png
0.9999999729729736,0.9999999761904768,0.9999999745817252,1.557377023649557,0.4504257237521047,0.2293019887470749,0.1082548476424306,0.8370044015990996,0.8370044015990996,0,za0360.png
0.9999999729729736,0.9999999736842112,0.9999999733285924,0.3205128164036818,0.3584667579434792,0.1352560130696975,0.0362153257509773,0.8546255468959227,0.8546255468959227,0,m0318.png
0.9999999830508478,0.9999999830508478,0.9999999830508478,4.130434603024582,0.5408172596885119,0.2015896358955995,0.0497186528918642,0.8325991152748937,0.8325991152748937,1,L0407.png
0.9999999629629645,0.999999956521741,0.9999999597423528,0.7131782890451296,0.271412719151933,0.1367845501045221,0.0456639886564962,0.8105726836538648,0.8105726836538648,0,h0226.png
0.999999972222223,0.9999999714285724,0.9999999718253976,1.3809523151927467,0.5847856243191721,0.1709873173585043,0.0631510416649535,0.8458149742475112,0.8458149742475112,1,V0500.png
0.9999999756097568,0.9999999756097568,0.9999999756097568,1.5322580398022898,0.4558271685405464,0.2413070081394001,0.0995290858698191,0.8370044015990996,0.8370044015990996,0,za0917.png
0.25,0.25,0.25,0.8015872952254977,0.3074158435063075,0.2036084028056844,0.0620772473271719,0.889867837489569,0.889867837489569,1,E0084.png
0.9999999772727278,0.9999999807692312,0.9999999790209796,0.6196318980390682,0.3480611281862024,0.2402764243412097,0.0421527301234645,0.889867837489569,0.889867837489569,0,e0529.png
0.25,0.25,0.25,0.4300518112432548,0.4425358964762312,0.1964958680542808,0.0455851163777394,0.850220260571717,0.850220260571717,1,G0180.png
0.9999999787234048,0.9767441633315312,0.988372071027468,0.2222222172839507,0.4111312745098039,0.1426974863860797,0.0499749999987506,0.8810572648411574,0.8810572648411574,1,X1486.png
0.25,0.25,0.25,0.391534389462781,0.4383825409450474,0.1916381150585543,0.0470591528779412,0.8325991152748937,0.8325991152748937,1,G0505.png
0.9999999714285724,0.999999974358975,0.9999999728937736,0.4294871767340565,0.4291594152453881,0.2190513658992555,0.0679317677499091,0.9162995554348036,0.9162995554348036,0,zb0784.png
0.25,0.25,0.25,0.6096256651891676,0.3578599372369414,0.1995821011141592,0.0323119020351198,0.9999999955947136,0.9999999955947136,1,O1226.png
0.25,0.25,0.25,0.358381500818604,0.3907285363124841,0.1599903038866268,0.0665347771744446,0.8634361195443343,0.8634361195443343,1,ZB1011.png
0.999999982758621,0.999999982758621,0.999999982758621,0.4305555495756173,0.4123605117044578,0.2191509310746536,0.0680521962415105,0.806167397329659,0.806167397329659,1,ZC1093.png
0.9999999696969708,0.9999999777777784,0.9999999737373746,0.5364583305392795,0.3151281098734149,0.1826255718058125,0.0461636346487377,0.907488982786392,0.907488982786392,0,o0378.png
0.9999999714285724,0.9999999714285724,0.9999999714285724,0.4411764576124571,0.6020561629095574,0.2118502063876482,0.0939403471619451,0.8237885426264822,0.8237885426264822,0,r0346.png
0.99999997826087,0.9999999750000008,0.9999999766304354,2.68749983203126,0.4103083648393195,0.1704531840678558,0.0735467863872416,0.8105726836538648,0.8105726836538648,0,zc0424.png
0.9999999729729736,0.9999999729729736,0.9999999729729736,0.4743589682774491,0.4671190638830497,0.1722096336647213,0.0720109611178542,0.9295154144074212,0.9295154144074212,1,R0220.png
0.999999974358975,0.9999999777777784,0.9999999760683768,0.3205128164036818,0.3491812146291784,0.1264039044272027,0.0291387245225736,0.8590308332201285,0.8590308332201285,0,m0394.png
0.9999999629629645,0.9999999787234048,0.9999999708431846,0.666666661498708,0.4283104901960785,0.312124475788592,0.1231249999969218,0.8810572648411574,0.8810572648411574,0,a0274.png
0.9999999600000016,0.9999999696969708,0.999999964848486,0.3333333240740743,0.578924134811675,0.2176144458003886,0.1078357268803271,0.8325991152748937,0.8325991152748937,0,r0149.png
0.999999982758621,0.999999982758621,0.999999982758621,2.1249998671875083,0.5450654871323529,0.2029001864305167,0.0550672743040617,0.8458149742475112,0.8458149742475112,1,L0533.png
0.25,0.25,0.25,0.6202531606313091,0.3205059574850348,0.227837120621383,0.0403477717607156,0.8634361195443343,0.8634361195443343,0,e0846.png
0.999999972222223,0.9999999696969708,0.9999999709595968,0.7169811275661564,0.3442602090808184,0.2521725267765687,0.1045042597352072,0.9999999955947136,0.9999999955947136,1,C0105.png
0.9999999655172426,0.999999972222223,0.9999999688697327,0.3812154675070969,0.475730462764095,0.2484753798284699,0.0954417789663366,0.8678414058685401,0.8678414058685401,0,zb0345.png
0.9999999600000016,0.9999999600000016,0.9999999600000016,0.8913043381379964,0.4163006060323686,0.2016809960369142,0.0982648944308738,0.8854625511653632,0.8854625511653632,1,P0048.png
0.25,0.25,0.25,0.35999999712,0.3801935976921122,0.1278617755832621,0.0327262524223873,0.8722466921927459,0.8722466921927459,1,U0409.png
0.999999974358975,0.999999974358975,0.999999974358975,0.2499999930555557,0.4895251300337579,0.1329426878669293,0.0337458723715067,0.850220260571717,0.850220260571717,0,k0010.png
0.9999999824561407,0.9999999821428576,0.9999999822994992,3.241379198573131,0.5409523429109082,0.2022209764039604,0.0504753282013785,0.8281938289506879,0.8281938289506879,1,L0459.png
0.9999999736842112,0.9999999615384628,0.9999999676113372,0.7499998125000469,0.6357050382329424,0.1903024040987453,0.0472162605716697,0.7841409657086301,0.7841409657086301,1,K0425.png
0.25,0.25,0.25,0.3735632162438895,0.398888336774329,0.1709228502388273,0.0647947650192791,0.9030836964621864,0.9030836964621864,1,ZB1184.png
0.9999999767441866,0.9999999777777784,0.9999999772609824,0.1647058804152249,0.3882672288736786,0.1468702572518265,0.0319794064495438,0.8854625511653632,0.8854625511653632,1,I0997.png
0.9999999714285724,0.9999999750000008,0.9999999732142866,0.4853801141205841,0.4495771197896518,0.2423887125659645,0.0878206217067189,0.8942731238137748,0.8942731238137748,0,zb1222.png
0.9999999824561407,0.9999999824561407,0.9999999824561407,0.5164835108078735,0.3494900873643683,0.1558499361159349,0.0531422489529184,0.8854625511653632,0.8854625511653632,1,S0286.png
0.9999999677419364,0.9999999761904768,0.9999999719662068,1.5370370085733889,0.4703826237735557,0.2307584107485289,0.104861875483775,0.850220260571717,0.850220260571717,0,za0209.png
0.999999972222223,0.999999958333335,0.999999965277779,0.799999840000032,0.6363566932946018,0.1967783372199553,0.0580246913562338,0.7929515383570417,0.7929515383570417,1,K0144.png
0.25,0.25,0.25,0.6797385576487676,0.2273474663534052,0.0862882490319173,0.0211492233722922,0.9162995554348036,0.9162995554348036,1,M0479.png
0.9999999850746272,0.9999999850746272,0.9999999850746272,0.460526309729917,0.4167814893270327,0.2184480929459634,0.0580055401645981,0.8370044015990996,0.8370044015990996,1,ZC0910.png
0.25,0.25,0.25,0.7857142776967931,0.2886004818098464,0.1353822410342026,0.0664417966932844,0.8942731238137748,0.8942731238137748,1,A1230.png
0.9999999756097568,0.9999999756097568,0.9999999756097568,0.4576271108876761,0.3903750848170957,0.1330920792120606,0.0472313123232438,0.8678414058685401,0.8678414058685401,1,X0838.png
0.9999999677419364,0.9999999750000008,0.9999999713709686,0.99999990000001,0.4815933460655507,0.180696843514628,0.0739971666425896,0.9999999955947136,0.9999999955947136,0,v0709.png
0.9999999800000005,0.9999999800000005,0.9999999800000005,0.8362068893430441,0.3165456040554357,0.2146586633474533,0.0845155155333013,0.9999999955947136,0.9999999955947136,0,c0057.png
0.25,0.25,0.25,0.3636363617998163,0.4214694257450307,0.1585160897859181,0.0591899706949641,0.9999999955947136,0.9999999955947136,1,ZB1260.png
0.999999972222223,0.9999999761904768,0.99999997420635,1.4923076693491129,0.4396370161799317,0.2454875731405844,0.0980160541196269,0.850220260571717,0.850220260571717,0,za0966.png
0.25,0.25,0.25,0.7058823425605538,0.5397480572274775,0.2372304260383033,0.1125769795636945,0.8678414058685401,0.8678414058685401,1,T0398.png
0.9999999787234048,0.999999972222223,0.999999975472814,0.4266666609777779,0.4093378366435737,0.2168738589067771,0.0711066319512021,0.8325991152748937,0.8325991152748937,1,ZC1184.png
0.9999999772727278,0.9999999803921572,0.9999999788324424,0.3793103404676972,0.4160242412945259,0.2231451616214693,0.0607741059285656,0.8281938289506879,0.8281938289506879,1,ZC0772.png
0.9999999696969708,0.9999999600000016,0.999999964848486,0.4117646816609011,0.5006806862745098,0.1690982675668442,0.0684999999982875,0.8810572648411574,0.8810572648411574,0,v0055.png
0.25,0.25,0.25,0.4011627883653326,0.3391213029011438,0.1605997699644492,0.0696126070479848,0.850220260571717,0.850220260571717,1,ZB0117.png
0.9999999545454564,0.9999999750000008,0.9999999647727288,0.2195121924449732,0.592791685541784,0.2186469143585655,0.0805769473525887,0.7841409657086301,0.7841409657086301,0,n0579.png
0.25,0.25,0.25,0.232142852997449,0.4097307973554666,0.1318333824000708,0.0426278354468803,0.8986784101379806,0.8986784101379806,1,X1683.png
0.9999999767441866,0.9999999772727278,0.9999999770084572,0.2199999956000001,0.4099348605884553,0.1364940201225095,0.0520099989783693,0.8722466921927459,0.8722466921927459,1,X1556.png
0.9999999777777784,0.999999958333335,0.9999999680555568,0.712499995546875,0.3447592998269773,0.2886638663031955,0.0846901744632209,0.9999999955947136,0.9999999955947136,0,c0070.png
0.9999999705882362,0.999999956521741,0.9999999635549884,0.7318840526675069,0.3312368991060695,0.2286763376288678,0.1139328234421441,0.8854625511653632,0.8854625511653632,1,C0211.png
0.25,0.25,0.25,0.244680848460842,0.3743814537649379,0.1279726838440605,0.022212463017238,0.9162995554348036,0.9162995554348036,1,I0010.png
0.99999997826087,0.9999999795918372,0.9999999789263536,0.3773584834460664,0.4116651160352758,0.1352876037823693,0.0485384025135878,0.8854625511653632,0.8854625511653632,1,X1291.png
0.25,0.25,0.25,1.4166666371527783,0.4749398767199407,0.2270371423881475,0.1078669678827571,0.8237885426264822,0.8237885426264822,0,za0211.png
0.999999974358975,0.99999997826087,0.9999999763099224,0.5789473582640815,0.4162390488110137,0.2227585168440891,0.0664893617002464,0.8281938289506879,0.8281938289506879,1,ZC1060.png
0.9999999642857156,0.9999999772727278,0.9999999707792216,0.0789473663434903,0.5168498676091495,0.1363713570241694,0.0573230220093438,0.9030836964621864,0.9030836964621864,0,j0046.png
0.999999974358975,0.9999999772727278,0.9999999758158514,0.081632651395252,0.4867838350257442,0.129519868189011,0.0507016532090854,0.8986784101379806,0.8986784101379806,0,j0702.png
0.9999999791666672,0.9999999818181822,0.9999999804924248,0.2291666618923612,0.4280528665596185,0.1341266829729412,0.0448726042260328,0.8766519785169516,0.8766519785169516,1,X0171.png
0.25,0.25,0.25,1.8269230417899416,0.4755939384063875,0.235670330006338,0.1073407202186332,0.8370044015990996,0.8370044015990996,0,za0381.png
0.9999999729729736,0.9999999777777784,0.999999975375376,0.3170731668649614,0.3563481986252885,0.1323446679464138,0.0302808935802082,0.907488982786392,0.907488982786392,0,m0365.png
0.999999974358975,0.999999974358975,0.999999974358975,1.644067768744614,0.4748285433846192,0.2484455965574126,0.1046072908889199,0.8546255468959227,0.8546255468959227,0,za0763.png
0.9999999600000016,0.9999999687500012,0.9999999643750012,0.4117646937716266,0.5793882423951926,0.214197168525895,0.1019975101827184,0.8281938289506879,0.8281938289506879,0,r0122.png
0.99999997826087,0.9999999777777784,0.9999999780193244,0.7499998125000469,0.4863693937983862,0.1635100834156729,0.0249942023750935,0.8678414058685401,0.8678414058685401,0,i0515.png
0.9999999714285724,0.9999999787234048,0.9999999750759884,0.4817518213010816,0.4536525352328431,0.2136699441715738,0.0879177517337262,0.8458149742475112,0.8458149742475112,0,u0142.png
0.25,0.25,0.25,0.687999994496,0.3778045217932569,0.2757157951847512,0.1369527686841466,0.8678414058685401,0.8678414058685401,0,a0066.png
0.9999999642857156,0.9999999666666678,0.9999999654761916,0.2641509384122464,0.4930077981589656,0.1583426209343235,0.068032545827173,0.889867837489569,0.889867837489569,0,v0100.png
0.25,0.25,0.25,0.7037036993598538,0.2291793808093596,0.0967929008613039,0.024122338876669,0.9999999955947136,0.9999999955947136,1,M0555.png
0.9999999545454564,0.999999958333335,0.9999999564393958,0.2333333294444445,0.5789623594590191,0.2315291904154308,0.0836011080309251,0.8370044015990996,0.8370044015990996,0,n0775.png
0.9999999750000008,0.9999999756097568,0.9999999753048788,0.1647058804152249,0.3846157952797713,0.1406780138706462,0.0289349273525671,0.8854625511653632,0.8854625511653632,1,I1060.png
0.25,0.25,0.25,0.4402515695581662,0.3458896824035737,0.1518704125554092,0.0642961266122371,0.8634361195443343,0.8634361195443343,1,ZB1574.png
0.25,0.25,0.25,3.777777358024738,0.6140437850479443,0.2039008063186141,0.0944291398812766,0.8722466921927459,0.8722466921927459,0,r0428.png
0.9999999677419364,0.9999999600000016,0.999999963870969,0.6666666222222252,0.5610317874726669,0.1836434818105579,0.0445872870103921,0.8722466921927459,0.8722466921927459,0,d0259.png
0.25,0.25,0.25,0.791666658420139,0.3151634764554245,0.1519603186988885,0.0545865556203548,0.9030836964621864,0.9030836964621864,1,A0515.png
0.25,0.25,0.25,0.6849315021580035,0.228394212663475,0.0849513645116567,0.0229792176959425,0.8766519785169516,0.8766519785169516,1,M0237.png
0.25,0.25,0.25,0.3999999970370371,0.3111078431372548,0.1297702843538101,0.0477749999988056,0.8810572648411574,0.8810572648411574,1,S0099.png
0.9999999772727278,0.9999999772727278,0.9999999772727278,0.2358490543787825,0.4018670588235294,0.1975442573761614,0.0722499999981937,0.8810572648411574,0.8810572648411574,0,m0505.png
0.9999999545454564,0.999999958333335,0.9999999564393958,0.432432426588751,0.4138436718994868,0.2211289936132181,0.0636320371752293,0.8325991152748937,0.8325991152748937,1,ZC1110.png
0.9999999705882362,0.9999999696969708,0.9999999701426034,1.5624999674479174,0.4686679180864159,0.2329294427371903,0.1072378309600174,0.8193832563022764,0.8193832563022764,0,za0454.png
0.25,0.25,0.25,1.1315789175900286,0.4900289460028884,0.221033311036697,0.0747422680392511,0.8546255468959227,0.8546255468959227,0,p0244.png
0.25,0.25,0.25,0.3333333111111126,0.5167591949529496,0.1549275028228547,0.0395287245355429,0.8854625511653632,0.8854625511653632,0,x0128.png
0.25,0.25,0.25,2.8823528564013867,0.448364259839373,0.2082236328387898,0.0690335305701766,0.8590308332201285,0.8590308332201285,1,N0582.png
0.9999999615384628,0.9999999777777784,0.9999999696581208,1.214285696938776,0.5978599242951619,0.3635372522340503,0.1446468195232838,0.9162995554348036,0.9162995554348036,1,ZA0385.png
0.25,0.25,0.25,0.4583333237847224,0.4123131374810593,0.1428359032216773,0.0462562475959665,0.8986784101379806,0.8986784101379806,1,X1515.png
0.9999999777777784,0.9999999729729736,0.999999975375376,0.4111111088271605,0.4434009334781765,0.2363843415039303,0.086598306293067,0.8722466921927459,0.8722466921927459,0,zb0166.png
0.25,0.25,0.25,0.2048192746407316,0.4211469079348238,0.1387625563128814,0.0532055680802567,0.889867837489569,0.889867837489569,1,J0430.png
0.9999999750000008,0.999999972222223,0.9999999736111118,2.1333332859259277,0.4428929015182462,0.2036486107312936,0.0544162326374127,0.8458149742475112,0.8458149742475112,0,g0086.png
0.9999999772727278,0.9999999772727278,0.9999999772727278,0.4196891169964294,0.445206319527462,0.1950475521010859,0.0468737415756966,0.850220260571717,0.850220260571717,1,G0156.png
0.25,0.25,0.25,0.5471698009967962,0.1783716256585736,0.0844266383369586,0.0517082178972889,0.2511013204797299,0.2511013204797299,1,E0187.png
0.25,0.25,0.25,0.5474860304609719,0.2416651354419318,0.1150792573277792,0.0201738858803578,0.8634361195443343,0.8634361195443343,1,Y0134.png
0.9999999666666678,0.9999999666666678,0.9999999666666678,0.6273291886501293,0.3370760459854954,0.2268136008993205,0.0432065483765511,0.889867837489569,0.889867837489569,0,e1053.png
0.9999999772727278,0.9999999772727278,0.9999999772727278,0.1666666646825397,0.3888325365818146,0.1502429545994799,0.0288771870215516,0.8942731238137748,0.8942731238137748,1,I1006.png
0.999999958333335,0.999999958333335,0.999999958333335,0.2444444390123458,0.4081281234059921,0.1486520333473857,0.0498997549553253,0.8854625511653632,0.8854625511653632,1,X1478.png
0.9999999795918372,0.9999999795918372,0.9999999795918372,0.6093749952392579,0.3988667008809209,0.2098838580565452,0.0863640819506331,0.889867837489569,0.889867837489569,1,Q0171.png
0.999999956521741,0.9999999761904768,0.999999966356109,0.2340425482118606,0.3775885864549901,0.134841912043463,0.0491722199070915,0.8634361195443343,0.8634361195443343,1,X0286.png
0.9999999803921572,0.9999999803921572,0.9999999803921572,0.7844827518579073,0.3437589236878183,0.1898525938321068,0.0382502113259796,0.8017621110054532,0.8017621110054532,0,l0128.png
0.25,0.25,0.25,0.6470587854671302,0.3753047917391809,0.1377950701253939,0.0655621301619971,0.2863436110733762,0.2863436110733762,0,i0846.png
0.999999972222223,0.999999974358975,0.9999999732905992,0.4162162139663988,0.4216930139991406,0.2238734089383503,0.0799692425970787,0.8986784101379806,0.8986784101379806,0,zb0089.png
0.999999985714286,0.999999985714286,0.999999985714286,0.2619047556689344,0.4000037326315986,0.1585988510989939,0.0646118529698325,0.8325991152748937,0.8325991152748937,0,zc1494.png
0.9999999729729736,0.9999999677419364,0.9999999703574552,0.3684210332409982,0.4919154985637252,0.1833707816742608,0.0629742475098881,0.9999999955947136,0.9999999955947136,0,v0036.png
0.25,0.25,0.25,0.405405399926954,0.5004056641469243,0.1847440932392916,0.0858059139899041,0.8766519785169516,0.8766519785169516,1,R0009.png
0.9999999777777784,0.9999999795918372,0.9999999786848076,0.1785714264455782,0.4438229529231398,0.1517747884220376,0.0507869355110561,0.9999999955947136,0.9999999955947136,1,J0175.png
0.999999956521741,0.9999999772727278,0.9999999668972344,0.2023809499716553,0.390041486273463,0.1408476516323006,0.0321531704231562,0.8942731238137748,0.8942731238137748,1,I0609.png
0.999999958333335,0.999999958333335,0.999999958333335,0.9324324198319944,0.531768625817674,0.2414840930000427,0.1077155351908653,0.8634361195443343,0.8634361195443343,1,T0503.png
0.9999999545454564,0.9999999545454564,0.9999999545454564,0.6533333289777778,0.3953171159325005,0.2022906119679092,0.0695595003269018,0.8590308332201285,0.8590308332201285,0,q0270.png
0.999999956521741,0.999999956521741,0.999999956521741,0.6298701257800642,0.3221188198762014,0.2108975817646784,0.0763510429789698,0.850220260571717,0.850220260571717,0,y0163.png
0.999999958333335,0.9999999545454564,0.9999999564393958,0.4499999943750001,0.4424646544670311,0.1649696673457331,0.058004285275533,0.8722466921927459,0.8722466921927459,1,R0147.png
0.25,0.25,0.25,0.2407407362825789,0.4067930671925666,0.1327810334998941,0.0484756396419842,0.889867837489569,0.889867837489569,1,X1589.png
0.25,0.25,0.25,0.6470587854671302,0.4236179395165752,0.1568167369035567,0.0924482665701563,0.268722465776553,0.268722465776553,0,i1038.png
0.9999999756097568,0.9999999714285724,0.9999999735191644,0.384999998075,0.4357829737607174,0.2185010075286847,0.0520784239784127,0.907488982786392,0.907488982786392,0,s0422.png
0.25,0.25,0.25,0.7789473602216067,0.3024154686872298,0.1511763435125583,0.0676404274074198,0.889867837489569,0.889867837489569,1,A1100.png
0.9999999855072468,0.9999999855072468,0.9999999855072468,0.8484848399142946,0.3204281601693932,0.1646310126625205,0.0601423816554146,0.9162995554348036,0.9162995554348036,1,A0505.png
0.999999958333335,0.9999999772727278,0.9999999678030314,0.2272727221074381,0.399913599397214,0.1582393821486183,0.044873051660502,0.889867837489569,0.889867837489569,1,X0741.png
0.9999999545454564,0.9999999545454564,0.9999999545454564,0.2432432399561724,0.472505214909077,0.2031985094260944,0.0732984293173625,0.8414096879233054,0.8414096879233054,1,N0787.png
0.25,0.25,0.25,0.6811594104179796,0.5297307729812015,0.2334229413307607,0.1156175113990152,0.8678414058685401,0.8678414058685401,1,T0086.png
0.9999999545454564,0.999999972222223,0.9999999633838398,0.9999997500000624,0.6072051066923445,0.1886824721784851,0.067538466337894,0.7885462520328359,0.7885462520328359,1,K0022.png
0.9999999523809546,0.9999999795918372,0.9999999659863958,0.2698412655580751,0.3950863029725039,0.1696595339377327,0.0548590819102917,0.907488982786392,0.907488982786392,1,B0230.png
0.9999999705882362,0.9999999629629645,0.9999999667756004,0.9999997500000624,0.6685520742825599,0.1960790741086917,0.0638176997833664,0.7841409657086301,0.7841409657086301,1,K0242.png
0.25,0.25,0.25,0.4255319058397467,0.4074600172486509,0.1375581736697076,0.0498254993675942,0.8854625511653632,0.8854625511653632,1,X1246.png
0.9999999714285724,0.9999999545454564,0.9999999629870144,16.599996680000665,0.4581201737762823,0.1929409865518692,0.0609072978287729,0.8590308332201285,0.8590308332201285,0,w0240.png
0.99999997826087,0.99999997826087,0.99999997826087,0.6202531606313091,0.3141417791606439,0.2028168197918354,0.0746563931675693,0.8634361195443343,0.8634361195443343,0,y0574.png
0.9999999696969708,0.999999958333335,0.9999999640151528,0.7499998125000469,0.6336418580862097,0.1926636395465807,0.0533961776842266,0.7753303930602186,0.7753303930602186,1,K0426.png
0.9999999736842112,0.9999999736842112,0.9999999736842112,3.142856993197286,0.5927205882352942,0.1663365420699763,0.05759999999856,0.8810572648411574,0.8810572648411574,0,w0854.png
0.25,0.25,0.25,1.7777777448559675,0.4524791040837266,0.2207218204507905,0.1053973301141581,0.8414096879233054,0.8414096879233054,0,za0051.png
0.25,0.25,0.25,0.1578947340720222,0.5582097205201525,0.1830970813682157,0.049669053818097,0.8458149742475112,0.8458149742475112,0,d0442.png
0.9999999729729736,0.9999999750000008,0.9999999739864872,0.4666666355555576,0.6076626540196277,0.1570694497169065,0.0652276453793664,0.9295154144074212,0.9295154144074212,0,w0017.png
0.999999972222223,0.9999999767441866,0.9999999744832048,0.5489130404950379,0.3270324324220424,0.1909900277538918,0.0463925105370455,0.889867837489569,0.889867837489569,0,o0597.png
0.9999999642857156,0.9999999545454564,0.999999959415586,0.6666666222222252,0.58050521929007,0.1959763841417665,0.0704221367114525,0.8281938289506879,0.8281938289506879,0,w0366.png
0.25,0.25,0.25,2.0799999168000034,0.4523952438118104,0.2040734090899729,0.0678883798399654,0.8634361195443343,0.8634361195443343,1,N0971.png
0.999999974358975,0.9999999777777784,0.9999999760683768,0.4888888852674897,0.4443810799843119,0.2101110023764732,0.0978147762718864,0.8193832563022764,0.8193832563022764,0,u0270.png
0.25,0.25,0.25,0.2812499956054688,0.3867169976186607,0.1584510572043719,0.0486961209306013,0.9295154144074212,0.9295154144074212,1,B0173.png
0.999999981132076,0.999999981132076,0.999999981132076,0.599999880000024,0.4843625916478363,0.166116158733058,0.0191948360790314,0.8942731238137748,0.8942731238137748,0,i0420.png
0.9999999761904768,0.999999974358975,0.999999975274726,1.555555530864198,0.4784844550064924,0.2511056254327251,0.1068044564736879,0.8634361195443343,0.8634361195443343,0,za0725.png
0.25,0.25,0.25,0.8243243131848066,0.5328562911747701,0.2361774506781164,0.1049892868047906,0.8722466921927459,0.8722466921927459,1,T0541.png
0.25,0.25,0.25,0.7727272376033073,0.5648481115536492,0.183669843740619,0.0513509114569403,0.8458149742475112,0.8458149742475112,0,d0352.png
0.25,0.25,0.25,0.1851851828989483,0.3906457480951564,0.1502879753190776,0.0263431903366737,0.8634361195443343,0.8634361195443343,1,I0978.png
0.25,0.25,0.25,0.4380952360090703,0.3296702903638118,0.1570211624287728,0.0558326379309547,0.9999999955947136,0.9999999955947136,1,ZB0466.png
0.9999999761904768,0.9999999761904768,0.9999999761904768,0.5876288629503666,0.3223985427585228,0.1880627926497047,0.0209396650425791,0.9999999955947136,0.9999999955947136,1,O1192.png
0.25,0.25,0.25,0.626582274515302,0.3175998694460906,0.2163852188806696,0.0771212862975824,0.8678414058685401,0.8678414058685401,0,y0797.png
0.25,0.25,0.25,0.8999999918181819,0.3418990642457606,0.1439735690876491,0.0186296992960748,0.8678414058685401,0.8678414058685401,1,W0091.png
0.9999999545454564,0.9999999777777784,0.9999999661616176,0.323699420094223,0.4185896273697065,0.1549172964775932,0.0553193750649559,0.8546255468959227,0.8546255468959227,1,ZB0920.png
0.25,0.25,0.25,2.599999896000004,0.4519757887850579,0.2071992437369292,0.066294255686504,0.8722466921927459,0.8722466921927459,1,N0691.png
0.25,0.25,0.25,0.4745762631427752,0.283143816444342,0.115595281079426,0.0432538269808424,0.4669603503658134,0.4669603503658134,0,c0217.png
0.999999958333335,0.9999999772727278,0.9999999678030314,0.9268292607574856,0.3321770075027235,0.2249913022992603,0.0536396980330757,0.9999999955947136,0.9999999955947136,1,E0253.png
0.9999999787234048,0.999999974358975,0.99999997654119,0.499999989130435,0.4869226636197316,0.2691397014089944,0.0929298184734382,0.8193832563022764,0.8193832563022764,0,c0295.png
0.9999999772727278,0.9767441633315312,0.9883720703021296,0.2352941130334487,0.4109019607843137,0.13835785138679,0.0550999999986225,0.8810572648411574,0.8810572648411574,1,X1614.png
0.9999999736842112,0.9999999736842112,0.9999999736842112,0.4285714081632663,0.504888785757564,0.1520536846535974,0.0413938198542697,0.8590308332201285,0.8590308332201285,0,x0022.png
0.9999999800000005,0.9999999787234048,0.9999999793617026,0.4430379690754688,0.4089752871626433,0.2157248176668938,0.0633754557149372,0.8414096879233054,0.8414096879233054,1,ZC0937.png
0.25,0.25,0.25,0.8020833249782987,0.3092225682658548,0.1495554819451356,0.0568947055310673,0.9030836964621864,0.9030836964621864,1,A0046.png
0.25,0.25,0.25,1.0618556591561272,0.2425389182442757,0.0787846975780764,0.0197977394403379,0.9030836964621864,0.9030836964621864,1,M0082.png
0.999999958333335,0.9999999761904768,0.999999967261906,2.043478216446126,0.4512495381063003,0.1998235043006013,0.0479281649447245,0.8237885426264822,0.8237885426264822,0,g0139.png
0.25,0.25,0.25,0.7058823114186875,0.6102661406788243,0.2308754727961436,0.0838027420532521,0.8546255468959227,0.8546255468959227,0,n0435.png
0.9999999772727278,0.9999999736842112,0.9999999754784696,0.4305555495756173,0.4137563901300165,0.2188583219932182,0.076590991423844,0.8017621110054532,0.8017621110054532,1,ZC0455.png
0.25,0.25,0.25,0.6999999950000001,0.2581778241868739,0.1294049283187069,0.0279815910577782,0.8590308332201285,0.8590308332201285,1,Y0195.png
0.9999999850746272,0.9999999850746272,0.9999999850746272,0.8124999915364585,0.3009063706545866,0.1492900961988519,0.0593599773762993,0.907488982786392,0.907488982786392,1,A0928.png
0.9999999767441866,0.99999997826087,0.9999999775025284,1.386363604855373,0.3889331237845911,0.1488030025152369,0.0351622218438893,0.8942731238137748,0.8942731238137748,1,W0629.png
0.25,0.25,0.25,0.202702699963477,0.6239378972992119,0.2393600129233676,0.0856336174971729,0.8414096879233054,0.8414096879233054,0,n0266.png
0.25,0.25,0.25,1.0547945060987054,0.4110716443695534,0.1989720590793183,0.0770128038173553,0.8458149742475112,0.8458149742475112,1,P0534.png
0.9999999750000008,0.9999999787234048,0.9999999768617028,0.3556701012594325,0.3509495497635763,0.1417550598294635,0.0471622914218524,0.8546255468959227,0.8546255468959227,1,U0492.png
0.25,0.25,0.25,0.6249999609375024,0.3988557590161868,0.1459477179308929,0.0606060605921473,0.290748897397582,0.290748897397582,0,i0748.png
0.9999999800000005,0.9999999777777784,0.9999999788888894,0.5347222185088735,0.4080675741916901,0.209436163929789,0.0794231935473277,0.9295154144074212,0.9295154144074212,1,Q0484.png
0.9999999615384628,0.9999999772727278,0.9999999694055954,0.5026454999860026,0.2566175441369964,0.1378629426962616,0.0324179054328709,0.8325991152748937,0.8325991152748937,0,h0415.png
0.25,0.25,0.25,0.2432432399561724,0.4685492474997729,0.193795026646018,0.06904964227765,0.8414096879233054,0.8414096879233054,1,N0190.png
0.25,0.25,0.25,0.3684210506925208,0.4339770789202107,0.1922866860355288,0.0485318559543343,0.8370044015990996,0.8370044015990996,1,G0513.png
0.9999999787234048,0.9999999795918372,0.999999979157621,0.3076922998027616,0.5024823558435737,0.1576649222888215,0.0456127847360101,0.8414096879233054,0.8414096879233054,0,x0078.png
0.9999999687500012,0.9999999729729736,0.9999999708614874,0.9999996666667778,0.6778221347710682,0.193927564112305,0.0629151068692514,0.8017621110054532,0.8017621110054532,1,K0612.png
0.25,0.25,0.25,0.9999996666667778,0.5089973018796717,0.2086384758458221,0.1450732547701599,0.2599118931281414,0.2599118931281414,0,c0103.png
0.9999999729729736,0.9999999772727278,0.9999999751228508,0.5573770461345516,0.3329932492027953,0.2046544277785253,0.0510861207215713,0.8986784101379806,0.8986784101379806,0,o0530.png
0.9999999818181822,0.9999999818181822,0.9999999818181822,4.130434603024582,0.5662851148689929,0.2007796927596986,0.0488788107822043,0.8325991152748937,0.8325991152748937,1,L0613.png
0.25,0.25,0.25,0.6643356596899604,0.2451293823427862,0.120015946949985,0.0194563422071202,0.8325991152748937,0.8325991152748937,1,Y0745.png
0.99999997826087,0.99999997826087,0.99999997826087,0.2399999952000001,0.4084086274509804,0.1342154932816326,0.0465249999988368,0.8810572648411574,0.8810572648411574,1,X1320.png
0.25,0.25,0.25,0.1818181794569067,0.4379227526713067,0.1444083767633341,0.0589893147716157,0.889867837489569,0.889867837489569,1,J0420.png
0.25,0.25,0.25,0.1627906957815035,0.4045237804411679,0.135047451799197,0.0236953948257545,0.9999999955947136,0.9999999955947136,1,I0056.png
0.9999999677419364,0.9999999767441866,0.9999999722430616,0.9999999230769292,0.4843295170927926,0.1846365972689685,0.0535814783897692,0.9999999955947136,0.9999999955947136,0,v0129.png
0.9999999642857156,0.9999999642857156,0.9999999642857156,0.9175257637368478,0.43591343409239,0.3162726523784855,0.1249387314938501,0.889867837489569,0.889867837489569,0,a0282.png
0.999999972222223,0.999999972222223,0.999999972222223,0.7938144248060369,0.5004384962321357,0.2533876454450645,0.1189574515452845,0.8854625511653632,0.8854625511653632,1,T0766.png
0.999999972222223,0.9999999761904768,0.99999997420635,0.5617977496528216,0.3185507793178128,0.2007189215426682,0.050276508167716,0.8766519785169516,0.8766519785169516,0,o0073.png
0.25,0.25,0.25,0.3529411557093437,0.5129592501835762,0.1587199504428256,0.0456424345920734,0.8854625511653632,0.8854625511653632,0,x0519.png
0.25,0.25,0.25,0.8723404069714807,0.6556309087249644,0.3634954987882421,0.0997354946710734,0.8942731238137748,0.8942731238137748,1,ZA0308.png
0.9999999696969708,0.99999997826087,0.9999999739789204,0.4052863418269324,0.3425513674196027,0.1788481502700205,0.0571716897270047,0.9999999955947136,0.9999999955947136,1,ZB0629.png
0.9999999736842112,0.9999999736842112,0.9999999736842112,0.5025380685150352,0.3884085912960355,0.2017597843176946,0.0700610683070921,0.8678414058685401,0.8678414058685401,0,q0287.png
0.9999999629629645,0.9999999629629645,0.9999999629629645,0.704545449207989,0.3943711317668167,0.2988034710503825,0.129950019220253,0.8986784101379806,0.8986784101379806,0,a0353.png
0.9999999791666672,0.9999999772727278,0.9999999782196975,0.3333332222222592,0.4988094388260956,0.1620718100338124,0.0239619274235821,0.9030836964621864,0.9030836964621864,0,i0360.png
0.9999999777777784,0.999999974358975,0.9999999760683768,0.8474576199367998,0.2940123813470743,0.203240170301538,0.0608065452877248,0.8766519785169516,0.8766519785169516,1,E0142.png
0.9999999761904768,0.9999999761904768,0.9999999761904768,0.1772151876301875,0.4328226470588235,0.12915414592435,0.0550749999986231,0.8810572648411574,0.8810572648411574,1,J0048.png
0.25,0.25,0.25,2.5555554135802545,0.4595355325921726,0.2042856928908226,0.0722926020168637,0.8237885426264822,0.8237885426264822,1,N0550.png
0.9999999756097568,0.9999999756097568,0.9999999756097568,0.5798816533734813,0.3569314250387841,0.1949997414662528,0.0416418798324415,0.9030836964621864,0.9030836964621864,1,O0732.png
0.9999999687500012,0.9999999629629645,0.9999999658564828,0.9999997500000624,0.6703209307192806,0.1971191062557159,0.0678193564474323,0.7885462520328359,0.7885462520328359,1,K0249.png
0.9999999871794872,0.9999999871794872,0.9999999871794872,0.4477611918021831,0.4198308040327093,0.2242165963882532,0.0901462835056026,0.8854625511653632,0.8854625511653632,1,P0856.png
0.99999997826087,0.9999999756097568,0.9999999769353134,0.2972972892622354,0.4068032874710396,0.1701614312206561,0.0793693451557416,0.806167397329659,0.806167397329659,0,zc0119.png
0.9999999767441866,0.9999999814814818,0.9999999791128342,0.5987654284026825,0.32352367401362,0.1806738879034907,0.0370479744412723,0.850220260571717,0.850220260571717,1,O0305.png
0.999999972222223,0.9999999772727278,0.9999999747474756,0.4423076894723866,0.4460237901254684,0.213955767134256,0.095955678667702,0.8370044015990996,0.8370044015990996,0,u0359.png
0.9999999629629645,0.9999999600000016,0.999999961481483,0.3823529299307962,0.6065584309509884,0.2209674803101653,0.0998238227447871,0.806167397329659,0.806167397329659,0,r0206.png
0.9999999761904768,0.9999999677419364,0.9999999719662068,0.5659340628245382,0.327893527428818,0.1988645882601405,0.0418084473517713,0.9030836964621864,0.9030836964621864,0,o0019.png
0.9999999756097568,0.9999999756097568,0.9999999756097568,0.1964285679209184,0.4362808861880127,0.122912293462242,0.0513950419443068,0.907488982786392,0.907488982786392,1,J0286.png
0.9999999523809546,0.9999999523809546,0.9999999523809546,0.1927710820148062,0.4216754952720733,0.123443898658336,0.0496255547325807,0.9162995554348036,0.9162995554348036,1,J0274.png
0.9999999729729736,0.9999999787234048,0.9999999758481892,0.4999999900000002,0.4941121725073288,0.2710816370859911,0.0905259201565001,0.850220260571717,0.850220260571717,0,c0285.png
0.9999999677419364,0.999999958333335,0.9999999630376356,0.6742424191345271,0.3842964947904365,0.285677866342457,0.1329511880979533,0.8766519785169516,0.8766519785169516,0,a1171.png
0.25,0.25,0.25,0.1891891866325785,0.5987731718201684,0.235300224262664,0.0862517846620684,0.8325991152748937,0.8325991152748937,0,n0076.png
0.9999999629629645,0.9999999629629645,0.9999999629629645,0.4999999642857168,0.6311139400380152,0.1974685051269248,0.0729675380614457,0.7797356793844243,0.7797356793844243,0,w0550.png
0.25,0.25,0.25,0.6533333289777778,0.3985940294485141,0.2048992744756435,0.0645043731761634,0.8634361195443343,0.8634361195443343,0,q0166.png
0.9999999756097568,0.9999999629629645,0.9999999692863606,1.083333243055563,0.4879010422153591,0.1352767508404544,0.0481195211601442,0.907488982786392,0.907488982786392,0,j0646.png
0.9999999666666678,0.99999997826087,0.9999999724637688,0.715277772810571,0.3109425219800428,0.2373775976295557,0.0848571967177665,0.907488982786392,0.907488982786392,1,C0275.png
0.25,0.25,0.25,0.7142856122449125,0.4221315870098039,0.1602861488330025,0.0771484374811649,0.2819383247491703,0.2819383247491703,0,i0909.png
0.9999999846153848,0.9999999846153848,0.9999999846153848,0.8350515377829738,0.2906644224977929,0.1348158765789385,0.0679438627739921,0.8854625511653632,0.8854625511653632,1,A1400.png
0.9999999629629645,0.9999999629629645,0.9999999629629645,0.3414634063057706,0.6250771419557104,0.2166022069927367,0.0847838600892304,0.8414096879233054,0.8414096879233054,0,r0296.png
0.9999999545454564,0.9999999545454564,0.9999999545454564,0.1717171699826548,0.3800908599887362,0.1275705487172444,0.0183560435246947,0.889867837489569,0.889867837489569,1,I0767.png
0.25,0.25,0.25,0.3749999765625014,0.516876467405226,0.1582567185600267,0.0433146950438477,0.8678414058685401,0.8678414058685401,0,x0463.png
0.99999997826087,0.99999997826087,0.99999997826087,0.6153846114398422,0.3161728560287359,0.2074086902488114,0.0702009265077656,0.8414096879233054,0.8414096879233054,0,y1413.png
0.9999999736842112,0.9999999736842112,0.9999999736842112,0.2105263130193906,0.4555569448525504,0.1861248784735187,0.0620682325416604,0.8546255468959227,0.8546255468959227,1,N0291.png
0.25,0.25,0.25,0.5714285681632654,0.316290388784993,0.1661665501607134,0.035554657709766,0.8766519785169516,0.8766519785169516,1,O0036.png
0.9999999777777784,0.9999999791666672,0.9999999784722228,0.5714285659863946,0.3987155171408242,0.2005084311516746,0.0830220107059364,0.9030836964621864,0.9030836964621864,1,Q0418.png
0.25,0.25,0.25,0.6097560938429507,0.3211947058823529,0.2237183982095851,0.0430999999989225,0.8810572648411574,0.8810572648411574,0,e1036.png
0.9999999761904768,0.9999999787234048,0.9999999774569408,0.5423728721631716,0.4142326622817529,0.2224399055649724,0.0668571751905031,0.8281938289506879,0.8281938289506879,1,ZC0728.png
0.99999997826087,0.9999999705882362,0.9999999744245532,2.238095184807257,0.4131049405664064,0.1788379757339759,0.0392061540210127,0.8237885426264822,0.8237885426264822,0,l0040.png
0.9999999500000024,0.9999999767441866,0.9999999633720944,1.266666645555556,0.6331478132275502,0.3562876310050897,0.1518600305721599,0.8942731238137748,0.8942731238137748,1,ZA0220.png
0.25,0.25,0.25,0.2549019557862362,0.4118344377351094,0.1359224397589723,0.0438052672038685,0.8986784101379806,0.8986784101379806,1,X1756.png
0.999999958333335,0.999999958333335,0.999999958333335,0.7352941068339102,0.5093079425414548,0.2303096317909748,0.1161653735754021,0.8546255468959227,0.8546255468959227,1,T0215.png
0.9999999772727278,0.9999999787234048,0.9999999779980664,0.4266666609777779,0.4150558001232464,0.2232888523023385,0.0716634733600714,0.8237885426264822,0.8237885426264822,1,ZC0254.png
0.25,0.25,0.25,0.612499996171875,0.315609802632427,0.2150140527943331,0.0811045364870189,0.8590308332201285,0.8590308332201285,0,y1068.png
0.9999999677419364,0.9999999761904768,0.9999999719662068,0.3630573225282973,0.4137270858864379,0.1585810988825686,0.0590006510400661,0.8458149742475112,0.8458149742475112,1,ZB1085.png
0.9999999777777784,0.9999999814814818,0.9999999796296302,8.499995750002125,0.5062984021174395,0.128161535511158,0.0227183609444486,0.889867837489569,0.889867837489569,0,m0510.png
0.9999999666666678,0.9999999705882362,0.999999968627452,0.9999997500000624,0.6833692056704338,0.1937244415001885,0.0627641589161102,0.8017621110054532,0.8017621110054532,1,K0633.png
0.9999999729729736,0.9999999714285724,0.9999999722007732,1.1515151166207542,0.5893820869325339,0.1923757204830337,0.0732562034560731,0.8678414058685401,0.8678414058685401,1,V0463.png
0.9999999756097568,0.9999999756097568,0.9999999756097568,0.4233128808385712,0.3446809134125448,0.1511290466363001,0.0585173542204509,0.8678414058685401,0.8678414058685401,1,ZB1306.png
0.25,0.25,0.25,0.31914892937981,0.4873066481030282,0.160352361505338,0.0492307692294745,0.8590308332201285,0.8590308332201285,0,x1457.png
0.25,0.25,0.25,0.4883720816657655,0.4063008318666348,0.1354290640913735,0.0474168264202621,0.8942731238137748,0.8942731238137748,1,X0330.png
0.25,0.25,0.25,0.7194244552559392,0.3770730685648163,0.2865708719602433,0.1117396025324678,0.8766519785169516,0.8766519785169516,0,a1096.png
0.25,0.25,0.25,1.8461538106508883,0.4335005436619975,0.2184740409308482,0.070337984154208,0.8414096879233054,0.8414096879233054,1,N0284.png
0.25,0.25,0.25,0.5649717482204986,0.2340364746186346,0.119143695621032,0.0148733617834177,0.8766519785169516,0.8766519785169516,1,Y0640.png
0.9999999677419364,0.9999999756097568,0.9999999716758464,0.4387096745889698,0.4438890880451904,0.2036707867911162,0.0919667590002225,0.8370044015990996,0.8370044015990996,0,u0217.png
0.999999972222223,0.9999999800000005,0.9999999761111118,0.6195652140241021,0.3443942284165893,0.1988993631531732,0.0268974752076132,0.9999999955947136,0.9999999955947136,1,O1480.png
0.9999999750000008,0.9999999750000008,0.9999999750000008,0.5025640999868508,0.3801788812829537,0.2003385529707517,0.0704273504254982,0.8590308332201285,0.8590308332201285,0,q0511.png
0.25,0.25,0.25,0.8428571308163267,0.5121267105999424,0.2322352842921763,0.1153856479337596,0.850220260571717,0.850220260571717,1,T0303.png
0.9999999629629645,0.999999972222223,0.9999999675925936,0.3999999885714289,0.6036105589050024,0.212652864782946,0.1005540166177131,0.8370044015990996,0.8370044015990996,0,r0343.png
0.25,0.25,0.25,0.2407407362825789,0.4037089938076664,0.1318360450917925,0.0434147669601392,0.8854625511653632,0.8854625511653632,1,X1146.png
0.9999999736842112,0.9999999736842112,0.9999999736842112,0.8115941911363161,0.4270151231924378,0.2351676055856259,0.0466308853213245,0.8546255468959227,0.8546255468959227,1,F0263.png
0.9999999761904768,0.9999999761904768,0.9999999761904768,0.3484848432047751,0.408038444884255,0.1975134793282106,0.0775812232605624,0.8193832563022764,0.8193832563022764,0,m0469.png
0.25,0.25,0.25,1.1016948965814424,0.4394004540591746,0.2050224869101129,0.074448146603643,0.8634361195443343,0.8634361195443343,1,P0304.png
0.9999999696969708,0.9999999696969708,0.9999999696969708,0.5906432713997469,0.3175799758193641,0.2216988505577367,0.0379864719135872,0.889867837489569,0.889867837489569,0,e0682.png
0.9999999777777784,0.9999999777777784,0.9999999777777784,0.2686567144130096,0.4112847933716365,0.2040495650488637,0.0651865939555359,0.9999999955947136,0.9999999955947136,0,m0414.png
0.9999999800000005,0.9999999795918372,0.9999999797959188,0.5746268613833816,0.4016813521363334,0.2110371418749749,0.0879952409259251,0.9030836964621864,0.9030836964621864,1,Q0238.png
0.9999999523809546,0.9999999615384628,0.9999999569597088,0.6466666623555556,0.3930622328642372,0.2027772625529277,0.0677808481223355,0.8546255468959227,0.8546255468959227,0,q0339.png
0.25,0.25,0.25,0.5987654284026825,0.3224522203397248,0.2071519023591522,0.076681900306178,0.8546255468959227,0.8546255468959227,0,y1516.png
0.9999999772727278,0.9999999833333336,0.9999999803030308,0.406779658718759,0.3269383298010457,0.1520865321135888,0.0604740142400766,0.8546255468959227,0.8546255468959227,1,ZB0385.png
0.9999999545454564,0.9999999545454564,0.9999999545454564,0.9027777652391976,0.5273867272603485,0.245337704602881,0.1110839843719866,0.8458149742475112,0.8458149742475112,1,T0899.png
0.999999972222223,0.99999997826087,0.9999999752415464,0.1728395040390185,0.3917769148475716,0.1369219648376566,0.0267596834645262,0.8634361195443343,0.8634361195443343,1,I0722.png
0.99999997826087,0.99999997826087,0.99999997826087,0.5999999963636364,0.310385755477176,0.2042002216207794,0.0696745600229412,0.8678414058685401,0.8678414058685401,0,y0786.png
0.9999999807692312,0.9999999807692312,0.9999999807692312,0.612499996171875,0.3151619032886001,0.2064710454359348,0.0811045364870189,0.8590308332201285,0.8590308332201285,0,y0024.png
0.9999999807692312,0.9999999807692312,0.9999999807692312,0.6388888829732511,0.3797867700195357,0.1844773995584891,0.0736403053993392,0.907488982786392,0.907488982786392,1,Q0604.png
0.25,0.25,0.25,0.7699999923,0.2872561152879701,0.1376925844033525,0.0491640175677846,0.8942731238137748,0.8942731238137748,1,A0948.png
0.999999956521741,0.999999956521741,0.999999956521741,0.587499996328125,0.2849776749042149,0.1923403469478238,0.071406102545929,0.8237885426264822,0.8237885426264822,0,y1322.png
0.999999972222223,0.999999974358975,0.9999999732905992,0.7777776913580343,0.5059145466634006,0.1331035088959104,0.054039262342557,0.9030836964621864,0.9030836964621864,0,j0118.png
0.9999999729729736,0.9999999772727278,0.9999999751228508,0.0810810788897005,0.5145421067311969,0.1350052146663059,0.0523356401371507,0.8986784101379806,0.8986784101379806,0,j0058.png
0.9999999750000008,0.9999999750000008,0.9999999750000008,0.638157890538435,0.4013706109502999,0.2026748328772552,0.0673822935469395,0.8546255468959227,0.8546255468959227,0,q0260.png
0.9999999787234048,0.9999999787234048,0.9999999787234048,0.4418604548404545,0.4975354191643784,0.1627888908817213,0.0455752794202347,0.8590308332201285,0.8590308332201285,0,x1377.png
0.9999999791666672,0.9999999791666672,0.9999999791666672,0.6196318980390682,0.3433844432783406,0.2474284104376058,0.0395304381913653,0.889867837489569,0.889867837489569,0,e0442.png
0.9999999655172426,0.9999999666666678,0.9999999660919552,2.02083329123264,0.2319226361649924,0.1500579615427582,0.0482697522068171,0.850220260571717,0.850220260571717,1,H0161.png
0.999999985294118,0.999999985294118,0.999999985294118,1.0895522225439966,0.4160761632028706,0.1993448393414398,0.0771086318884595,0.8414096879233054,0.8414096879233054,1,P0495.png
0.9999999655172426,0.9999999655172426,0.9999999655172426,1.823529376009228,0.4834728711695107,0.2404026498598387,0.1045785639928148,0.8193832563022764,0.8193832563022764,0,za0827.png
0.9999999736842112,0.9999999736842112,0.9999999736842112,1.688524562483204,0.6040117110496787,0.3696502677698582,0.1518143961891299,0.9030836964621864,0.9030836964621864,1,ZA0281.png
0.25,0.25,0.25,0.578034678739684,0.3047090809253678,0.2158762563180638,0.042322163580659,0.8766519785169516,0.8766519785169516,0,e0157.png
0.9999999615384628,0.9999999705882362,0.9999999660633496,0.3876404472604469,0.3392717647058824,0.1586917049395115,0.0664249999983393,0.8810572648411574,0.8810572648411574,1,ZB0072.png
0.25,0.25,0.25,0.4199999958,0.3279098039215686,0.1303696375069693,0.0467249999988318,0.8810572648411574,0.8810572648411574,1,S0448.png
0.9999999871794872,0.9999999871794872,0.9999999871794872,1.1147540800859987,0.425127243842314,0.1951234466240798,0.0705790759464528,0.850220260571717,0.850220260571717,1,P0409.png
0.25,0.25,0.25,4.227272535123976,0.5750674481040702,0.2426725514320258,0.0895551636267306,0.8325991152748937,0.8325991152748937,0,n0319.png
0.25,0.25,0.25,0.6861313818530557,0.2603265163014051,0.1250242632845433,0.026397691262268,0.8281938289506879,0.8281938289506879,1,Y0282.png
0.999999981132076,0.999999981132076,0.999999981132076,4.476190263038559,0.5515687827869944,0.1980697492069311,0.0472781801706858,0.8281938289506879,0.8281938289506879,1,L0591.png
0.9999999705882362,0.9999999714285724,0.9999999710084042,0.4926470552011246,0.4395125397097614,0.20680406631188,0.0919929196144316,0.8634361195443343,0.8634361195443343,0,u0283.png
0.25,0.25,0.25,0.5025906709710328,0.382684835860839,0.1995953992042812,0.0697199924811479,0.850220260571717,0.850220260571717,0,q0491.png
0.9999999861111112,0.9999999861111112,0.9999999861111112,0.1395348820984316,0.4097581548893907,0.1649834202859223,0.0245785995390069,0.8854625511653632,0.8854625511653632,1,I0696.png
0.9999999756097568,0.9999999777777784,0.9999999766937676,0.2926829196906605,0.4021124509463862,0.1630953135711845,0.0772921725032578,0.8193832563022764,0.8193832563022764,0,zc1203.png
0.25,0.25,0.25,0.6075949328633232,0.3091207533360566,0.2030038815121559,0.0717773437480529,0.8458149742475112,0.8458149742475112,0,y1340.png
0.25,0.25,0.25,0.3076922998027616,0.4288328293595544,0.1621831376546786,0.053647374259115,0.9162995554348036,0.9162995554348036,1,B0144.png
0.9999999772727278,0.99999997826087,0.9999999777667988,0.6490066182184993,0.3981642657062825,0.2067608918245901,0.0693721366079401,0.8634361195443343,0.8634361195443343,0,q0122.png
0.9999999772727278,0.9999999787234048,0.9999999779980664,0.4246575284293489,0.4178527032114621,0.223904685490978,0.0668699432415508,0.8017621110054532,0.8017621110054532,1,ZC0045.png
0.25,0.25,0.25,0.6620689609512486,0.2507940155228758,0.1199040145482986,0.0216742621521898,0.8458149742475112,0.8458149742475112,1,Y1128.png
0.25,0.25,0.25,0.6808510590010564,0.2444687027520638,0.1214585391529577,0.0254104876504095,0.8414096879233054,0.8414096879233054,1,Y0691.png
0.9999999545454564,0.9999999615384628,0.9999999580419596,0.1833333302777778,0.5991788805659242,0.2218565680689692,0.1062083559693955,0.8237885426264822,0.8237885426264822,0,r0196.png
0.9999999714285724,0.9999999714285724,0.9999999714285724,0.1707317052349792,0.4411527221835479,0.1396479943664638,0.0517982618331222,0.9162995554348036,0.9162995554348036,1,J0039.png
0.25,0.25,0.25,0.1951219488399762,0.4265303332516825,0.1337337809729802,0.0516121356323233,0.9030836964621864,0.9030836964621864,1,J0381.png
0.9999999600000016,0.9999999729729736,0.9999999664864876,0.1749999978125,0.4342639418280791,0.1291727623739455,0.0570287226728499,0.889867837489569,0.889867837489569,1,J0033.png
0.9999999677419364,0.9999999677419364,0.9999999677419364,0.6760563332672089,0.2568781701048475,0.1239684097648858,0.0192057291661456,0.8458149742475112,0.8458149742475112,1,Y0259.png
0.9999999736842112,0.9999999736842112,0.9999999736842112,0.934210514023546,0.4990182689582313,0.2425795789640615,0.1274188976750903,0.8678414058685401,0.8678414058685401,1,T0990.png
0.9999999677419364,0.9999999677419364,0.9999999677419364,0.4140969144753439,0.3083595416858353,0.1686310382015505,0.0472743503648959,0.9999999955947136,0.9999999955947136,1,ZB0750.png
0.25,0.25,0.25,0.5599999888000002,0.1737533625020256,0.0872837857565141,0.0525619834536985,0.2422907478313183,0.2422907478313183,1,E0919.png
0.25,0.25,0.25,0.2089552207618623,0.4242591556767791,0.1294979037387296,0.0512204685802563,0.889867837489569,0.889867837489569,1,J0243.png
0.9999999761904768,0.9999999772727278,0.9999999767316023,0.411428569077551,0.3454454676684908,0.1521176455665025,0.0555582785987756,0.889867837489569,0.889867837489569,1,ZB1454.png
0.9999999761904768,0.9999999655172426,0.9999999708538596,0.1063829764599366,0.4737368752760789,0.1240300830065749,0.0457159015919097,0.907488982786392,0.907488982786392,0,j0164.png
0.9999999629629645,0.9999999791666672,0.9999999710648158,0.102040814244065,0.4923085097928322,0.1360783066072102,0.0526439815238796,0.907488982786392,0.907488982786392,0,j0460.png
0.25,0.25,0.25,0.4041450756261913,0.4491183076897972,0.1910782685089944,0.0432494832064418,0.850220260571717,0.850220260571717,1,G0276.png
0.9999999545454564,0.9999999545454564,0.9999999545454564,0.2291666642795139,0.3388019419049518,0.1365518952428993,0.0494047177037844,0.8854625511653632,0.8854625511653632,1,S0212.png
0.25,0.25,0.25,0.8181818033057854,0.2794819430107607,0.1076182536750815,0.0311829314441127,0.392070482854315,0.392070482854315,1,O0483.png
0.9999999600000016,0.999999958333335,0.9999999591666684,0.3617021199637847,0.4921690088757396,0.1666660882421461,0.0567908653833027,0.9162995554348036,0.9162995554348036,0,v0367.png
0.25,0.25,0.25,0.6906474770457016,0.2546341877668257,0.1184976557823868,0.0224774540165434,0.8414096879233054,0.8414096879233054,1,Y0325.png
0.9999999756097568,0.9999999772727278,0.9999999764412424,2.8666664755555686,0.3968208080894885,0.1623825713211218,0.0736011687341533,0.8149779699780706,0.8149779699780706,0,zc1478.png
0.25,0.25,0.25,0.8611110991512347,0.5371559724797991,0.2339430288251483,0.1010101010075244,0.8722466921927459,0.8722466921927459,1,T0569.png
0.9999999736842112,0.9999999642857156,0.9999999689849636,0.1666666626984128,0.4844558541674753,0.1630089004469814,0.0706946931833656,0.907488982786392,0.907488982786392,0,v0602.png
0.9999999830508478,0.999999985294118,0.9999999841724828,0.7999999915789475,0.3091892017815517,0.1589674073538136,0.0577708472548261,0.8854625511653632,0.8854625511653632,1,A0739.png
0.9999999714285724,0.9999999772727278,0.99999997435065,0.562841526979008,0.3271744855921443,0.2008044845657553,0.0485908191147,0.907488982786392,0.907488982786392,0,o0401.png
0.9999999772727278,0.9999999772727278,0.9999999772727278,0.2452830142399431,0.4092211850706471,0.1322802669837183,0.0464097423319618,0.8854625511653632,0.8854625511653632,1,X1604.png
0.9999999777777784,0.9999999777777784,0.9999999777777784,0.6078431332820711,0.3173880466743293,0.2038376678787311,0.0723494045533486,0.8193832563022764,0.8193832563022764,0,y1498.png
0.9999999736842112,0.9999999756097568,0.999999974646984,1.5652173232514206,0.6238539895004419,0.1686274691330152,0.0595183763306526,0.850220260571717,0.850220260571717,1,V0290.png
0.9999999756097568,0.99999997826087,0.9999999769353134,2.933333137777791,0.4023137662973618,0.1651061384526761,0.071251011675591,0.8193832563022764,0.8193832563022764,0,zc1141.png
0.99999997826087,0.9999999750000008,0.9999999766304354,0.5530726226085328,0.4365836274509804,0.2291602240594021,0.0768999999980775,0.8810572648411574,0.8810572648411574,0,zb0798.png
0.9999999600000016,0.9999999756097568,0.9999999678048792,0.1666666611111112,0.5603041340218738,0.1867659201739528,0.0422582390671684,0.8678414058685401,0.8678414058685401,0,d0214.png
0.25,0.25,0.25,0.1355932180407929,0.5578532167846654,0.183466585206064,0.0502718441585644,0.8678414058685401,0.8678414058685401,0,d0445.png
0.9999999523809546,0.9999999772727278,0.9999999648268412,0.1999999976470588,0.3874932136945146,0.1310164299265844,0.0310854424996703,0.8942731238137748,0.8942731238137748,1,I0300.png
0.25,0.25,0.25,0.6901408402102758,0.2435859037492548,0.1275665757810267,0.0240264473129938,0.8634361195443343,0.8634361195443343,1,Y0653.png
0.9999999883720933,0.9999999772727278,0.9999999828224104,0.7749999903125001,0.3853530125200745,0.1508006614104048,0.03368728496736,0.8854625511653632,0.8854625511653632,1,W1022.png
0.9999999600000016,0.9999999600000016,0.9999999600000016,0.1304347797731569,0.5732437873108427,0.1831997435336759,0.0513327780078266,0.8634361195443343,0.8634361195443343,0,d0339.png
0.9999999736842112,0.9999999777777784,0.9999999757309948,0.4507042190041659,0.4183846144388061,0.22530256564803,0.0650362805677973,0.806167397329659,0.806167397329659,1,ZC0253.png
0.9999999736842112,0.9999999736842112,0.9999999736842112,0.6211180085644844,0.348633431372549,0.2433157196916147,0.04519999999887,0.8810572648411574,0.8810572648411574,0,e0443.png
0.9999999772727278,0.9999999772727278,0.9999999772727278,0.6184210485630194,0.3139824603449347,0.208729240978931,0.0737041647783583,0.8281938289506879,0.8281938289506879,0,y1427.png
0.9999999818181822,0.9999999818181822,0.9999999818181822,0.428571426122449,0.3378462511364706,0.1623635513299975,0.0685717086543336,0.889867837489569,0.889867837489569,1,ZB0025.png
0.99999997826087,0.99999997826087,0.99999997826087,0.6172839468068892,0.2904897058823529,0.2061437488596629,0.0682999999982925,0.8810572648411574,0.8810572648411574,0,y1000.png
0.999999972222223,0.999999972222223,0.999999972222223,0.6447368378635735,0.3897573315040302,0.2015127188507187,0.0666389004564077,0.8634361195443343,0.8634361195443343,0,q0302.png
0.25,0.25,0.25,0.611111105452675,0.4136141859150318,0.2115048879526236,0.0738746167107146,0.8678414058685401,0.8678414058685401,0,q0070.png
0.99999997826087,0.9999999642857156,0.9999999712732928,0.7445255420107625,0.365329228577244,0.2789896667184849,0.1237985390204777,0.8986784101379806,0.8986784101379806,0,a0716.png
0.9999999777777784,0.9999999772727278,0.999999977525253,0.5988023916239378,0.3247358823529411,0.1796812783977543,0.0368499999990787,0.8810572648411574,0.8810572648411574,1,O0710.png
0.9999999787234048,0.9999999787234048,0.9999999787234048,0.6333333291111112,0.3224841670740318,0.208103866127838,0.0750415512444586,0.8370044015990996,0.8370044015990996,0,y0817.png
0.999999956521741,0.9999999772727278,0.9999999668972344,0.3015872968002016,0.3924236454599576,0.166694762694667,0.0558006021130994,0.911894269110598,0.911894269110598,1,B0193.png
0.25,0.25,0.25,0.6333333122222229,0.5613681401554705,0.1833117684101463,0.0478369493741528,0.8590308332201285,0.8590308332201285,0,d0459.png
0.9999999714285724,0.9999999714285724,0.9999999714285724,0.6510067070402235,0.2191995982153091,0.078147761318256,0.011079817196007,0.8546255468959227,0.8546255468959227,1,M0270.png
0.999999974358975,0.9999999642857156,0.9999999693223453,0.102040814244065,0.4887785281870035,0.1308883533694164,0.0476859012481216,0.9030836964621864,0.9030836964621864,0,j0483.png
0.25,0.25,0.25,0.3999999977142857,0.3405036274509804,0.1599712722681361,0.0635499999984112,0.8810572648411574,0.8810572648411574,1,ZB0075.png
0.25,0.25,0.25,1.745454513719009,0.4848909398828976,0.249200672848297,0.1042751736082824,0.8458149742475112,0.8458149742475112,0,za0719.png
0.9999999600000016,0.9999999600000016,0.9999999600000016,0.5941176435640139,0.3167744031246456,0.2189368129260252,0.0370306832654389,0.889867837489569,0.889867837489569,0,e0966.png
0.9999999787234048,0.9999999787234048,0.9999999787234048,0.6062499962109376,0.3177237480176468,0.2043498941896683,0.0687639494083121,0.8546255468959227,0.8546255468959227,0,y1492.png
0.9999999696969708,0.9999999696969708,0.9999999696969708,0.1228070153893506,0.5645031232979303,0.1868681834408689,0.0506727430541809,0.8458149742475112,0.8458149742475112,0,d0683.png
0.999999974358975,0.99999997826087,0.9999999763099224,0.9193548312955256,0.3426390393530542,0.2274270290040759,0.056046109956412,0.9999999955947136,0.9999999955947136,1,E0318.png
0.999999981132076,0.9999999824561407,0.9999999817941084,1.7999999280000027,0.5370395724452351,0.2063711710673575,0.0559132797715054,0.8105726836538648,0.8105726836538648,1,L0483.png
0.9999999714285724,0.9999999791666672,0.9999999752976196,0.7692307626561473,0.28430174291939,0.2047401564548868,0.0643518518498656,0.7929515383570417,0.7929515383570417,1,E0698.png
0.25,0.25,0.25,0.6666666222222252,0.3908732103429923,0.1262631466339475,0.0765923138735306,0.268722465776553,0.268722465776553,0,i0488.png
0.9999999729729736,0.9999999787234048,0.9999999758481892,0.1647058804152249,0.4085160784313725,0.1704398544869697,0.0345999999991349,0.8810572648411574,0.8810572648411574,1,I0522.png
0.9999999868421054,0.9999999868421054,0.9999999868421054,1.0270270131482837,0.4228587792066006,0.2056416713038694,0.0800289940648063,0.850220260571717,0.850220260571717,1,P0601.png
0.9999999750000008,0.9999999687500012,0.9999999718750008,0.4647887258480461,0.4169361348630029,0.2215736803713695,0.067289992693432,0.8149779699780706,0.8149779699780706,1,ZC1215.png
0.9999999777777784,0.9999999777777784,0.9999999777777784,0.7251908341588487,0.2619588289609472,0.1408530607713684,0.0373130193895481,0.8370044015990996,0.8370044015990996,0,h0185.png
0.9999999761904768,0.9999999705882362,0.9999999733893564,0.0857142832653062,0.5120328469281823,0.1335105277608812,0.0542058298618868,0.9030836964621864,0.9030836964621864,0,j0010.png
0.9999999761904768,0.99999997826087,0.9999999772256736,0.4358974303090073,0.4122982850904055,0.2199637088549527,0.0705636034384743,0.8281938289506879,0.8281938289506879,1,ZC0850.png
0.25,0.25,0.25,0.3207547109291564,0.4244143503429822,0.1684193646031427,0.0457024199956198,0.9999999955947136,0.9999999955947136,1,B0093.png
0.99999998630137,0.99999998630137,0.99999998630137,0.8061224407538526,0.3086931851142824,0.1523372202780181,0.0497873520698551,0.9162995554348036,0.9162995554348036,1,A0267.png
0.9999999772727278,0.99999997826087,0.9999999777667988,0.3855421640296125,0.4158707104240873,0.2220895388858099,0.0686151003592112,0.8325991152748937,0.8325991152748937,1,ZC0239.png
0.25,0.25,0.25,0.999999974358975,0.4894725237033588,0.2212038290027727,0.0750728862954218,0.8634361195443343,0.8634361195443343,0,p0186.png
0.999999958333335,0.999999958333335,0.999999958333335,0.2291666642795139,0.3380868294649664,0.1333828561001995,0.0513798345731304,0.8678414058685401,0.8678414058685401,1,S0214.png
0.9999999864864868,0.9999999864864868,0.9999999864864868,1.0399999861333336,0.4057186954354347,0.2022083806575481,0.0879486697605855,0.850220260571717,0.850220260571717,1,P0556.png
0.999999972222223,0.9999999807692312,0.999999976495727,0.6202531606313091,0.3533282700835436,0.2378014786856237,0.0450333194490568,0.8634361195443343,0.8634361195443343,0,e0559.png
0.9999999750000008,0.9999999750000008,0.9999999750000008,0.1807228893888808,0.3905748072315464,0.1551642964087366,0.0321709047743195,0.8766519785169516,0.8766519785169516,1,I0972.png
0.9999999687500012,0.9999999545454564,0.9999999616477288,0.6769230717159764,0.3777292156862745,0.2822979001662153,0.1160999999970975,0.8810572648411574,0.8810572648411574,0,a1044.png
0.9999999767441866,0.9999999767441866,0.9999999767441866,0.6086956483931948,0.3072275979425301,0.2053175157540372,0.0691913214971941,0.8590308332201285,0.8590308332201285,0,y1154.png
0.25,0.25,0.25,0.2499999930555557,0.4854306160768059,0.1537763272860464,0.0429376129226555,0.8546255468959227,0.8546255468959227,0,x0937.png
0.25,0.25,0.25,3.785714015306142,0.5986380477240206,0.2417062046259661,0.0852596975651476,0.8590308332201285,0.8590308332201285,0,n0147.png
0.25,0.25,0.25,0.5739644936451805,0.2905892986204656,0.1857536284765872,0.0679481328339566,0.850220260571717,0.850220260571717,0,y0003.png
0.9999999600000016,0.9999999600000016,0.9999999600000016,0.4999999791666675,0.5786320145415168,0.187234201278153,0.0437343852716966,0.8590308332201285,0.8590308332201285,0,d0182.png
0.9999999666666678,0.9999999666666678,0.9999999666666678,0.4179894157778338,0.3557791335336212,0.1603481390609857,0.0661699833333455,0.889867837489569,0.889867837489569,1,ZB0263.png
0.25,0.25,0.25,0.6891891845325055,0.2137642196440283,0.0818534402725145,0.0218906189921691,0.8986784101379806,0.8986784101379806,1,M0750.png
0.25,0.25,0.25,0.3333333111111126,0.5404811924769908,0.1587296110223859,0.0343086214068536,0.8634361195443343,0.8634361195443343,0,x0438.png
0.9999999777777784,0.9999999803921572,0.9999999790849678,0.3924050583239866,0.4132663216178103,0.2204358014459123,0.0672993477207441,0.8325991152748937,0.8325991152748937,1,ZC0682.png
0.25,0.25,0.25,0.189873415318058,0.3966419401286081,0.1348397599440193,0.0470972702795295,0.8986784101379806,0.8986784101379806,1,X0856.png
0.25,0.25,0.25,2.037036961591224,0.4546916160154048,0.1999501825692613,0.0642479213889799,0.8325991152748937,0.8325991152748937,1,N0405.png
0.9999999767441866,0.9999999767441866,0.9999999767441866,0.7936507873519779,0.3076925490196078,0.2050603806554823,0.0602249999984943,0.8810572648411574,0.8810572648411574,1,E0216.png
0.999999974358975,0.9999999729729736,0.9999999736659744,0.9999996666667778,0.4767702757879974,0.1162045556502597,0.0424117247611359,0.8281938289506879,0.8281938289506879,0,k0208.png
0.25,0.25,0.25,0.5439560409672745,0.3253381507689291,0.1704318964742913,0.0354300581564271,0.8722466921927459,0.8722466921927459,1,O0423.png
0.9999999750000008,0.9999999756097568,0.9999999753048788,0.7230769119526629,0.4901405618874425,0.2258730063019894,0.0533874094466537,0.8722466921927459,0.8722466921927459,1,F0407.png
0.25,0.25,0.25,1.0588235138408306,0.4304823917025626,0.2036101715808614,0.0790732277585536,0.8546255468959227,0.8546255468959227,1,P0575.png
0.25,0.25,0.25,0.7849462281188578,0.3021712745098039,0.1520881916997762,0.0660499999983487,0.8810572648411574,0.8810572648411574,1,A0861.png
0.25,0.25,0.25,0.6666666222222252,0.4108193559606052,0.1406586812385162,0.0744423541858526,0.268722465776553,0.268722465776553,0,i0400.png
0.25,0.25,0.25,0.4251496980529958,0.2953871113265838,0.1360409475802498,0.0589277564482555,0.850220260571717,0.850220260571717,1,ZB0514.png
0.25,0.25,0.25,0.6834532324931423,0.2637416761718537,0.124319975257086,0.0279224376723567,0.8370044015990996,0.8370044015990996,1,Y0117.png
0.999999972222223,0.9999999677419364,0.9999999699820796,0.411428569077551,0.3403998039215686,0.1611455710182103,0.0717749999982056,0.8810572648411574,0.8810572648411574,1,ZB0149.png
0.9999999750000008,0.9999999736842112,0.999999974342106,0.99999950000025,0.47776119913492,0.1159378775823521,0.0368612199366049,0.8237885426264822,0.8237885426264822,0,k0219.png
0.25,0.25,0.25,0.4207920771247917,0.2636166004486296,0.1296186160010976,0.0321046956172898,0.889867837489569,0.889867837489569,1,ZB0563.png
0.9999999545454564,0.9999999545454564,0.9999999545454564,0.1954022966045713,0.3731467963747069,0.1188076451647857,0.028578227245007,0.9030836964621864,0.9030836964621864,1,I1237.png
0.9999999787234048,0.99999997826087,0.9999999784921374,0.1999999973333333,0.3959383649501978,0.1371668797699815,0.0504195440694433,0.8854625511653632,0.8854625511653632,1,X0869.png
0.9999999729729736,0.9999999729729736,0.9999999729729736,0.6639999946880001,0.3857216036105649,0.277101540230627,0.1349867660000248,0.889867837489569,0.889867837489569,0,a0009.png
0.25,0.25,0.25,0.7034482710107016,0.2388762401512329,0.0787788094597991,0.0172535125817842,0.8942731238137748,0.8942731238137748,1,M0203.png
0.25,0.25,0.25,0.4080459746664024,0.3798671218315774,0.1704366502235813,0.0652877168889008,0.889867837489569,0.889867837489569,1,ZB1118.png
0.9999999791666672,0.9999999791666672,0.9999999791666672,0.6194690210666458,0.3907060382608603,0.1987255484296126,0.0776712113367248,0.9295154144074212,0.9295154144074212,1,Q0404.png
0.9999999696969708,0.999999958333335,0.9999999640151528,21.74999456250136,0.4557343211386634,0.1651341048843873,0.0570947542516217,0.8105726836538648,0.8105726836538648,0,w0315.png
0.25,0.25,0.25,0.3793103382877528,0.4099850954960831,0.1344039793568213,0.0371277938655694,0.8854625511653632,0.8854625511653632,1,X1241.png
0.9999999687500012,0.9999999807692312,0.999999974759616,0.6057142822530612,0.301287473503361,0.2186071418419675,0.0368814716642285,0.9295154144074212,0.9295154144074212,0,e0625.png
0.9999999772727278,0.9999999772727278,0.9999999772727278,0.4305555495756173,0.4151334038720009,0.2230002835487463,0.073665246358956,0.8237885426264822,0.8237885426264822,1,ZC0383.png
0.9999999761904768,0.9999999761904768,0.9999999761904768,1.573770466003763,0.4676766322848584,0.2360202003508779,0.0974121093723575,0.8458149742475112,0.8458149742475112,0,za0969.png
0.9999999818181822,0.9999999787234048,0.9999999802707936,3.789473484764553,0.5394288305171178,0.200286683784169,0.0497746423658415,0.8325991152748937,0.8325991152748937,1,L0300.png
0.9999999677419364,0.9999999677419364,0.9999999677419364,0.6896551676575505,0.3863983333333333,0.2957859028344003,0.1228499999969287,0.8810572648411574,0.8810572648411574,0,a0239.png
0.9999999814814818,0.9999999814814818,0.9999999814814818,0.8085106325637544,0.2303949917408015,0.0801437121518808,0.0210366977814233,0.9999999955947136,0.9999999955947136,1,M0808.png
0.25,0.25,0.25,0.4624999942187501,0.493527155277877,0.1885233851053465,0.0740553862858961,0.9999999955947136,0.9999999955947136,1,R0075.png
0.9999999696969708,0.9999999696969708,0.9999999696969708,0.4203821629275021,0.3477525233183551,0.1520048676716112,0.0653211805537836,0.8458149742475112,0.8458149742475112,1,ZB1327.png
0.9999999767441866,0.9999999736842112,0.999999975214199,0.5674157271493498,0.320881496332599,0.2031133536683975,0.0446276082264145,0.8854625511653632,0.8854625511653632,0,o0101.png
0.9999999714285724,0.999999958333335,0.9999999648809536,0.2142857066326533,0.487007447209653,0.1657123847929975,0.0703124999983748,0.9162995554348036,0.9162995554348036,0,v0639.png
0.9999999772727278,0.9999999736842112,0.9999999754784696,0.5614034989227457,0.4113582802971799,0.2179405872711227,0.063631733814406,0.8281938289506879,0.8281938289506879,1,ZC1244.png
0.25,0.25,0.25,0.4090908997933886,0.4947793442445849,0.1585941842083729,0.0455565758584441,0.8722466921927459,0.8722466921927459,0,x1069.png
0.9999999777777784,0.9999999777777784,0.9999999777777784,0.6089743550706772,0.3168464504915539,0.2067238726856216,0.0808310249285088,0.8370044015990996,0.8370044015990996,0,y0174.png
0.9999999761904768,0.9999999761904768,0.9999999761904768,0.3765432075522024,0.4078632432464874,0.1595073516009019,0.0582593612881782,0.8722466921927459,0.8722466921927459,1,ZB0989.png
0.999999958333335,0.9999999615384628,0.999999959935899,0.5333332977777802,0.5764723210329454,0.1855602348166929,0.0648592349430356,0.7841409657086301,0.7841409657086301,0,w0712.png
0.25,0.25,0.25,0.2533333299555556,0.4621138251218855,0.1987201732605421,0.0681486880448732,0.8634361195443343,0.8634361195443343,1,N0104.png
0.9999999777777784,0.9999999772727278,0.999999977525253,0.5454545425376762,0.3114592992137262,0.1978003539548472,0.0403450595914949,0.8986784101379806,0.8986784101379806,0,o0124.png
0.9999999767441866,0.9999999787234048,0.9999999777337956,0.5624999648437522,0.4443035024437282,0.1263064319500158,0.0485154576051291,0.8722466921927459,0.8722466921927459,1,J0246.png
0.25,0.25,0.25,0.6666666296296316,0.4095957759615536,0.1650619642617157,0.0693361999276172,0.268722465776553,0.268722465776553,0,i0927.png
0.9999999677419364,0.9999999772727278,0.999999972507332,0.2716049349184576,0.4710772331038909,0.1944129225968669,0.0543097034739528,0.8546255468959227,0.8546255468959227,1,D0105.png
0.25,0.25,0.25,0.4081632632236568,0.2673075694761124,0.1280852652122371,0.0364637256625725,0.8766519785169516,0.8766519785169516,1,ZB0549.png
0.9999999830508478,0.9999999830508478,0.9999999830508478,4.318181621900835,0.5352476244269999,0.1976391362642652,0.0527420844866397,0.8325991152748937,0.8325991152748937,1,L0744.png
0.9999999756097568,0.9999999777777784,0.9999999766937676,2.8124998242187607,0.397952534410404,0.1623290107748985,0.0756464572658686,0.8149779699780706,0.8149779699780706,0,zc1506.png
0.9999999750000008,0.9999999756097568,0.9999999753048788,0.9848484699265384,0.4370318804707945,0.2396614443467402,0.0508612754753225,0.8590308332201285,0.8590308332201285,1,F0047.png
0.9999999629629645,0.9999999756097568,0.9999999692863606,0.8260869493383743,0.3223397452259367,0.2152829146870445,0.0664315108740955,0.8325991152748937,0.8325991152748937,1,E0909.png
0.9787233834314174,0.9787233834314174,0.9787233834314174,0.3913043393194709,0.4687583585574197,0.1575274283054315,0.0424386095997722,0.8678414058685401,0.8678414058685401,0,x1258.png
0.25,0.25,0.25,0.4736841855955691,0.4933924795454438,0.1558451737658143,0.0412628526929243,0.850220260571717,0.850220260571717,0,x0907.png
0.25,0.25,0.25,0.4204545430655992,0.335285415053686,0.1611782155841206,0.0676206509522594,0.8722466921927459,0.8722466921927459,1,ZB0850.png
0.9999999795918372,0.9999999795918372,0.9999999795918372,0.6985294066284603,0.2597267164753418,0.1280081540008822,0.0280227317256509,0.8325991152748937,0.8325991152748937,1,Y0152.png
0.9999999843750004,0.9999999843750004,0.9999999843750004,0.8484848399142946,0.3107280245678153,0.1443661720449951,0.0635170118328514,0.9162995554348036,0.9162995554348036,1,A0213.png
0.9999999705882362,0.9999999777777784,0.9999999741830072,0.1785714264455782,0.3797412425136522,0.119649152973089,0.0260622679505432,0.8942731238137748,0.8942731238137748,1,I1107.png
0.9999999600000016,0.9999999600000016,0.9999999600000016,0.347826071833649,0.5064731801143761,0.1542421835220972,0.0429281867596967,0.8678414058685401,0.8678414058685401,0,x0005.png
0.9999999696969708,0.9999999666666678,0.9999999681818192,0.2745097985390236,0.5000181998989541,0.155919658886342,0.0658647063175202,0.8854625511653632,0.8854625511653632,0,v0400.png
0.999999974358975,0.999999974358975,0.999999974358975,1.637931006242569,0.4648418880017381,0.2396973805862848,0.0995290858698191,0.8370044015990996,0.8370044015990996,0,za0887.png
0.9999999761904768,0.9999999772727278,0.9999999767316023,0.7014925268433951,0.4553735803328563,0.2220310883696234,0.049178172253802,0.8590308332201285,0.8590308332201285,1,F0086.png
0.9999999761904768,0.9999999761904768,0.9999999761904768,0.2631578878116345,0.403920208388593,0.1642397836530336,0.0720314487203135,0.8193832563022764,0.8193832563022764,0,zc0913.png
0.25,0.25,0.25,0.4041450756261913,0.4305678952297179,0.1913680208521457,0.0468200488591151,0.850220260571717,0.850220260571717,1,G0409.png
0.9999999677419364,0.9999999600000016,0.999999963870969,0.2499999951923077,0.4711458042932813,0.1627466599232196,0.0720334224282465,0.9295154144074212,0.9295154144074212,0,v0900.png
0.9999999666666678,0.9999999666666678,0.9999999666666678,0.5672514586710441,0.2906028797193661,0.1933608633964176,0.0639211790903401,0.850220260571717,0.850220260571717,0,y0150.png
0.25,0.25,0.25,1.0789473400277017,0.4889597571616448,0.2220252811220287,0.0756010203799221,0.8678414058685401,0.8678414058685401,0,p0182.png
0.9999999777777784,0.9999999870129872,0.9999999823953828,0.5895953723144777,0.3207855318108218,0.2204486139181879,0.0374432769531548,0.8942731238137748,0.8942731238137748,0,e0746.png
0.9999999545454564,0.9999999545454564,0.9999999545454564,0.152173911389414,0.4088299792349938,0.1391315536709653,0.0317102990542857,0.9999999955947136,0.9999999955947136,1,I0022.png
0.9999999772727278,0.9999999803921572,0.9999999788324424,0.5604395573602222,0.3039308976185629,0.1654103991215801,0.0321270665121076,0.8986784101379806,0.8986784101379806,1,O0459.png
0.9999999736842112,0.9999999736842112,0.9999999736842112,0.7424242311753905,0.4335072084259816,0.2313074514024245,0.0509032098886844,0.8414096879233054,0.8414096879233054,1,F0080.png
0.9999999777777784,0.9999999777777784,0.9999999777777784,0.6226415055179779,0.3146568488510094,0.2075794398607199,0.0746734004979599,0.8678414058685401,0.8678414058685401,0,y0915.png
0.9999999772727278,0.9999999772727278,0.9999999772727278,0.6193548347138398,0.3176552285342195,0.2084067755228551,0.0785340314114598,0.8414096879233054,0.8414096879233054,0,y0431.png
0.9999999772727278,0.9999999736842112,0.9999999754784696,0.0888888869135803,0.4873999878016999,0.1330021759268766,0.0518899047965904,0.907488982786392,0.907488982786392,0,j0513.png
0.9999999545454564,0.9999999729729736,0.9999999637592152,0.7499998125000469,0.659927507097218,0.190162747597377,0.0628569645122543,0.7885462520328359,0.7885462520328359,1,K0557.png
0.9999999756097568,0.999999974358975,0.999999974984366,0.8888888806584363,0.3708643580718503,0.1471260937558649,0.0262780316711053,0.8546255468959227,0.8546255468959227,1,W0131.png
0.999999958333335,0.999999958333335,0.999999958333335,0.428571416326531,0.5917812941363102,0.2080246689117726,0.1080316900392477,0.8325991152748937,0.8325991152748937,0,r0085.png
0.9999999750000008,0.9999999787234048,0.9999999768617028,0.1851851828989483,0.4215511358940204,0.1282018211771857,0.0508038427592686,0.889867837489569,0.889867837489569,1,J0293.png
0.9999999655172426,0.9999999655172426,0.9999999655172426,0.1830985889704424,0.5655873912961933,0.2291362952653045,0.0864066319458389,0.8546255468959227,0.8546255468959227,0,n1009.png
0.9999999545454564,0.9999999787234048,0.9999999666344306,0.2268041213731534,0.3379106018969726,0.1326265229093807,0.0532093071181115,0.8678414058685401,0.8678414058685401,1,S0219.png
0.9999999795918372,0.9999999795918372,0.9999999795918372,0.7625899225712955,0.2236344073803461,0.0785193761062973,0.0193167269374156,0.9295154144074212,0.9295154144074212,1,M0797.png
0.25,0.25,0.25,2.416666565972226,0.4590311764705882,0.2030240768936053,0.0662499999983437,0.8810572648411574,0.8810572648411574,1,N0704.png
0.9999999729729736,0.9999999687500012,0.9999999708614874,0.1818181763085401,0.4829166485381134,0.1613059843451407,0.0640024038446745,0.9162995554348036,0.9162995554348036,0,v0795.png
0.9999999756097568,0.9999999767441866,0.9999999761769716,0.5535714186862247,0.4199548723080915,0.2231442766200002,0.0633861058582412,0.8105726836538648,0.8105726836538648,1,ZC0009.png
0.9999999761904768,0.9999999761904768,0.9999999761904768,0.7461538404142013,0.3125840090526592,0.238436432578808,0.0992932298836408,0.8546255468959227,0.8546255468959227,1,C0068.png
0.25,0.25,0.25,0.4999999973958333,0.259015012254902,0.1390609218313661,0.0358072916656953,0.8458149742475112,0.8458149742475112,0,h0244.png
0.9999999545454564,0.9999999791666672,0.999999966856062,0.5306122340691382,0.4947241641965385,0.1659196033640804,0.0463099680515903,0.850220260571717,0.850220260571717,0,x1339.png
0.999999981132076,0.999999981132076,0.999999981132076,0.3333332222222592,0.4759133333333333,0.1762643176878559,0.0205249999994868,0.8810572648411574,0.8810572648411574,0,i0886.png
0.25,0.25,0.25,0.6884057921130016,0.2425525491403694,0.1267468948839104,0.0256991685555919,0.8325991152748937,0.8325991152748937,1,Y1175.png
0.9999999714285724,0.9999999696969708,0.9999999705627716,1.065217379725898,0.3516858619845045,0.1282683540578078,0.0239053254431583,0.8590308332201285,0.8590308332201285,1,W0199.png
0.25,0.25,0.25,4.136363448347116,0.57763671875,0.24283068934315,0.0864800347198763,0.8458149742475112,0.8458149742475112,0,n0189.png
0.9999999642857156,0.9999999756097568,0.999999969947736,0.5593220307382937,0.3329811774218363,0.1774199161303965,0.0394792208103888,0.8854625511653632,0.8854625511653632,1,O0448.png
0.9999999767441866,0.9999999714285724,0.9999999740863794,0.1086956498109641,0.4896800533768036,0.1356685488812983,0.055165425580753,0.907488982786392,0.907488982786392,0,j0405.png
0.9999999687500012,0.9999999629629645,0.9999999658564828,2.499999875000006,0.5370657502131286,0.2339690135561941,0.0836188563302333,0.8105726836538648,0.8105726836538648,0,n0798.png
0.9999999615384628,0.9999999642857156,0.9999999629120891,0.1917808192906737,0.558273478490673,0.2344941553399115,0.0732675871118141,0.8590308332201285,0.8590308332201285,0,n0674.png
0.999999956521741,0.9999999677419364,0.9999999621318388,0.7387387320834349,0.4061090730689441,0.2924846104059627,0.1404333002190546,0.850220260571717,0.850220260571717,0,a0132.png
0.25,0.25,0.25,0.8229166580946181,0.2933690003944503,0.13902209605418,0.0595500982780569,0.8942731238137748,0.8942731238137748,1,A1322.png
0.9999999846153848,0.9999999846153848,0.9999999846153848,0.7999999915789475,0.3010298039215686,0.1500758588773104,0.0608249999984793,0.8810572648411574,0.8810572648411574,1,A1340.png
0.25,0.25,0.25,0.4545454132231443,0.4315622513450421,0.150818347077957,0.0854608975852026,0.268722465776553,0.268722465776553,0,i0192.png
0.99999997826087,0.99999997826087,0.99999997826087,0.6193548347138398,0.322691887084695,0.2065649272266132,0.0722656249980396,0.8458149742475112,0.8458149742475112,0,y0569.png
0.25,0.25,0.25,0.3687150817390219,0.3961585595776772,0.1648919811314477,0.0643028846138983,0.9162995554348036,0.9162995554348036,1,ZB1187.png
0.9999999787234048,0.9999999772727278,0.9999999779980664,0.289473676592798,0.4113561705400496,0.1630013145106935,0.0756439035894481,0.8105726836538648,0.8105726836538648,0,zc0630.png
0.25,0.25,0.25,0.1518987322544464,0.428055639349757,0.1753312326261472,0.0321630506237432,0.8590308332201285,0.8590308332201285,1,I0174.png
0.25,0.25,0.25,0.7307692251479291,0.2587956113193199,0.1367941133880355,0.0360664819934607,0.8370044015990996,0.8370044015990996,0,h0377.png
0.25,0.25,0.25,0.6447368378635735,0.3917422070869164,0.20172301461946,0.0654154518933409,0.8634361195443343,0.8634361195443343,0,q0469.png
0.9999999761904768,0.9999999761904768,0.9999999761904768,0.378531071307734,0.3462694261378021,0.1580368826543199,0.0642180341507648,0.8634361195443343,0.8634361195443343,1,ZB0154.png
0.9999999761904768,0.9999999761904768,0.9999999761904768,0.6513157851887119,0.3949836782351374,0.2027572523011935,0.0678708546969035,0.8678414058685401,0.8678414058685401,0,q0261.png
0.9999999855072468,0.9999999855072468,0.9999999855072468,1.0273972462000378,0.4144160055349592,0.1993886372032731,0.0739185885834329,0.8546255468959227,0.8546255468959227,1,P0510.png
0.25,0.25,0.25,0.6776315744892659,0.2298981698568779,0.0850858761510987,0.0205116002374655,0.9030836964621864,0.9030836964621864,1,M0588.png
0.9999999824561407,0.9999999824561407,0.9999999824561407,0.7402597354528588,0.219768042286487,0.0795849025016176,0.0192318888389211,0.9999999955947136,0.9999999955947136,1,M0781.png
0.25,0.25,0.25,0.189873415318058,0.4557271942616239,0.1866675863706241,0.0572627014785261,0.907488982786392,0.907488982786392,1,N0286.png
0.9999999642857156,0.9999999818181822,0.9999999730519488,0.5952380916950114,0.3176749019607843,0.2289522144189722,0.0387249999990318,0.8810572648411574,0.8810572648411574,0,e0286.png
0.99999997826087,0.99999997826087,0.99999997826087,0.6217948678090073,0.3180997959817363,0.2120190331783899,0.0743437134638552,0.8546255468959227,0.8546255468959227,0,y0328.png
0.25,0.25,0.25,0.2999999975,0.4208385161061733,0.1812275919601306,0.046352364474088,0.8986784101379806,0.8986784101379806,1,G0059.png
0.25,0.25,0.25,0.6754966842682338,0.2319976856563463,0.0871563820748077,0.0202566320641037,0.8986784101379806,0.8986784101379806,1,M0176.png
0.9999999756097568,0.9999999756097568,0.9999999756097568,0.901408438008332,0.4238718627450981,0.232832395189796,0.0433499999989162,0.8810572648411574,0.8810572648411574,1,F0264.png
0.9999999767441866,0.9999999767441866,0.9999999767441866,0.6153846117432863,0.34980833286429,0.1985379447550994,0.0254615043518994,0.911894269110598,0.911894269110598,1,O1405.png
0.25,0.25,0.25,0.4999999974226804,0.1506986427263008,0.1164477880050252,0.0304761398652759,0.8546255468959227,0.8546255468959227,1,H0066.png
0.9999999772727278,0.9999999772727278,0.9999999772727278,0.5895953723144777,0.3445806384384907,0.1886491424933754,0.0355262199996232,0.8942731238137748,0.8942731238137748,1,O1268.png
0.25,0.25,0.25,0.7704917906476756,0.252777267688206,0.1037766910920053,0.0188461093746275,0.4096916281511382,0.4096916281511382,0,o0460.png
0.9999999666666678,0.9999999736842112,0.9999999701754396,0.7499999375000053,0.4846427616050204,0.1795707127323846,0.0753750315341773,0.9999999955947136,0.9999999955947136,0,v0207.png
0.999999974358975,0.999999974358975,0.999999974358975,0.2391304295841211,0.3966361563116371,0.1620636166800233,0.0490014792888082,0.9162995554348036,0.9162995554348036,1,X0707.png
0.9999999777777784,0.9999999800000005,0.9999999788888894,0.499999750000125,0.5281903577757634,0.1685017682168311,0.0250416493121344,0.8634361195443343,0.8634361195443343,0,i0151.png
0.25,0.25,0.25,0.2258064443288243,0.5539109968073103,0.1842190859111085,0.0427654151543288,0.889867837489569,0.889867837489569,0,d0962.png
0.999999958333335,0.9999999687500012,0.999999963541668,0.4666666355555576,0.584560666898805,0.1785553819417613,0.060510738080571,0.8237885426264822,0.8237885426264822,0,w0820.png
0.9999999750000008,0.9999999772727278,0.9999999761363644,3.428571183673487,0.4030828651062054,0.1648993923256975,0.0752602987755981,0.8281938289506879,0.8281938289506879,0,zc1213.png
0.25,0.25,0.25,1.4791666358506952,0.4664103051498273,0.2247152828391185,0.1005461980582645,0.8237885426264822,0.8237885426264822,0,za0226.png
0.9999999756097568,0.9999999729729736,0.9999999742913652,0.5611111079938272,0.3354550047538136,0.2031412433896834,0.0515086260228333,0.8854625511653632,0.8854625511653632,0,o0572.png
0.25,0.25,0.25,0.6529411726297578,0.3968667177325237,0.2104297670913467,0.0340973044298531,0.9999999955947136,0.9999999955947136,1,O0359.png
0.25,0.25,0.25,0.791666658420139,0.2938118887563936,0.1378777120393586,0.0571520506903999,0.8854625511653632,0.8854625511653632,1,A1413.png
0.9999999761904768,0.9999999761904768,0.9999999761904768,0.5714285681632654,0.3194994117647059,0.1815935330175463,0.0324749999991881,0.8810572648411574,0.8810572648411574,1,O1252.png
0.25,0.25,0.25,0.6769230665088759,0.5202676501406731,0.2045126665080075,0.1017549070542374,0.8854625511653632,0.8854625511653632,1,T0104.png
0.9999999655172426,0.9999999677419364,0.9999999666295896,0.8666666088888928,0.5967687383168806,0.2357667461905728,0.0790200871485009,0.8546255468959227,0.8546255468959227,0,n0464.png
0.9999999736842112,0.99999997826087,0.9999999759725406,0.4507042190041659,0.4137871543576385,0.2180477495155099,0.0686206497841189,0.8193832563022764,0.8193832563022764,1,ZC1309.png
0.99999997826087,0.9999999767441866,0.9999999775025284,2.62499983593751,0.4021385846399051,0.1681367813180005,0.0742556710753114,0.8105726836538648,0.8105726836538648,0,zc0046.png
0.9999999772727278,0.9999999772727278,0.9999999772727278,0.6193548347138398,0.3125330839801198,0.2112081292713995,0.0732693142341235,0.8458149742475112,0.8458149742475112,0,y1132.png
0.9999999787234048,0.9999999787234048,0.9999999787234048,0.1857142830612245,0.4580247406847619,0.1491965330466838,0.0552698480456583,0.9999999955947136,0.9999999955947136,1,J0104.png
0.9999999761904768,0.9999999800000005,0.9999999780952388,1.0588235169550175,0.4225489422593495,0.2041839741944924,0.1032741617329842,0.8590308332201285,0.8590308332201285,1,P0150.png
0.25,0.25,0.25,0.6405228716305694,0.2497496229260935,0.119054459255144,0.0189875082177781,0.8590308332201285,0.8590308332201285,1,Y0513.png
0.25,0.25,0.25,0.2222222191358025,0.5358831764817035,0.2255348077045311,0.0841815042880728,0.8678414058685401,0.8678414058685401,0,n1071.png
0.99999997826087,0.99999997826087,0.99999997826087,0.6339869239608698,0.3361778147330778,0.2110732758100011,0.0683388245278898,0.8546255468959227,0.8546255468959227,0,y0370.png
0.25,0.25,0.25,2.3461537559171632,0.7337807324898107,0.3169281136890781,0.1313834598796254,0.8414096879233054,0.8414096879233054,1,ZA0723.png
0.9999999729729736,0.9999999772727278,0.9999999751228508,0.4308510615380262,0.3454376648618631,0.1599001197448779,0.0613546438967785,0.8634361195443343,0.8634361195443343,1,ZB0196.png
0.25,0.25,0.25,0.8269230610207104,0.3109361557771897,0.1324444272446242,0.0369550172959231,0.3744493375574919,0.3744493375574919,1,O0079.png
0.9999999600000016,0.9999999791666672,0.9999999695833344,2.499999875000006,0.5605880355763854,0.1971881101737547,0.0551154368476936,0.8281938289506879,0.8281938289506879,1,L0139.png
0.9999999705882362,0.9999999791666672,0.9999999748774516,0.1808510619058397,0.358166560691695,0.128075685304331,0.0283917793858139,0.9999999955947136,0.9999999955947136,1,I1274.png
0.9999999687500012,0.9999999600000016,0.9999999643750012,0.4117646816609011,0.5018079856371225,0.1646479235284175,0.0681295926853329,0.8766519785169516,0.8766519785169516,0,v0077.png
0.999999974358975,0.9999999767441866,0.9999999755515808,0.3114754081340141,0.4373828102669639,0.2044589086350995,0.0660922532261013,0.8634361195443343,0.8634361195443343,0,s0049.png
0.25,0.25,0.25,0.2291666618923612,0.4141412428100806,0.1389512055446662,0.044093617838233,0.8986784101379806,0.8986784101379806,1,X1494.png
0.25,0.25,0.25,1.0930232303948086,0.4806579358098309,0.2226326198352334,0.0845660286159476,0.850220260571717,0.850220260571717,0,p0177.png
0.25,0.25,0.25,0.8777777680246915,0.4155465342690355,0.2009243888110389,0.0976865013210056,0.889867837489569,0.889867837489569,1,P0004.png
0.9999999761904768,0.9999999729729736,0.9999999745817252,0.0869565198487713,0.4829920633194106,0.1299471742226587,0.0440088757386277,0.9162995554348036,0.9162995554348036,0,j0325.png
0.9787233834314174,0.999999974358975,0.9893616788951962,0.3846153550295881,0.5203823366081126,0.1589774010577199,0.0471938775497919,0.8634361195443343,0.8634361195443343,0,x0153.png
0.9999999696969708,0.9999999655172426,0.9999999676071066,3.2941174532872086,0.5882267664508957,0.2391634892433067,0.0871432790118622,0.850220260571717,0.850220260571717,0,n0111.png
0.999999958333335,0.999999972222223,0.999999965277779,0.5449735420900871,0.3182396099427278,0.2061873495203124,0.048375966685345,0.9030836964621864,0.9030836964621864,0,o0328.png
0.25,0.25,0.25,0.3999999733333351,0.5264398651054069,0.1606798142798321,0.043534254184401,0.8766519785169516,0.8766519785169516,0,x0482.png
0.9999999500000024,0.9999999787234048,0.9999999643617036,3.3571426173469563,0.5969935933557096,0.2363763914763441,0.0864743856703854,0.8634361195443343,0.8634361195443343,0,n0084.png
0.9999999800000005,0.9999999800000005,0.9999999800000005,0.351999997184,0.4036774266461033,0.2120708869235569,0.0691455297003794,0.9999999955947136,0.9999999955947136,0,m0434.png
0.25,0.25,0.25,0.1884057943709305,0.6264299597389976,0.2061572725065018,0.0945960016635101,0.8634361195443343,0.8634361195443343,0,r0522.png
0.25,0.25,0.25,0.2333333255555558,0.5540512888914488,0.1831766983849079,0.0443711510205269,0.8678414058685401,0.8678414058685401,0,d0986.png
0.999999974358975,0.9999999714285724,0.9999999728937736,0.3730569928857151,0.4503463969818376,0.2108702411540359,0.0504711535866608,0.850220260571717,0.850220260571717,0,s0296.png
0.9999999750000008,0.9999999761904768,0.9999999755952388,0.56363635338843,0.4161199451425182,0.2212265660685934,0.0695297731548461,0.8105726836538648,0.8105726836538648,1,ZC0439.png
0.9999999836065576,0.9999999836065576,0.9999999836065576,0.4342105206024931,0.4175554694070945,0.2208935536741869,0.0530697190411299,0.8193832563022764,0.8193832563022764,1,ZC0602.png
0.9999999714285724,0.9999999714285724,0.9999999714285724,0.664473679838989,0.3537621263582386,0.2720193281080486,0.1292030193086657,0.889867837489569,0.889867837489569,0,a0727.png
0.9999999807692312,0.999999958333335,0.9999999695512832,0.4583333142361119,0.4505590798099984,0.197320393299016,0.0300995555894719,0.9999999955947136,0.9999999955947136,0,b0306.png
0.9999999545454564,0.9999999545454564,0.9999999545454564,0.5596330223886878,0.4222188180827886,0.212288426390594,0.0734320746507858,0.8458149742475112,0.8458149742475112,0,q0011.png
0.9999999772727278,0.9999999772727278,0.9999999772727278,0.799999840000032,0.5966221253933672,0.1887585310562779,0.0544753086402939,0.7929515383570417,0.7929515383570417,1,K0093.png
0.9999999666666678,0.9999999787234048,0.9999999726950364,0.4999999975,0.3271823529411765,0.1849415364358951,0.0384499999990387,0.8810572648411574,0.8810572648411574,1,U0147.png
0.9999999787234048,0.9999999787234048,0.9999999787234048,0.6086956483931948,0.3147808330432765,0.2069051253949971,0.0715055884267848,0.8590308332201285,0.8590308332201285,0,y1412.png
0.99999997826087,0.99999997826087,0.99999997826087,0.6274509762911701,0.3292208514665974,0.2165829016755908,0.0697075189805732,0.8414096879233054,0.8414096879233054,0,y1398.png
0.999999956521741,0.9999999761904768,0.999999966356109,0.232558134126555,0.4088954502669938,0.1425716105845859,0.0506841196616587,0.8678414058685401,0.8678414058685401,1,X0649.png
0.25,0.25,0.25,0.7010309206079287,0.5216505265088287,0.2454841091385507,0.1156073971698478,0.8546255468959227,0.8546255468959227,1,T0885.png
0.9999999756097568,0.9999999756097568,0.9999999756097568,0.3846153827662722,0.335906681459566,0.1605007944701755,0.0646495931937719,0.9162995554348036,0.9162995554348036,1,ZB0039.png
0.9999999687500012,0.9999999687500012,0.9999999687500012,0.1999999933333335,0.556098766037027,0.1785454230069722,0.0450853810900383,0.8634361195443343,0.8634361195443343,0,d0747.png
0.25,0.25,0.25,2.533333164444456,0.4931090226133062,0.1830830723074517,0.0706911836177559,0.8237885426264822,0.8237885426264822,1,N0075.png
0.999999956521741,0.999999956521741,0.999999956521741,0.6086956257088858,0.5543259221592474,0.1830612831599653,0.0507396171695685,0.850220260571717,0.850220260571717,0,d0087.png
0.9999999767441866,0.9999999767441866,0.9999999767441866,0.4232804210408443,0.4242756087345775,0.1945599882232553,0.0465552476121453,0.8325991152748937,0.8325991152748937,1,G0430.png
0.999999958333335,0.9999999772727278,0.9999999678030314,0.1797752788789294,0.4068171146009424,0.1733012844220589,0.0273063306948327,0.8634361195443343,0.8634361195443343,0,b0168.png
0.25,0.25,0.25,0.611464964258185,0.2869650653496233,0.2033883941616042,0.0785888544700367,0.8414096879233054,0.8414096879233054,0,y0983.png
0.9999999791666672,0.9999999736842112,0.9999999764254393,0.4293478237535444,0.3470687222705003,0.1606521585665945,0.0683122542228634,0.8546255468959227,0.8546255468959227,1,ZB0212.png
0.9999999750000008,0.9999999714285724,0.9999999732142866,0.6874999570312527,0.449444638352753,0.2207670277805565,0.0549488700904258,0.7841409657086301,0.7841409657086301,0,w0211.png
0.25,0.25,0.25,0.4285713979591858,0.4188610720042439,0.1588843709114531,0.0824661810399411,0.2731277521007588,0.2731277521007588,0,i0921.png
0.9999999615384628,0.9999999523809546,0.9999999569597088,0.7209302269695331,0.2698150528566149,0.1376057549112936,0.0405538212498394,0.8193832563022764,0.8193832563022764,0,h0223.png
0.9999999629629645,0.999999956521741,0.9999999597423528,3.2857138163265978,0.5760280994048783,0.1424393814500313,0.0530289365855077,0.8678414058685401,0.8678414058685401,0,w0818.png
0.9999999833333336,0.99999997826087,0.9999999807971018,2.904761766439916,0.5385885217490941,0.1961268625099592,0.0480058436801167,0.8149779699780706,0.8149779699780706,1,L0246.png
0.9999999714285724,0.9999999687500012,0.9999999700892868,0.4999999971590909,0.4450538307518117,0.2354594390680811,0.0821458939915446,0.8678414058685401,0.8678414058685401,0,zb0194.png
0.999999956521741,0.9999999729729736,0.9999999647473574,0.35,0.4773250705526856,0.1196551655257351,0.0341159312524202,0.8237885426264822,0.8237885426264822,0,k0407.png
0.9999999761904768,0.9999999714285724,0.9999999738095248,0.5459459429948869,0.3241552635170331,0.1897050356847104,0.0446524850493909,0.889867837489569,0.889867837489569,0,o0620.png
0.9999999767441866,0.9999999767441866,0.9999999767441866,1.6551723852556486,0.4719660607298475,0.2451946818703999,0.0997450086778498,0.8458149742475112,0.8458149742475112,0,za0688.png
0.999999972222223,0.9999999750000008,0.9999999736111118,0.2909090856198348,0.5054198261142242,0.1612288185159047,0.0598369308852039,0.9295154144074212,0.9295154144074212,0,v0355.png
0.25,0.25,0.25,0.5510203969179511,0.1691216607682589,0.0848751921127202,0.0576717692923916,0.2334801751829067,0.2334801751829067,1,E0918.png
0.25,0.25,0.25,0.6242038176802305,0.3123931205135115,0.2086887252104882,0.0719752186570185,0.8634361195443343,0.8634361195443343,0,y0285.png
0.25,0.25,0.25,2.115384534023672,0.4448698712216241,0.2077904679870274,0.0661157024776523,0.8722466921927459,0.8722466921927459,1,N0915.png
0.25,0.25,0.25,0.6617646961505192,0.5192858471824604,0.2312396905240687,0.1153453729181883,0.8722466921927459,0.8722466921927459,1,T0055.png
0.999999972222223,0.9999999830508478,0.9999999776365354,0.1617647035034602,0.3921774853903488,0.1655451509380967,0.0266983938125711,0.9030836964621864,0.9030836964621864,0,b0132.png
0.9999999772727278,0.9999999772727278,0.9999999772727278,0.9705882210207616,0.4311930879182563,0.2346773200358402,0.0498595686554701,0.8678414058685401,0.8678414058685401,1,F0019.png
0.9999999642857156,0.9999999642857156,0.9999999642857156,0.7205882299956748,0.3764781168220082,0.2868588515978902,0.1319132149866689,0.8590308332201285,0.8590308332201285,0,a0617.png
0.25,0.25,0.25,0.3714285608163268,0.6112508350007028,0.1984349426352607,0.0921367016539467,0.850220260571717,0.850220260571717,0,r0043.png
0.999999974358975,0.999999974358975,0.999999974358975,0.4455445500441133,0.3114363818303262,0.1290005358444163,0.0509835610198989,0.8766519785169516,0.8766519785169516,1,S0094.png
0.25,0.25,0.25,1.1764705709342564,0.6412590268927882,0.3589631552635247,0.1513577100247192,0.889867837489569,0.889867837489569,1,ZA0555.png
0.9999999800000005,0.9999999800000005,0.9999999800000005,0.5474452514785019,0.3950423845573732,0.2141273154405501,0.0840652736666959,0.9162995554348036,0.9162995554348036,1,Q0053.png
0.9999999600000016,0.99999997826087,0.9999999691304358,0.5999999600000027,0.4555161675190954,0.1244542674085462,0.0535028413545629,0.9295154144074212,0.9295154144074212,1,J0161.png
0.999999974358975,0.9999999600000016,0.9999999671794884,0.093023253650622,0.4935631327441797,0.1347572643417784,0.0580455725676904,0.8942731238137748,0.8942731238137748,0,j0562.png
0.999999972222223,0.999999972222223,0.999999972222223,0.5824175792174858,0.3449120067154914,0.1885313265806844,0.0370836234577596,0.9295154144074212,0.9295154144074212,1,O0386.png
0.999999974358975,0.9999999767441866,0.9999999755515808,0.5449735420900871,0.3154794578779763,0.1902797180209228,0.0484494297283332,0.907488982786392,0.907488982786392,0,o0204.png
0.25,0.25,0.25,0.5347222185088735,0.2887305642066464,0.1265720272344816,0.0407852468758885,0.9030836964621864,0.9030836964621864,1,ZB0714.png
0.9999999655172426,0.9999999756097568,0.9999999705634997,0.2045454522210744,0.4693558941272332,0.1901269921150228,0.0513072590059701,0.8546255468959227,0.8546255468959227,1,D0051.png
0.9999999772727278,0.999999974358975,0.9999999758158514,2.937499816406261,0.4077940954561996,0.1695633394598701,0.0760525124469202,0.8281938289506879,0.8281938289506879,0,zc0752.png
0.9999999803921572,0.999999982758621,0.9999999815753892,0.6249999939903846,0.3927368621420117,0.1991760217191429,0.0800653594752002,0.8986784101379806,0.8986784101379806,1,Q0555.png
0.25,0.25,0.25,0.7708333253038195,0.2961153070027059,0.1431369372871967,0.053750394330031,0.8942731238137748,0.8942731238137748,1,A0977.png
0.9999999814814818,0.9999999803921572,0.9999999809368196,3.299999835000008,0.5389176535453502,0.200020753600896,0.0526642249511854,0.8105726836538648,0.8105726836538648,1,L0248.png
0.9999999545454564,0.9999999687500012,0.9999999616477288,2.777777469135837,0.5837196968276098,0.1587057150443442,0.0664789031760421,0.8546255468959227,0.8546255468959227,0,w0823.png
0.9999999629629645,0.9999999600000016,0.999999961481483,0.6499999675000016,0.5613248360568718,0.1837756530611766,0.0494845897529809,0.8634361195443343,0.8634361195443343,0,d0624.png
0.9999999756097568,0.999999972222223,0.99999997391599,0.6111110997942389,0.4157445374179918,0.2204817641814444,0.0709770793929886,0.8105726836538648,0.8105726836538648,1,ZC1206.png
0.25,0.25,0.25,0.3863636319731405,0.5193007250057934,0.1947850428198898,0.0668749636114251,0.9999999955947136,0.9999999955947136,1,R0024.png
0.999999981132076,0.999999981132076,0.999999981132076,0.752066109487057,0.3411585936149608,0.1911070192572797,0.0430503562358697,0.8017621110054532,0.8017621110054532,0,l0210.png
0.9999999655172426,0.9999999777777784,0.9999999716475104,0.6861313818530557,0.4053564428462657,0.3065619725148505,0.1232698961908095,0.8986784101379806,0.8986784101379806,0,a0336.png
0.9999999787234048,0.99999997826087,0.9999999784921374,0.938775491045398,0.3812684036288126,0.1419007912242664,0.0327148437491125,0.8458149742475112,0.8458149742475112,1,W0890.png
0.9999999696969708,0.9999999696969708,0.9999999696969708,0.3908629421783607,0.4433949270914014,0.2367414875166676,0.0810636707959219,0.8678414058685401,0.8678414058685401,0,zb0751.png
0.9999999655172426,0.9999999677419364,0.9999999666295896,0.8867924444642222,0.320972580974445,0.2144748155151465,0.0731100045248667,0.8281938289506879,0.8281938289506879,1,E0990.png
0.25,0.25,0.25,0.6410256369165024,0.3420961344311468,0.2254786352964785,0.0477513194099201,0.8766519785169516,0.8766519785169516,0,e0533.png
0.9999999615384628,0.9999999807692312,0.999999971153847,0.6011904726119615,0.3233438282675093,0.2250177572395323,0.0379619645123526,0.889867837489569,0.889867837489569,0,e0148.png
0.999999958333335,0.9999999772727278,0.9999999678030314,0.2173912996219282,0.3992660830080405,0.1416815753765093,0.0458156976301127,0.8854625511653632,0.8854625511653632,1,X1013.png
0.999999972222223,0.999999972222223,0.999999972222223,0.3969849226282165,0.3165408280935666,0.1552885980755189,0.065604403927537,0.8766519785169516,0.8766519785169516,1,ZB0049.png
0.9999999677419364,0.9999999696969708,0.9999999687194536,0.2352941130334487,0.4831026349861777,0.156960697886933,0.0661273051739172,0.9030836964621864,0.9030836964621864,0,v0520.png
0.25,0.25,0.25,0.3999999733333351,0.4141120779672815,0.1443850264430533,0.0643786982096145,0.2863436110733762,0.2863436110733762,0,i0354.png
0.25,0.25,0.25,0.2435897404667982,0.4637729411764706,0.1924410405108407,0.0603749999984906,0.8810572648411574,0.8810572648411574,1,N1037.png
0.25,0.25,0.25,0.6274509762911701,0.3196611391952614,0.2060674156335021,0.0787217881923089,0.8458149742475112,0.8458149742475112,0,y0830.png
0.9999999615384628,0.99999997826087,0.9999999698996664,0.8239999934080001,0.3004556111558246,0.2013576920425734,0.058845925043216,0.9030836964621864,0.9030836964621864,1,E0078.png
0.9999999714285724,0.9999999714285724,0.9999999714285724,0.1764705856401384,0.4467363962551577,0.1384625235735554,0.0545170249001256,0.911894269110598,0.911894269110598,1,J0093.png
0.25,0.25,0.25,0.6346153805473373,0.3303567463104005,0.217461774813992,0.0702224262812411,0.8722466921927459,0.8722466921927459,0,y0865.png
0.999999972222223,0.9999999655172426,0.9999999688697327,0.2037036999314129,0.4839752226651806,0.1646566756506162,0.075996795172118,0.907488982786392,0.907488982786392,0,v0804.png
0.25,0.25,0.25,0.8080807999183758,0.3155533123606353,0.1560674739117422,0.048673659620209,0.9295154144074212,0.9295154144074212,1,A0432.png
0.25,0.25,0.25,0.3988439283303819,0.346705841751867,0.1594991451702378,0.068104340797755,0.8766519785169516,0.8766519785169516,1,ZB0066.png
0.9999999545454564,0.9999999677419364,0.9999999611436964,0.6249999609375024,0.5420447558524796,0.2238997275082904,0.067479224374862,0.8370044015990996,0.8370044015990996,0,w0400.png
0.999999982758621,0.999999982758621,0.999999982758621,0.9662921239742458,0.4321835294117647,0.2019887867036625,0.0846499999978837,0.8810572648411574,0.8810572648411574,1,P0090.png
0.9999999655172426,0.9999999714285724,0.9999999684729076,0.2499999895833337,0.4740715000764124,0.1695572957804723,0.0646885739299501,0.9295154144074212,0.9295154144074212,0,v0858.png
0.25,0.25,0.25,0.6490066182184993,0.3933824550228255,0.2038077941898908,0.0649729279449975,0.8634361195443343,0.8634361195443343,0,q0216.png
0.25,0.25,0.25,0.5573770461345516,0.331952424251508,0.1776071535654617,0.0338760950269631,0.8942731238137748,0.8942731238137748,1,O0417.png
0.9999999772727278,0.9999999772727278,0.9999999772727278,1.090909066115703,0.4933256290319466,0.2252139037142446,0.076689982574261,0.8766519785169516,0.8766519785169516,0,p0034.png
0.25,0.25,0.25,1.0618556591561272,0.2417183708246235,0.0807159895280393,0.0203129418413537,0.907488982786392,0.907488982786392,1,M0079.png
0.99999998630137,0.99999998630137,0.99999998630137,0.46999999765,0.3901212745098039,0.2136767739457562,0.0837749999979056,0.8810572648411574,0.8810572648411574,1,P0794.png
0.99999997826087,0.999999956521741,0.9999999673913056,0.2812499956054688,0.3908100956645634,0.165569499986094,0.0571655132627555,0.8986784101379806,0.8986784101379806,1,B0187.png
0.9999999714285724,0.9999999761904768,0.9999999738095248,0.5666666635185186,0.3363201166316705,0.2038797013289241,0.0516149384830591,0.8942731238137748,0.8942731238137748,0,o0574.png
0.9999999714285724,0.9999999714285724,0.9999999714285724,0.7499998125000469,0.4840179411764706,0.1298254268702531,0.03439999999914,0.8810572648411574,0.8810572648411574,0,k0330.png
0.999999956521741,0.999999956521741,0.999999956521741,0.4999999772727282,0.5710248218747591,0.1864345358228574,0.0485970878932777,0.8546255468959227,0.8546255468959227,0,d0650.png
0.9999999767441866,0.9999999761904768,0.9999999764673316,1.2666666385185192,0.3866734401141583,0.1473337246133303,0.0403525163495782,0.8766519785169516,0.8766519785169516,1,W0685.png
0.25,0.25,0.25,0.6666666620370371,0.2433734240386212,0.118784738240088,0.0226967462508512,0.8414096879233054,0.8414096879233054,1,Y0927.png
0.25,0.25,0.25,0.6845637537948741,0.2294896947629494,0.0872466357415797,0.0248942714334656,0.8986784101379806,0.8986784101379806,1,M0619.png
0.99999997826087,0.99999997826087,0.99999997826087,0.6217948678090073,0.3295493051083755,0.2085068930635698,0.0745828462090928,0.8546255468959227,0.8546255468959227,0,y0519.png
0.9999999600000016,0.9999999600000016,0.9999999600000016,0.5147058785683392,0.4367517415129317,0.2174819656629615,0.0901187005390952,0.8634361195443343,0.8634361195443343,0,u0106.png
0.9999999777777784,0.9999999767441866,0.9999999772609824,1.2888888602469142,0.3869094117647059,0.1509987174206066,0.0385249999990368,0.8810572648411574,0.8810572648411574,1,W0674.png
0.25,0.25,0.25,1.0612244789670973,0.2421894941408516,0.0789368784609532,0.0197161612421478,0.9162995554348036,0.9162995554348036,1,M0135.png
0.9999999761904768,0.9999999756097568,0.9999999759001168,0.9230769142011837,0.3733289930555555,0.1545913633137983,0.0279405381936865,0.8458149742475112,0.8458149742475112,1,W0134.png
0.9999999818181822,0.9999999824561407,0.9999999821371616,4.476190263038559,0.5359808137831865,0.1996554187889987,0.0503904481651655,0.8281938289506879,0.8281938289506879,1,L0091.png
0.9999999687500012,0.9999999767441866,0.9999999727470938,0.4630872452141795,0.4546030138707713,0.2071375230275574,0.0890326471289429,0.8414096879233054,0.8414096879233054,0,u0241.png
0.9999999777777784,0.9999999761904768,0.9999999769841276,0.2857142775510206,0.4145939643936464,0.1722508510078404,0.0724908692455079,0.8149779699780706,0.8149779699780706,0,zc0502.png
0.9999999714285724,0.99999997826087,0.9999999748447213,0.0869565198487713,0.4883756867410854,0.1325320304552243,0.0523259964294509,0.9030836964621864,0.9030836964621864,0,j0456.png
0.9999999687500012,0.9999999761904768,0.999999972470239,0.5076923037869823,0.4665654763489823,0.2247944392592239,0.0918684925279575,0.8281938289506879,0.8281938289506879,0,u0086.png
0.25,0.25,0.25,1.024999974375001,0.48712444161338,0.2210573632824358,0.0712723865037673,0.8634361195443343,0.8634361195443343,0,p0058.png
0.99999997826087,0.9999999777777784,0.9999999780193244,3.4545451404958967,0.4083956832939213,0.1639187449580553,0.0768902048143557,0.7973568246812475,0.7973568246812475,0,zc0596.png
0.9999999666666678,0.9999999714285724,0.99999996904762,0.1999999963636364,0.4740978523800989,0.1772621722940646,0.0765200178525389,0.9999999955947136,0.9999999955947136,0,v0788.png
0.9999999615384628,0.9999999772727278,0.9999999694055954,0.2272727246900826,0.4415373540848552,0.1772354064746912,0.050607783549392,0.889867837489569,0.889867837489569,1,D0021.png
0.25,0.25,0.25,0.2054794492400075,0.5938581249611661,0.2353183129546546,0.088133770934582,0.8281938289506879,0.8281938289506879,0,n0017.png
0.25,0.25,0.25,1.5522387828024062,0.6291149096472909,0.3596285950509557,0.1483912721859192,0.9162995554348036,0.9162995554348036,1,ZA0155.png
0.9999999736842112,0.9999999696969708,0.999999971690591,0.5999999600000027,0.571172151586329,0.2008982616117975,0.0710991753452935,0.8458149742475112,0.8458149742475112,0,w0415.png
0.9999999729729736,0.9999999655172426,0.999999969245108,0.1176470565167243,0.4908610000308221,0.148128247892978,0.0528246230267844,0.9999999955947136,0.9999999955947136,0,j0225.png
0.9999999696969708,0.9999999666666678,0.9999999681818192,10.142855693877758,0.4096818495982784,0.1731010353912615,0.0679481328339566,0.850220260571717,0.850220260571717,0,w0065.png
0.999999974358975,0.9999999777777784,0.9999999760683768,2.9999998000000136,0.4057689576509644,0.1669160338800339,0.0696865097309391,0.8281938289506879,0.8281938289506879,0,zc1208.png
0.9999999756097568,0.99999997826087,0.9999999769353134,0.4090909067665289,0.3464275539675537,0.1527426324335001,0.0565085022633967,0.8854625511653632,0.8854625511653632,1,ZB1453.png
0.9999999761904768,0.9999999761904768,0.9999999761904768,1.7592592266803848,0.4680304165987725,0.2403415374802567,0.1071191135704399,0.8370044015990996,0.8370044015990996,0,za0404.png
0.9999999767441866,0.9999999767441866,0.9999999767441866,0.6969696864095503,0.4565432295367126,0.2129902406383278,0.0489639733431652,0.8634361195443343,0.8634361195443343,1,F0089.png
0.25,0.25,0.25,0.7999999915789475,0.2982865401797956,0.145093863086636,0.0667310215077168,0.8854625511653632,0.8854625511653632,1,A0800.png
0.9999999714285724,0.9999999687500012,0.9999999700892868,0.3888888672839518,0.5006764932039713,0.1593673787621728,0.0693483275646542,0.8986784101379806,0.8986784101379806,0,v0079.png
0.9999999772727278,0.9999999761904768,0.9999999767316023,0.9436619585399724,0.384284325975288,0.145894122591522,0.0332153269462407,0.8634361195443343,0.8634361195443343,1,W0660.png
0.999999972222223,0.9999999600000016,0.9999999661111124,0.1666666626984128,0.4837435824921685,0.1653038801966193,0.0689256656788802,0.9162995554348036,0.9162995554348036,0,v0592.png
0.9999999750000008,0.999999958333335,0.999999966666668,0.0851063811679493,0.4929309519665854,0.1383433215690197,0.0557045118330319,0.9162995554348036,0.9162995554348036,0,j0640.png
0.999999985294118,0.999999985294118,0.999999985294118,0.4477611918021831,0.4220219748006625,0.2293515443380117,0.0978688646296411,0.8854625511653632,0.8854625511653632,1,P0819.png
0.9999999761904768,0.9999999736842112,0.999999974937344,0.1111111090534979,0.4855829513244917,0.1322971843888032,0.0498274836395044,0.9030836964621864,0.9030836964621864,0,j0423.png
0.9999999750000008,0.999999956521741,0.9999999657608708,0.2391304295841211,0.4017213843300556,0.1461282739089922,0.0466627007722388,0.9030836964621864,0.9030836964621864,1,X0684.png
0.9999999736842112,0.9999999687500012,0.9999999712171062,0.370165743811239,0.4616796512843821,0.2135910026511865,0.048318916042431,0.8325991152748937,0.8325991152748937,0,s0381.png
0.9999999772727278,0.9999999787234048,0.9999999779980664,0.5572519041431152,0.4081542920897694,0.2128501006856017,0.0897731641654706,0.8986784101379806,0.8986784101379806,1,Q0227.png
0.25,0.25,0.25,0.2631578912742383,0.4599564315522127,0.2027299092790579,0.0684870887112534,0.8634361195443343,0.8634361195443343,1,N1022.png
0.25,0.25,0.25,0.5900621081362603,0.332801042854815,0.1893584088326282,0.029335180054589,0.8370044015990996,0.8370044015990996,1,O1390.png
0.25,0.25,0.25,0.175438594952293,0.3599902434532391,0.1231822939972604,0.022783287080619,0.9999999955947136,0.9999999955947136,1,I1268.png
0.25,0.25,0.25,0.7849462281188578,0.3006317647058824,0.1476271213677276,0.0695499999982612,0.8810572648411574,0.8810572648411574,1,A0856.png
0.9999999772727278,0.9999999772727278,0.9999999772727278,0.3292682886674599,0.3602211395854418,0.1348543071163061,0.0248974738521949,0.8942731238137748,0.8942731238137748,0,m0247.png
0.25,0.25,0.25,0.957983185227032,0.3526547967088017,0.2422322049610204,0.0545323992304424,0.9999999955947136,0.9999999955947136,1,E0837.png
0.9999999677419364,0.9999999677419364,0.9999999677419364,0.1379310321046374,0.5504345688448539,0.1873787633288837,0.0462025826184272,0.850220260571717,0.850220260571717,0,d0549.png
0.25,0.25,0.25,0.5384614970414233,0.4462647058823529,0.1669139953590639,0.078333333311574,0.2643171794523472,0.2643171794523472,0,i0234.png
0.9999999696969708,0.9999999767441866,0.9999999732205788,0.4545454521147302,0.4508421509609863,0.243281515818846,0.0770584634201342,0.8722466921927459,0.8722466921927459,0,zb0925.png
0.9999999761904768,0.9999999772727278,0.9999999767316023,0.5449735420900871,0.3131589161255981,0.1934015459808829,0.0414035253077244,0.907488982786392,0.907488982786392,0,o0143.png
0.9999999756097568,0.999999972222223,0.99999997391599,1.5156249763183598,0.4458439875046628,0.2515517126742302,0.0970347539563972,0.8546255468959227,0.8546255468959227,0,za0853.png
0.9999999677419364,0.9999999750000008,0.9999999713709686,0.3532608676453214,0.4732364904576716,0.2435224593563219,0.0818791614048692,0.8854625511653632,0.8854625511653632,0,zb0618.png
0.9999999750000008,0.9999999750000008,0.9999999750000008,0.401234565424478,0.3938935984484448,0.1609264464292094,0.0659579303536285,0.8766519785169516,0.8766519785169516,1,ZB1067.png
0.9999999750000008,0.9999999750000008,0.9999999750000008,0.799999840000032,0.6166219051148781,0.1895313709687786,0.058914867566696,0.806167397329659,0.806167397329659,1,K0014.png
0.25,0.25,0.25,0.4476744160018929,0.3180731372549019,0.1458302376433334,0.0565749999985856,0.8810572648411574,0.8810572648411574,1,ZB1248.png
0.999999956521741,0.9999999523809546,0.9999999544513478,0.4999999974226804,0.1470268349661046,0.1140790863631459,0.0299181634597215,0.8546255468959227,0.8546255468959227,1,H0031.png
0.9999999615384628,0.9999999615384628,0.9999999615384628,0.7575757518365474,0.3716625298133192,0.2864308262695744,0.1252746142742538,0.8766519785169516,0.8766519785169516,0,a0512.png
0.9999999736842112,0.9999999729729736,0.9999999733285924,0.3423913024870038,0.4526013466611134,0.2180599080501706,0.0621095376910113,0.8634361195443343,0.8634361195443343,0,s0074.png
0.25,0.25,0.25,0.700934572888462,0.3010512745098039,0.1547562747916215,0.0540749999986481,0.8810572648411574,0.8810572648411574,1,A1425.png
0.25,0.25,0.25,1.0458715500378757,0.2420791794759395,0.0909327898398815,0.0224533757685487,0.9999999955947136,0.9999999955947136,1,M0128.png
0.9999999777777784,0.9999999791666672,0.9999999784722228,0.238095232426304,0.4276275490196078,0.1397180523216315,0.0461249999988468,0.8810572648411574,0.8810572648411574,1,X0130.png
0.9999999777777784,0.99999997826087,0.9999999780193244,0.4693877455226991,0.4777685306988107,0.1593117240982695,0.0475180541746753,0.850220260571717,0.850220260571717,0,x1125.png
0.25,0.25,0.25,0.775999993792,0.2957276915974584,0.1995519445359923,0.0594109908974895,0.850220260571717,0.850220260571717,1,E0051.png
0.9999999545454564,0.99999997826087,0.9999999664031634,0.1904761882086168,0.3766078845994376,0.122372261713171,0.0262399077271664,0.8986784101379806,0.8986784101379806,1,I1148.png
0.25,0.25,0.25,0.8191489274558625,0.307395,0.1600411539357466,0.060199999998495,0.8810572648411574,0.8810572648411574,1,A0740.png
0.9999999615384628,0.9999999615384628,0.9999999615384628,0.7979797899193961,0.3084526192133658,0.1519743917801815,0.0545488165667865,0.9162995554348036,0.9162995554348036,1,A0266.png
0.25,0.25,0.25,0.4399999978,0.2510933333333333,0.1258283599655749,0.0531749999986706,0.8810572648411574,0.8810572648411574,1,ZB0959.png
0.999999956521741,0.999999956521741,0.999999956521741,0.7499999531250029,0.5910229397881601,0.2299488916718954,0.0824656393148046,0.8634361195443343,0.8634361195443343,0,n0745.png
0.999999958333335,0.9999999545454564,0.9999999564393958,0.3999999885714289,0.608847536798653,0.2146565470796899,0.1041828254818785,0.8370044015990996,0.8370044015990996,0,r0099.png
0.9999999687500012,0.9999999687500012,0.9999999687500012,0.4999999973404255,0.2580189998135967,0.1399380614641817,0.0354515617916633,0.8281938289506879,0.8281938289506879,0,h0240.png
0.25,0.25,0.25,0.6713286666340653,0.2442376934326813,0.1171351777415539,0.0175707902739077,0.8414096879233054,0.8414096879233054,1,Y1034.png
0.9999999666666678,0.9999999600000016,0.9999999633333349,0.9999997500000624,0.6716665546218488,0.1942304121883132,0.0637714285693462,0.7709251067360128,0.7709251067360128,1,K0571.png
0.25,0.25,0.25,0.7835051465618026,0.2910525446801789,0.143870753031004,0.0603994273081026,0.8942731238137748,0.8942731238137748,1,A0952.png
0.999999958333335,0.9999999761904768,0.999999967261906,0.7499998125000469,0.6741234567901234,0.1936381377461264,0.0577160493809346,0.7929515383570417,0.7929515383570417,1,K0577.png
0.9999999729729736,0.9999999787234048,0.9999999758481892,0.5730337046458781,0.3252734149545668,0.1800420728323492,0.0292169186335699,0.8942731238137748,0.8942731238137748,1,O0444.png
0.9999999756097568,0.99999997826087,0.9999999769353134,2.62499983593751,0.4111910251440153,0.1670935731579381,0.0709041507668255,0.8193832563022764,0.8193832563022764,0,zc0409.png
0.25,0.25,0.25,0.3707317055086258,0.2696935297616964,0.1290958516469299,0.0348602022597296,0.9030836964621864,0.9030836964621864,1,ZB0590.png
0.9999999756097568,0.9999999756097568,0.9999999756097568,1.6551723852556486,0.4799028118191721,0.2498646838777737,0.1109212239553244,0.8458149742475112,0.8458149742475112,0,za0761.png
0.9999999655172426,0.9999999655172426,0.9999999655172426,0.7142857082833134,0.3934730307364985,0.2873553063690907,0.1330016918731092,0.8766519785169516,0.8766519785169516,0,a0835.png
0.9999999687500012,0.9999999696969708,0.999999969223486,0.2352941130334487,0.4873087221360458,0.1593334472960601,0.0655572983024811,0.889867837489569,0.889867837489569,0,v0489.png
0.9999999787234048,0.9999999777777784,0.9999999782505916,0.9117646924740488,0.3861258177934267,0.1468702336956657,0.0372593985921497,0.8678414058685401,0.8678414058685401,1,W0679.png
0.9999999756097568,0.9999999777777784,0.9999999766937676,0.2972972892622354,0.4029175515050596,0.1622275735052177,0.0737854220766883,0.806167397329659,0.806167397329659,0,zc0839.png
0.25,0.25,0.25,1.4807692022929,0.4981883013836536,0.2405163087537232,0.1065199742418599,0.8325991152748937,0.8325991152748937,0,za0795.png
0.25,0.25,0.25,0.4143646385946705,0.39510255626611,0.1695756267981537,0.0432800705802548,0.889867837489569,0.889867837489569,1,ZB0737.png
0.9999999756097568,0.9999999756097568,0.9999999756097568,0.582352937750865,0.3305684093859971,0.1785949546400066,0.0403530252004807,0.8722466921927459,0.8722466921927459,1,O0946.png
0.9999999879518074,0.9999999879518074,0.9999999879518074,0.424999997875,0.4077344117647059,0.209256434509644,0.0743749999981406,0.8810572648411574,0.8810572648411574,1,P0735.png
0.9999999736842112,0.999999972222223,0.9999999729532172,0.3333332222222592,0.4857439574167617,0.1108979024223948,0.0391966758991912,0.8370044015990996,0.8370044015990996,0,k0120.png
0.999999958333335,0.9999999600000016,0.9999999591666684,0.7299270019713358,0.3224616666666667,0.2471014036237118,0.0870999999978225,0.8810572648411574,0.8810572648411574,1,C0283.png
0.25,0.25,0.25,0.6111110771604957,0.4139591639124785,0.1531910901567905,0.0745779793210939,0.2775330384249646,0.2775330384249646,0,i1007.png
0.9999999523809546,0.9999999523809546,0.9999999523809546,0.1612903173777317,0.5615094225595435,0.1854683880711177,0.0483579551480402,0.8546255468959227,0.8546255468959227,0,d0904.png
0.25,0.25,0.25,0.4999999807692314,0.3937557392102846,0.1479846130001013,0.0833333333142026,0.290748897397582,0.290748897397582,0,i1055.png
0.9999999767441866,0.9999999756097568,0.9999999761769716,0.4225352053164056,0.4149835288557767,0.2228562519488879,0.065689981094468,0.8105726836538648,0.8105726836538648,1,ZC0077.png
0.25,0.25,0.25,0.5999999600000027,0.4373853115210581,0.1521144616224954,0.0672189348953327,0.2863436110733762,0.2863436110733762,0,i0629.png
0.9999999772727278,0.9999999705882362,0.999999973930482,0.5560975582629387,0.3549005528582991,0.2095472225535599,0.0415688253208568,0.9999999955947136,0.9999999955947136,0,o0471.png
0.9999999761904768,0.9999999714285724,0.9999999738095248,0.4493670857634995,0.4505103520849213,0.2114221618209738,0.0891745740207842,0.8722466921927459,0.8722466921927459,0,u0509.png
0.25,0.25,0.25,1.92857135969388,0.4490186504289216,0.2013858707111641,0.0654839409704458,0.8458149742475112,0.8458149742475112,1,N0041.png
0.25,0.25,0.25,3.769230479289963,0.5824901153877189,0.240188061412114,0.0890512583609347,0.8325991152748937,0.8325991152748937,0,n0031.png
0.25,0.25,0.25,0.6797385576487676,0.2268374195092238,0.0882278609680795,0.0226978550290611,0.9162995554348036,0.9162995554348036,1,M0559.png
0.9999999729729736,0.9999999729729736,0.9999999729729736,0.416666662808642,0.3131600800019025,0.1239921466187482,0.0476473354608141,0.8854625511653632,0.8854625511653632,1,S0091.png
0.25,0.25,0.25,0.7538461422485209,0.5095539929192258,0.2314598939818571,0.1105232860911015,0.8414096879233054,0.8414096879233054,1,T0158.png
0.25,0.25,0.25,2.4444441728395367,0.74194888126711,0.3154118685286365,0.125123102948786,0.8766519785169516,0.8766519785169516,1,ZA0897.png
0.9999999736842112,0.9999999772727278,0.9999999754784696,2.933333137777791,0.4096063249258797,0.1676192496722944,0.0721402483543567,0.8149779699780706,0.8149779699780706,0,zc0300.png
0.999999958333335,0.9999999642857156,0.9999999613095252,0.5833333090277788,0.5504837879460425,0.1849611095771723,0.0499521734496239,0.8546255468959227,0.8546255468959227,0,d0055.png
0.25,0.25,0.25,0.4999999910714287,0.1779274209683873,0.0802183083088363,0.060267857123639,0.246696034155524,0.246696034155524,1,E0416.png
0.9999999787234048,0.9999999846153848,0.9999999816693949,0.6047904155401772,0.3322896063630824,0.2324436143376937,0.0453386922839589,0.889867837489569,0.889867837489569,0,e0456.png
0.9999999677419364,0.9999999818181822,0.9999999747800592,1.862745061514803,0.2265321818478083,0.1465163253764449,0.0426592797772116,0.8370044015990996,0.8370044015990996,1,H0449.png
0.25,0.25,0.25,0.370165743811239,0.3950253861636927,0.1657822066169987,0.0596645520939142,0.8986784101379806,0.8986784101379806,1,ZB1169.png
0.25,0.25,0.25,1.0142856997959186,0.4148050279139433,0.1992324230200426,0.0729166666646886,0.8458149742475112,0.8458149742475112,1,P0470.png
0.25,0.25,0.25,0.6762589879405828,0.2438460309429339,0.1215946442481992,0.0196638750560303,0.8281938289506879,0.8281938289506879,1,Y1151.png
0.9999999736842112,0.9999999756097568,0.999999974646984,0.2499999375000156,0.4764091735313455,0.1145811629105994,0.0420775805380124,0.8590308332201285,0.8590308332201285,0,k0218.png
0.9999999666666678,0.9999999666666678,0.9999999666666678,0.7956989161752805,0.319861975705859,0.1649983225579821,0.0600596956960843,0.8942731238137748,0.8942731238137748,1,A0363.png
0.9999999833333336,0.9999999833333336,0.9999999833333336,0.7165354274288549,0.3252297678177793,0.1757266616033943,0.0599662326057178,0.9999999955947136,0.9999999955947136,1,A0061.png
0.25,0.25,0.25,0.3846153550295881,0.4060680912990196,0.1186536355298303,0.0642089843593239,0.2819383247491703,0.2819383247491703,0,i0049.png
0.999999972222223,0.9999999756097568,0.99999997391599,3.333333111111126,0.4060870688892969,0.1697356632863956,0.0752688172021254,0.8193832563022764,0.8193832563022764,0,zc1190.png
0.9999999821428576,0.9999999821428576,0.9999999821428576,0.4974874346859928,0.4101266010810778,0.2318088544197846,0.088962399937149,0.8766519785169516,0.8766519785169516,1,P0958.png
0.9777777560493832,0.9777777560493832,0.9777777560493832,0.3999999733333351,0.5080920123151301,0.1524433927164236,0.0436016243220636,0.8634361195443343,0.8634361195443343,0,x0033.png
0.999999956521741,0.9999999761904768,0.999999966356109,0.3974358923405655,0.4094238227146815,0.214857379765144,0.0592797783917097,0.8370044015990996,0.8370044015990996,1,ZC0350.png
0.25,0.25,0.25,2.6111109660493907,0.4606926676278715,0.2051471954824694,0.0684045209248998,0.850220260571717,0.850220260571717,1,N0570.png
0.9999999615384628,0.9999999615384628,0.9999999615384628,0.7163120516573613,0.3668941530146025,0.288331813446057,0.1220958729506397,0.889867837489569,0.889867837489569,0,a0476.png
0.9999999729729736,0.9999999729729736,0.9999999729729736,1.5937499501953143,0.595692946542091,0.1889952513410027,0.0629149315868431,0.9030836964621864,0.9030836964621864,0,w0699.png
0.25,0.25,0.25,0.2698412655580751,0.3862874328287412,0.1576865634091482,0.0543673139553453,0.8766519785169516,0.8766519785169516,1,B0149.png
0.25,0.25,0.25,0.1645569599423169,0.4424632117360593,0.1382389036798708,0.0620434448274211,0.8986784101379806,0.8986784101379806,1,J0015.png
0.9999999600000016,0.9999999705882362,0.9999999652941188,0.1647058804152249,0.4056279648090523,0.1572761619786236,0.0267979077011312,0.8678414058685401,0.8678414058685401,1,I0192.png
0.25,0.25,0.25,0.202702699963477,0.3993944396054915,0.1587464877745938,0.0415106056775503,0.9999999955947136,0.9999999955947136,1,X0996.png
0.9999999642857156,0.999999958333335,0.9999999613095252,0.7519999939840001,0.273478705651568,0.1388410969271475,0.0416195110898138,0.8281938289506879,0.8281938289506879,0,h0125.png
0.25,0.25,0.25,0.4444444399551067,0.3219779553117254,0.132188782910544,0.0449741343024931,0.8854625511653632,0.8854625511653632,1,S0489.png
0.25,0.25,0.25,0.6760563332672089,0.2443025343818083,0.1243099234603149,0.0277777777770242,0.8458149742475112,0.8458149742475112,1,Y0695.png
0.9999999736842112,0.9999999736842112,0.9999999736842112,0.5085714256653061,0.4423269607843137,0.2344641417643822,0.0835499999979112,0.8810572648411574,0.8810572648411574,0,zb0193.png
0.9999999629629645,0.9999999629629645,0.9999999629629645,0.3888888780864201,0.6012266390616443,0.2139260919100997,0.1003810202543685,0.8414096879233054,0.8414096879233054,0,r0395.png
0.9999999655172426,0.9999999655172426,0.9999999655172426,0.6211180085644844,0.3388279411764706,0.2323043888623868,0.0371249999990718,0.8810572648411574,0.8810572648411574,0,e0210.png
0.25,0.25,0.25,0.3999999733333351,0.5160958007101227,0.1543392451201509,0.0455796570782157,0.8766519785169516,0.8766519785169516,0,x0116.png
0.9999999750000008,0.9999999750000008,0.9999999750000008,0.1428571403061225,0.5516099520900932,0.1863268182994954,0.0521309384617884,0.8546255468959227,0.8546255468959227,0,d0526.png
0.999999958333335,0.9999999687500012,0.999999963541668,0.4999999973404255,0.2676919953132905,0.1402865163650355,0.0435717519227146,0.8281938289506879,0.8281938289506879,0,h0084.png
0.9999999705882362,0.999999974358975,0.9999999724736056,0.56363635338843,0.4125466798250491,0.2198254526368903,0.065689981094468,0.8105726836538648,0.8105726836538648,1,ZC0754.png
0.9999999696969708,0.9999999705882362,0.9999999701426034,0.7142857091836735,0.2971806862745098,0.2278530707849222,0.1031749999974206,0.8810572648411574,0.8810572648411574,1,C0166.png
0.9999999756097568,0.9999999767441866,0.9999999761769716,0.5473684181717452,0.3154950182735816,0.1912242748073356,0.0417899408274364,0.9162995554348036,0.9162995554348036,0,o0138.png
0.9999999600000016,0.9999999767441866,0.9999999683720942,0.255319143503848,0.3780416248131906,0.1286126282217961,0.0480789254464785,0.8634361195443343,0.8634361195443343,1,X0276.png
0.9999999736842112,0.9999999756097568,0.999999974646984,1.0312499892578126,0.3538997621291145,0.1363684396601922,0.0289001122327083,0.8722466921927459,0.8722466921927459,1,W0222.png
0.99999997826087,0.9999999777777784,0.9999999780193244,0.8620689580856125,0.317566351810288,0.2103772578964862,0.0646448321995746,0.8766519785169516,0.8766519785169516,1,E0291.png
0.9767441633315312,0.9767441633315312,0.9767441633315312,1.6724137642687282,0.4766930971696042,0.245958935974961,0.1059357298154061,0.850220260571717,0.850220260571717,0,za0753.png
0.9999999545454564,0.9999999615384628,0.9999999580419596,0.4999999973684211,0.260213242083537,0.1354392907617788,0.0567590027685108,0.8370044015990996,0.8370044015990996,0,h0561.png
0.25,0.25,0.25,0.6973684164646815,0.2281391773258797,0.0869091675923558,0.02300038184176,0.9295154144074212,0.9295154144074212,1,M0628.png
0.9999999814814818,0.9999999814814818,0.9999999814814818,0.4043715824897728,0.3350427427373357,0.1551180073517,0.0622385470854443,0.8722466921927459,0.8722466921927459,1,ZB0398.png
0.9999999600000016,0.9999999615384628,0.9999999607692324,0.1884057943709305,0.5960659098420686,0.2006256931219127,0.0925719660381532,0.8854625511653632,0.8854625511653632,0,r0026.png
0.9999999791666672,0.9999999791666672,0.9999999791666672,0.6249999609375024,0.442953612658081,0.1234542174299402,0.0520756286970211,0.9162995554348036,0.9162995554348036,1,J0290.png
0.999999972222223,0.999999972222223,0.999999972222223,1.08988762820351,0.3603189768484375,0.1353949858391304,0.030094767643961,0.850220260571717,0.850220260571717,1,W0505.png
0.9999999615384628,0.9999999642857156,0.9999999629120891,0.2297297266252739,0.4634583105765518,0.2057219686687865,0.0689470462180148,0.8722466921927459,0.8722466921927459,1,N0338.png
0.9999999756097568,0.9999999756097568,0.9999999756097568,0.2222222172839507,0.4025234279315534,0.1588559662689906,0.0425223081488989,0.9030836964621864,0.9030836964621864,1,X0775.png
0.9999999761904768,0.9999999767441866,0.9999999764673316,0.7818181747107439,0.2608337575159863,0.1930288402842355,0.0697674418581068,0.7577092477633954,0.7577092477633954,1,E0523.png
0.9999999767441866,0.9999999761904768,0.9999999764673316,0.266666657777778,0.491475312397854,0.1676153874108772,0.0612276582106924,0.9999999955947136,0.9999999955947136,0,v0237.png
0.9999999736842112,0.9999999777777784,0.9999999757309948,0.4383561583786828,0.3699821041187924,0.1684989154515401,0.0496807622882322,0.9999999955947136,0.9999999955947136,0,m0106.png
0.9999999714285724,0.9999999772727278,0.99999997435065,0.3376623332771126,0.3657833034244205,0.1485787558163195,0.0408376696245067,0.8722466921927459,0.8722466921927459,0,m0260.png
0.25,0.25,0.25,1.3846153579881662,0.4672571832056922,0.2146028391933807,0.1024376731273563,0.8370044015990996,0.8370044015990996,0,za0015.png
0.9999999787234048,0.9999999795918372,0.999999979157621,0.564814809585048,0.396576436211208,0.1995250892034493,0.0738052596834337,0.907488982786392,0.907488982786392,1,Q0483.png
0.25,0.25,0.25,0.5098039115724724,0.1455428153575924,0.0743813207402753,0.0449826989446433,0.2246696025344951,0.2246696025344951,1,E0615.png
0.9999999750000008,0.9999999750000008,0.9999999750000008,0.6865671539318335,0.4645988504574363,0.2261503058155365,0.0437710437699272,0.8722466921927459,0.8722466921927459,1,F0338.png
0.9999999666666678,0.9999999666666678,0.9999999666666678,0.9367088489024196,0.5164674254354786,0.2495581361720682,0.1150506325822605,0.8678414058685401,0.8678414058685401,1,T0938.png
0.9999999772727278,0.9999999767441866,0.9999999770084572,0.4191616741367564,0.467087836751981,0.2355194321636698,0.0854417367921536,0.8414096879233054,0.8414096879233054,0,zb0641.png
0.99999997826087,0.9999999777777784,0.9999999780193244,0.42307691765286,0.41052442895561,0.2162534741783116,0.0689019097203531,0.8458149742475112,0.8458149742475112,1,ZC0876.png
0.9999999736842112,0.9999999687500012,0.9999999712171062,0.4285714224489797,0.4166560964780361,0.2224236702250123,0.0666179693187255,0.8149779699780706,0.8149779699780706,1,ZC1312.png
0.9999999600000016,0.9999999677419364,0.999999963870969,0.1999999971428571,0.5698145994436623,0.2278250439388737,0.0810209272724875,0.8193832563022764,0.8193832563022764,0,n0926.png
0.25,0.25,0.25,0.4285713673469475,0.4451822916666667,0.1534582403094835,0.0747070312317609,0.2819383247491703,0.2819383247491703,0,i0139.png
0.25,0.25,0.25,0.7999999900000001,0.454958852496254,0.1907376692687187,0.0508821341255478,0.8546255468959227,0.8546255468959227,1,G0006.png
0.9999999696969708,0.999999974358975,0.9999999720279727,0.270718230548518,0.4611173906804025,0.207587209816123,0.0575367999764936,0.8414096879233054,0.8414096879233054,0,s0104.png
0.9999999750000008,0.9999999772727278,0.9999999761363644,0.5561497296462581,0.3155800411880728,0.1938119055989473,0.0392705251470213,0.9162995554348036,0.9162995554348036,0,o0079.png
0.9999999545454564,0.9999999642857156,0.999999959415586,0.4999999974489796,0.1499051661480919,0.114042385389642,0.0323823406905356,0.8634361195443343,0.8634361195443343,1,H0109.png
0.9999999756097568,0.9999999761904768,0.9999999759001168,0.9850746121630656,0.4243901642289568,0.2412121178902928,0.0452936276539646,0.8634361195443343,0.8634361195443343,1,F0228.png
0.25,0.25,0.25,0.57142848979593,0.4556896955292677,0.1586767315858354,0.0835629017255365,0.290748897397582,0.290748897397582,0,i0237.png
0.9999999642857156,0.9999999655172426,0.999999964901479,0.4185022007995498,0.3422942877397422,0.1974348519958775,0.0457800461866952,0.9999999955947136,0.9999999955947136,1,U0240.png
0.9999999687500012,0.9999999714285724,0.9999999700892868,0.9999996666667778,0.6597154251171495,0.1892467443669997,0.0595884358016794,0.7841409657086301,0.7841409657086301,1,K0556.png
0.25,0.25,0.25,0.5952380916950114,0.318737156862745,0.227240541761499,0.0481749999987956,0.8810572648411574,0.8810572648411574,0,e0215.png
0.25,0.25,0.25,0.4705882214532876,0.5584291880017312,0.1837603545673039,0.0519314868791146,0.8634361195443343,0.8634361195443343,0,d0131.png
0.25,0.25,0.25,0.4187192097600039,0.2666514406000212,0.1304764429868911,0.0335120968712292,0.8942731238137748,0.8942731238137748,1,ZB0560.png
0.9999999787234048,0.9999999761904768,0.9999999774569408,0.2926829196906605,0.4041981776866473,0.1635318396973685,0.0716953372546487,0.8281938289506879,0.8281938289506879,0,zc1005.png
0.9999999756097568,0.9999999687500012,0.9999999721798788,0.5392670128834188,0.3097635161143577,0.1801551658891245,0.043474122545069,0.9030836964621864,0.9030836964621864,0,o0042.png
0.9999999729729736,0.9999999761904768,0.9999999745817252,1.0543478146266545,0.3633637749980391,0.1358792714663544,0.0265778947078692,0.850220260571717,0.850220260571717,1,W0455.png
0.9999999756097568,0.9999999777777784,0.9999999766937676,2.933333137777791,0.4075602075724497,0.1663105476312253,0.0768296912915704,0.8193832563022764,0.8193832563022764,0,zc0264.png
0.9999999767441866,0.9999999736842112,0.999999975214199,0.457142850612245,0.4127834543605609,0.2184845418295202,0.0661504747971906,0.8149779699780706,0.8149779699780706,1,ZC1311.png
0.25,0.25,0.25,0.350877186826716,0.4065923431326442,0.135061104204063,0.0487611692767812,0.8854625511653632,0.8854625511653632,1,X1254.png
0.25,0.25,0.25,0.8181817438016598,0.4323072438852084,0.1527387903866192,0.0692869740314217,0.2775330384249646,0.2775330384249646,0,i0282.png
0.25,0.25,0.25,1.7962962630315509,0.4544039871579655,0.2272310255710282,0.1044054873928318,0.850220260571717,0.850220260571717,0,za0271.png
0.25,0.25,0.25,0.7731958683175684,0.3091155493208689,0.1501476347594074,0.0604910924672332,0.907488982786392,0.907488982786392,1,A0276.png
0.9999999696969708,0.9999999767441866,0.9999999732205788,0.9999998333333612,0.524589053229904,0.1224653769252926,0.0491397539396112,0.8986784101379806,0.8986784101379806,0,j0133.png
0.25,0.25,0.25,0.4104046219051756,0.3379566797473196,0.1504590479164646,0.0526424283013568,0.8678414058685401,0.8678414058685401,1,ZB1441.png
0.9999999772727278,0.99999997826087,0.9999999777667988,2.764705719723193,0.3980381503168913,0.1606156935081974,0.0672023792482712,0.8237885426264822,0.8237885426264822,0,zc1576.png
0.999999974358975,0.9999999761904768,0.999999975274726,0.4999999975247525,0.3335694693522934,0.1860530255133853,0.0368591314567969,0.889867837489569,0.889867837489569,1,U0143.png
0.9999999629629645,0.9999999767441866,0.9999999698535756,0.4851485124497598,0.4040364858318883,0.2216839843842705,0.0673019076623396,0.9999999955947136,0.9999999955947136,0,zb0073.png
0.9999999736842112,0.9999999750000008,0.999999974342106,0.3806451588345473,0.4620196037598713,0.2252420030312953,0.073485006245484,0.8634361195443343,0.8634361195443343,0,zb0586.png
0.25,0.25,0.25,0.6965517193341261,0.2137498052610812,0.0822760050538143,0.0219796539684171,0.8854625511653632,0.8854625511653632,1,M0752.png
0.25,0.25,0.25,2.236842046398894,0.4756781526553582,0.2368764153826952,0.0995359891325391,0.8281938289506879,0.8281938289506879,0,za1011.png
0.9999999687500012,0.9999999666666678,0.9999999677083344,1.0444444328395064,0.3595311959097808,0.1284308915625756,0.0234834766856189,0.8281938289506879,0.8281938289506879,1,W0313.png
0.9999999642857156,0.9999999642857156,0.9999999642857156,0.8333331944444675,0.6281494630457108,0.1944029129651849,0.0581570123696913,0.8193832563022764,0.8193832563022764,1,K0361.png
0.25,0.25,0.25,0.7251908341588487,0.2565197979468795,0.1373980536660599,0.0361772853175574,0.8370044015990996,0.8370044015990996,0,h0437.png
0.977272705061984,0.977272705061984,0.977272705061984,0.4736841855955691,0.4930711059934178,0.1558293861267464,0.043315285296665,0.8634361195443343,0.8634361195443343,0,x0910.png
0.25,0.25,0.25,0.2363636320661158,0.4065372095720791,0.1287406900640305,0.0428702259834442,0.8854625511653632,0.8854625511653632,1,X1346.png
0.999999956521741,0.999999956521741,0.999999956521741,0.5939393903397613,0.2999658026475896,0.1983037287461967,0.0642440649712556,0.8634361195443343,0.8634361195443343,0,y0284.png
0.9999999756097568,0.9999999756097568,0.9999999756097568,0.4444444197530878,0.5640085087163809,0.1863445019852587,0.0486992939394695,0.850220260571717,0.850220260571717,0,d0777.png
0.9999999795918372,0.9999999795918372,0.9999999795918372,0.4901960736255287,0.3506126838599806,0.1507562336953941,0.0470910172505153,0.9030836964621864,0.9030836964621864,1,S0285.png
0.25,0.25,0.25,0.6734693831736777,0.2283481477480289,0.0833125736043212,0.0205846342204727,0.8722466921927459,0.8722466921927459,1,M0508.png
0.9999999705882362,0.9999999615384628,0.9999999660633496,0.1403508747306864,0.481756610646898,0.1637220631696422,0.0634838344786623,0.907488982786392,0.907488982786392,0,v0957.png
0.9999999750000008,0.999999956521741,0.9999999657608708,0.0857142832653062,0.4959650447574987,0.1197777357860043,0.0507413429092979,0.8942731238137748,0.8942731238137748,0,j0202.png
0.25,0.25,0.25,0.4249999946875001,0.4192755553645856,0.221869935477447,0.0635500365211526,0.8149779699780706,0.8149779699780706,1,ZC0101.png
0.9999999756097568,0.9999999777777784,0.9999999766937676,0.9345794305179492,0.4631351960784313,0.1957499613337351,0.0479749999988006,0.8810572648411574,0.8810572648411574,1,G0012.png
0.25,0.25,0.25,0.4158415820997941,0.2686737747740994,0.1291129847543027,0.0307322811481538,0.889867837489569,0.889867837489569,1,ZB0593.png
0.25,0.25,0.25,0.2608695538752368,0.5183311374093841,0.1607730918445323,0.0427514456694843,0.8766519785169516,0.8766519785169516,0,x0190.png
0.9999999736842112,0.9999999629629645,0.9999999683235878,0.2307692218934914,0.5522116924839146,0.1768126117045159,0.0446723401958529,0.850220260571717,0.850220260571717,0,d0829.png
0.9999999791666672,0.9999999729729736,0.9999999760698204,0.504999997475,0.419685317120114,0.2206007453224758,0.0666808981337367,0.9999999955947136,0.9999999955947136,0,zb0287.png
0.9999999736842112,0.9999999833333336,0.9999999785087724,0.1785714264455782,0.3823602910551976,0.1305465707897121,0.0308985839225609,0.8634361195443343,0.8634361195443343,1,I0734.png
0.9999999714285724,0.9999999767441866,0.9999999740863794,1.727272695867769,0.4853992076940516,0.2436663776582066,0.1051202373924268,0.8325991152748937,0.8325991152748937,0,za0760.png
0.9999999615384628,0.9999999615384628,0.9999999615384628,0.7119999943040001,0.4370033018974603,0.3160918310863727,0.1228373702392628,0.8986784101379806,0.8986784101379806,0,a0283.png
0.9999999666666678,0.9999999833333336,0.9999999750000008,0.6047904155401772,0.3242086031550155,0.2261085293818347,0.0358543280061794,0.889867837489569,0.889867837489569,0,e0940.png
0.999999974358975,0.999999974358975,0.999999974358975,0.1529411746712803,0.3813785508081408,0.1350222935987411,0.0316804407705417,0.8722466921927459,0.8722466921927459,1,I0853.png
0.9999999677419364,0.9999999677419364,0.9999999677419364,0.5026177984156136,0.2626180375387456,0.1382439379749165,0.0429812779243172,0.8414096879233054,0.8414096879233054,0,h0307.png
0.9999999777777784,0.9999999777777784,0.9999999777777784,0.4651162682531101,0.4074458455939986,0.1354342565143134,0.0469542833086568,0.8854625511653632,0.8854625511653632,1,X0485.png
0.9999999687500012,0.9999999687500012,0.9999999687500012,0.1917808192906737,0.5650282389632172,0.2271125452043944,0.0809138387643644,0.8854625511653632,0.8854625511653632,0,n1012.png
0.9999999750000008,0.9999999750000008,0.9999999750000008,1.209677399843913,0.6015762602737658,0.3657240206444233,0.1521622441561725,0.911894269110598,0.911894269110598,1,ZA0698.png
0.25,0.25,0.25,1.14285697959186,0.4045243492808128,0.1296348281833162,0.0637112942607014,0.2951541837217877,0.2951541837217877,0,i0010.png
0.25,0.25,0.25,0.7067669119791962,0.2631350232334633,0.1305285678282607,0.0318281906822663,0.8237885426264822,0.8237885426264822,1,Y0472.png
0.25,0.25,0.25,0.5121951094586559,0.4070899227705351,0.1352166390798854,0.0479264238382895,0.8942731238137748,0.8942731238137748,1,X0328.png
0.9999999629629645,0.9999999629629645,0.9999999629629645,0.1403508747306864,0.5508090753448155,0.1864308585883483,0.0505025055275467,0.8325991152748937,0.8325991152748937,0,d0563.png
0.9999999545454564,0.9999999756097568,0.9999999650776066,0.1627906957815035,0.4046457843137255,0.1741141083434949,0.0362999999990925,0.8810572648411574,0.8810572648411574,1,I0526.png
0.25,0.25,0.25,0.3333333111111126,0.5246401427625432,0.1570997167018372,0.0432098765421076,0.8722466921927459,0.8722466921927459,0,x0408.png
0.9999999772727278,0.9999999772727278,0.9999999772727278,0.3579545434207128,0.3934476851965276,0.1531926648024342,0.0514369012897897,0.8634361195443343,0.8634361195443343,1,ZB0922.png
0.25,0.25,0.25,0.962962945130316,0.4614422153174162,0.2050497335004238,0.0946168561989952,0.8546255468959227,0.8546255468959227,1,P0191.png
0.9999999772727278,0.999999974358975,0.9999999758158514,0.801652885936753,0.3989322593521485,0.2661378847501279,0.0992062721943137,0.9999999955947136,0.9999999955947136,0,c0139.png
0.9999999750000008,0.9999999807692312,0.999999977884616,0.4111111088271605,0.3462324811157378,0.1696710306073437,0.0656046752741633,0.907488982786392,0.907488982786392,1,ZB0815.png
0.25,0.25,0.25,0.3891891870854638,0.3804168202623921,0.1654175681780752,0.0676310055913472,0.9295154144074212,0.9295154144074212,1,ZB1136.png
0.9999999791666672,0.9999999791666672,0.9999999791666672,0.6233766193287232,0.3282708460988562,0.2096555591178347,0.076416015622927,0.8458149742475112,0.8458149742475112,0,y1292.png
0.9999999545454564,0.9999999687500012,0.9999999616477288,0.437499997265625,0.445109641489732,0.2091831179743347,0.0961472715293583,0.8590308332201285,0.8590308332201285,0,u0299.png
0.9999999772727278,0.9999999729729736,0.9999999751228508,2.874999820312511,0.4087417641964964,0.1676104140169632,0.0699632715199031,0.806167397329659,0.806167397329659,0,zc0312.png
0.9999999761904768,0.9999999761904768,0.9999999761904768,0.9710144786809496,0.418289268862741,0.2348473492217366,0.0430054884165269,0.8678414058685401,0.8678414058685401,1,F0219.png
0.9999999777777784,0.9999999777777784,0.9999999777777784,0.927536218441504,0.4156313055136584,0.2146281887142444,0.0488362919119306,0.8590308332201285,0.8590308332201285,1,F0017.png
0.9999999795918372,0.9999999795918372,0.9999999795918372,0.4651162682531101,0.4794426147194989,0.1607814839041363,0.0468749999987284,0.8458149742475112,0.8458149742475112,0,x0841.png
0.25,0.25,0.25,0.8333333251633988,0.4091903278860622,0.2072686880790206,0.102415229027902,0.9030836964621864,0.9030836964621864,1,P0032.png
0.25,0.25,0.25,0.5999999700000015,0.3887895899100381,0.156335000977955,0.0697908792971048,0.2775330384249646,0.2775330384249646,0,i0801.png
0.9999999642857156,0.9999999615384628,0.9999999629120891,0.3611111010802472,0.5884533436457124,0.217852362019237,0.1096566837075337,0.8149779699780706,0.8149779699780706,0,r0154.png
0.9999999705882362,0.999999974358975,0.9999999724736056,1.0645161175858482,0.3519986014968227,0.130900890988644,0.0234739364574332,0.8678414058685401,0.8678414058685401,1,W0206.png
0.999999956521741,0.999999956521741,0.999999956521741,0.4999999642857168,0.631967340338782,0.1975766022806792,0.0660444234385029,0.8105726836538648,0.8105726836538648,0,w0543.png
0.9999999729729736,0.9999999696969708,0.9999999713349722,0.6964285652104593,0.3700767041510481,0.2577191386794308,0.1092773844203124,0.8634361195443343,0.8634361195443343,0,c0424.png
0.25,0.25,0.25,0.3376623332771126,0.3613791176470588,0.1446615171745406,0.0375749999990606,0.8810572648411574,0.8810572648411574,0,m0280.png
0.9999999791666672,0.999999956521741,0.999999967844204,0.2857142789115648,0.4259351606848044,0.1582303480200569,0.0510620915020409,0.8986784101379806,0.8986784101379806,1,B0054.png
0.9999999756097568,0.9999999756097568,0.9999999756097568,0.5847953182175712,0.3406511322995904,0.2073903946503468,0.0547965960441706,0.8766519785169516,0.8766519785169516,0,o0700.png
0.9999999772727278,0.9999999795918372,0.9999999784322824,0.5689655139714626,0.3046725062258148,0.1730659175371435,0.0282666391809047,0.8678414058685401,0.8678414058685401,1,O1154.png
0.25,0.25,0.25,0.7684210445429364,0.29648900242383,0.1413025042964084,0.0542838937345778,0.889867837489569,0.889867837489569,1,A0798.png
0.25,0.25,0.25,0.3999999733333351,0.5180752319183197,0.1583285677127526,0.0430347123401155,0.850220260571717,0.850220260571717,0,x0466.png
0.9999999756097568,0.9999999843750004,0.9999999799923784,0.9850746121630656,0.4167321049743326,0.2334167211651359,0.0427071626314326,0.8414096879233054,0.8414096879233054,1,F0237.png
0.9999999666666678,0.9999999666666678,0.9999999666666678,0.6985294066284603,0.2641331978607629,0.1282240137598784,0.0278267685667303,0.8325991152748937,0.8325991152748937,1,Y0104.png
0.9999999756097568,0.9999999756097568,0.9999999756097568,0.6466666623555556,0.395331786772536,0.202891640748434,0.0672501275183964,0.850220260571717,0.850220260571717,0,q0291.png
0.9999999772727278,0.9999999772727278,0.9999999772727278,0.4352941150865052,0.3646646871167345,0.1625503174985681,0.0696194540524325,0.8766519785169516,0.8766519785169516,1,ZB0289.png
0.9999999795918372,0.9999999795918372,0.9999999795918372,0.6249999869791669,0.4927331778709996,0.1661085454095836,0.0525029227321579,0.8546255468959227,0.8546255468959227,0,x1141.png
0.25,0.25,0.25,0.5714285306122479,0.4056632810095414,0.1586568429770639,0.0920283163767226,0.2511013204797299,0.2511013204797299,0,i0967.png
0.25,0.25,0.25,1.9999999230769256,0.4536023241761983,0.2018888076048916,0.0716145833313906,0.8458149742475112,0.8458149742475112,1,N0888.png
0.25,0.25,0.25,0.538461528106509,0.1834840382433965,0.0840274418994654,0.0687603305557817,0.2422907478313183,0.2422907478313183,1,E0312.png
0.25,0.25,0.25,0.5872092989115738,0.3317727404656598,0.1755837291501923,0.037765905302476,0.889867837489569,0.889867837489569,1,O0212.png
0.9999999866666668,0.9999999866666668,0.9999999866666668,0.5976331325583838,0.3048733207624781,0.2081849638670267,0.0430104891666745,0.889867837489569,0.889867837489569,1,E0493.png
0.25,0.25,0.25,0.8428571308163267,0.5142997917038437,0.2302751711821684,0.1154930333669227,0.850220260571717,0.850220260571717,1,T0232.png
0.9999999772727278,0.9999999772727278,0.9999999772727278,0.9615384430473376,0.391046053177134,0.1515131236616461,0.0386870434438992,0.8986784101379806,0.8986784101379806,1,W0937.png
0.9999999677419364,0.9999999677419364,0.9999999677419364,0.7894736759002772,0.30455270555575,0.150929798977837,0.0632956573453112,0.9030836964621864,0.9030836964621864,1,A0008.png
0.999999956521741,0.999999956521741,0.999999956521741,0.5794392469211286,0.411772917709595,0.2092237828320595,0.071035464037396,0.850220260571717,0.850220260571717,0,q0036.png
0.9999999772727278,0.9999999772727278,0.9999999772727278,0.4432989645020725,0.3215028735162659,0.1311381374845385,0.0521956516236409,0.8766519785169516,0.8766519785169516,1,S0504.png
0.999999974358975,0.9999999767441866,0.9999999755515808,2.933333137777791,0.4110003294232229,0.1688008519036415,0.0752081811519296,0.8149779699780706,0.8149779699780706,0,zc0298.png
0.25,0.25,0.25,0.6666666419753096,0.5611225844710008,0.182475064128491,0.0578040762640945,0.8590308332201285,0.8590308332201285,0,d0072.png
0.9999999705882362,0.9999999705882362,0.9999999705882362,0.7288135469692619,0.5221157873300212,0.2339913141235373,0.1294476638355743,0.8325991152748937,0.8325991152748937,1,T0979.png
0.9999999705882362,0.9999999791666672,0.9999999748774516,0.481481477914952,0.4529431562188059,0.2103681807820099,0.0909235838003261,0.8546255468959227,0.8546255468959227,0,u0133.png
0.9999999756097568,0.9999999761904768,0.9999999759001168,0.1805555530478395,0.4683281715721473,0.1603146865425411,0.0540084224406837,0.9999999955947136,0.9999999955947136,1,J0135.png
0.9999999666666678,0.9999999545454564,0.999999960606062,0.2524271820152701,0.3298940503668768,0.1329216930785938,0.0473925598765465,0.8942731238137748,0.8942731238137748,1,S0426.png
0.25,0.25,0.25,0.1931818159865702,0.3750808459017158,0.1174590483570733,0.0239381320636778,0.9030836964621864,0.9030836964621864,1,I1194.png
0.9999999705882362,0.9999999772727278,0.999999973930482,0.4394904430605704,0.4456699727120913,0.2103506762436301,0.0977769249719641,0.8414096879233054,0.8414096879233054,0,u0300.png
0.9999999696969708,0.9999999696969708,0.9999999696969708,0.7482014334661767,0.3647254611903933,0.2796788296351492,0.1229659763285187,0.9162995554348036,0.9162995554348036,0,a0704.png
0.25,0.25,0.25,2.124999911458337,0.4666315154114605,0.2035556706854524,0.0687481154554768,0.8414096879233054,0.8414096879233054,1,N0848.png
0.25,0.25,0.25,0.6556291347309329,0.3947709723689522,0.2052418589037387,0.0654745033351677,0.8678414058685401,0.8678414058685401,0,q0138.png
0.999999958333335,0.9999999600000016,0.9999999591666684,0.4299999957,0.3172196582478854,0.1432672676460069,0.0530794676888694,0.8766519785169516,0.8766519785169516,1,S0035.png
0.25,0.25,0.25,0.7604166587456598,0.3159640250571359,0.1570858852276254,0.0566366042530968,0.889867837489569,0.889867837489569,1,A0395.png
0.9999999787234048,0.9999999787234048,0.9999999787234048,0.5877862550550668,0.4024484466795041,0.2110300594414312,0.0832827780319036,0.8942731238137748,0.8942731238137748,1,Q0170.png
0.25,0.25,0.25,0.5022026409594598,0.2064884841165016,0.1225062625432742,0.0387160627988372,0.9999999955947136,0.9999999955947136,1,ZB0691.png
0.9999999750000008,0.9999999750000008,0.9999999750000008,0.424242421671258,0.338424460543791,0.1523650780151358,0.0575916230350705,0.8414096879233054,0.8414096879233054,1,ZB1635.png
0.25,0.25,0.25,0.3333333111111126,0.4436391830405419,0.1598039813785992,0.078303850135717,0.2731277521007588,0.2731277521007588,0,i0624.png
0.9999999756097568,0.9999999756097568,0.9999999756097568,0.615384568047341,0.4701014315760907,0.1354492643032658,0.0564446366768443,0.8986784101379806,0.8986784101379806,1,J0156.png
0.999999956521741,0.999999956521741,0.999999956521741,2.499999875000006,0.4559920796804783,0.2048870423814889,0.0693511690998231,0.8414096879233054,0.8414096879233054,1,N0476.png
0.25,0.25,0.25,0.6143790809517707,0.3166171810507815,0.2046965375476073,0.0771559529176902,0.8281938289506879,0.8281938289506879,0,y1058.png
0.9999999729729736,0.9999999736842112,0.9999999733285924,0.4303030276951332,0.3393842847247379,0.151053145226517,0.0637480996659602,0.8678414058685401,0.8678414058685401,1,ZB1650.png
0.25,0.25,0.25,0.3958333312717014,0.4365251395697167,0.1923059546554799,0.0441623263876909,0.8458149742475112,0.8458149742475112,1,G0479.png
0.9999999655172426,0.9999999615384628,0.9999999635278528,0.4117646937716266,0.6130566577015595,0.2137290121117223,0.100469669530883,0.8281938289506879,0.8281938289506879,0,r0406.png
0.9999999761904768,0.9999999761904768,0.9999999761904768,0.6499999953571429,0.3768826918522511,0.2865947166119293,0.1250260308172369,0.8634361195443343,0.8634361195443343,0,a1095.png
0.999999958333335,0.9999999787234048,0.9999999685283698,0.222222219478738,0.3964884257790951,0.1492165561464733,0.0362954612284017,0.889867837489569,0.889867837489569,1,I0621.png
0.999999956521741,0.9999999729729736,0.9999999647473574,0.891891879839299,0.5183867647058824,0.2477572541570816,0.1121249999971968,0.8810572648411574,0.8810572648411574,1,T0792.png
0.25,0.25,0.25,0.7978723319375284,0.3045810579893167,0.159680305239349,0.0563180080370473,0.889867837489569,0.889867837489569,1,A0754.png
0.9999999880952384,0.9999999687500012,0.9999999784226196,0.3964497017961556,0.4642457198544549,0.2292877099710434,0.0855553377098922,0.889867837489569,0.889867837489569,0,zb0638.png
0.9999999666666678,0.9999999761904768,0.9999999714285724,0.5543478230741966,0.3274590216586039,0.1930401962350388,0.0514693392207656,0.8942731238137748,0.8942731238137748,0,o0535.png
0.99999997826087,0.99999997826087,0.99999997826087,0.6242038176802305,0.3287345550465084,0.2100596933104616,0.0697105372743203,0.8634361195443343,0.8634361195443343,0,y0498.png
0.9999999615384628,0.999999958333335,0.999999959935899,0.4999999973958333,0.2667128353077342,0.1308566263550111,0.0459255642348653,0.8458149742475112,0.8458149742475112,0,h0540.png
0.9999999696969708,0.9999999545454564,0.9999999621212136,0.7163120516573613,0.3270860603823923,0.2220063215288077,0.116116067049404,0.889867837489569,0.889867837489569,1,C0212.png
0.25,0.25,0.25,0.4782608591682422,0.4262106694116968,0.1358293511665975,0.0437365411736408,0.8854625511653632,0.8854625511653632,1,X0080.png
0.9999999756097568,0.999999981132076,0.9999999783709164,0.3974358923405655,0.4092946413513346,0.2171372033217029,0.0577184246248947,0.8281938289506879,0.8281938289506879,1,ZC0773.png
0.25,0.25,0.25,1.812499943359377,0.4339811185199819,0.2028770127344725,0.0645185727616848,0.8766519785169516,0.8766519785169516,1,N0872.png
0.999999974358975,0.9999999696969708,0.9999999720279727,0.4666666355555576,0.6181148990208328,0.1785275044831152,0.0518533944176423,0.8634361195443343,0.8634361195443343,0,w0804.png
0.25,0.25,0.25,0.4034090886169938,0.3442358823529412,0.1607704090581339,0.06479999999838,0.8810572648411574,0.8810572648411574,1,ZB0163.png
0.9999999655172426,0.9999999777777784,0.9999999716475104,0.2452830142399431,0.4071558093205588,0.1346828372209245,0.0521786183603757,0.8678414058685401,0.8678414058685401,1,X1370.png
0.9999999655172426,0.9999999655172426,0.9999999655172426,1.7241378715814526,0.5538718277900971,0.1877081429762211,0.0623566698430169,0.8678414058685401,0.8678414058685401,0,w0756.png
0.9999999600000016,0.9999999821428576,0.9999999710714296,0.5987654284026825,0.3186725684003009,0.2265647485791941,0.0429110426176291,0.8546255468959227,0.8546255468959227,0,e1012.png
0.25,0.25,0.25,0.2857142789115648,0.5091998023699276,0.1582288280172042,0.0468034152424301,0.8634361195443343,0.8634361195443343,0,x0089.png
0.9999999772727278,0.9999999772727278,0.9999999772727278,0.6089743550706772,0.2910632565783515,0.2009925131812522,0.0724503793266579,0.8325991152748937,0.8325991152748937,0,y1211.png
0.999999974358975,0.9999999791666672,0.9999999767628212,0.9999996666667778,0.671678528201404,0.196046523128251,0.0624999999980709,0.7929515383570417,0.7929515383570417,1,K0264.png
0.25,0.25,0.25,1.0749999731250008,0.4899049796836235,0.2210314156468867,0.0798410695567709,0.850220260571717,0.850220260571717,0,p0178.png
0.9999999615384628,0.9999999615384628,0.9999999615384628,0.7043478199621929,0.4106547436683007,0.2921552954351429,0.1359592013852007,0.8458149742475112,0.8458149742475112,0,a0128.png
0.9999999687500012,0.9999999687500012,0.9999999687500012,0.6874999946289063,0.4013997066970832,0.3043581740556503,0.1293905817138673,0.8370044015990996,0.8370044015990996,0,a0335.png
0.9999999750000008,0.999999974358975,0.999999974679488,0.3783783732651571,0.4096010971160759,0.2157796248250637,0.0583974649145994,0.8281938289506879,0.8281938289506879,1,ZC0384.png
0.25,0.25,0.25,1.259259212620029,0.7287558141288042,0.3218058768264394,0.1183439061870832,0.8986784101379806,0.8986784101379806,1,ZA0786.png
0.25,0.25,0.25,0.5163398659062753,0.2832850899951861,0.1340551514770177,0.0333988734181794,0.8546255468959227,0.8546255468959227,1,ZB0711.png
0.25,0.25,0.25,1.0810810518626743,0.4873990720769742,0.2212355497243306,0.0776366306764504,0.8678414058685401,0.8678414058685401,0,p0225.png
0.25,0.25,0.25,0.244897954185756,0.3780471349406344,0.1300785460495266,0.0426183707469214,0.889867837489569,0.889867837489569,1,X0272.png
0.25,0.25,0.25,0.1785714264455782,0.4064456762136056,0.1611315439438499,0.0312863542973865,0.8854625511653632,0.8854625511653632,1,I0545.png
0.25,0.25,0.25,0.2702702666179694,0.4554761960010829,0.2017392793671923,0.0676134122270187,0.8590308332201285,0.8590308332201285,1,N0894.png
0.9999999629629645,0.9999999629629645,0.9999999629629645,0.6071428535289116,0.3080548770834747,0.2180127383092107,0.035443098807299,0.8986784101379806,0.8986784101379806,0,e0881.png
0.25,0.25,0.25,0.6776315744892659,0.2291385846426613,0.0857898659074624,0.0223438429500929,0.9030836964621864,0.9030836964621864,1,M0570.png
0.9999999772727278,0.9999999772727278,0.9999999772727278,0.231884054610376,0.4520630492100583,0.1643420821141376,0.0556967920965728,0.9999999955947136,0.9999999955947136,1,J0380.png
0.999999974358975,0.9999999772727278,0.9999999758158514,0.798387090335588,0.3679812584150077,0.2796034299829611,0.1413886338092697,0.8722466921927459,0.8722466921927459,0,a0976.png
0.25,0.25,0.25,0.697841721598261,0.2457494582036417,0.1254145995480443,0.0304437703017411,0.850220260571717,0.850220260571717,1,Y0718.png
0.9999999736842112,0.9999999777777784,0.9999999757309948,12.799997440000512,0.4261522976537554,0.1727317220332566,0.0592201166165342,0.8634361195443343,0.8634361195443343,0,w0070.png
0.9999999615384628,0.9999999729729736,0.9999999672557184,0.6305732443912533,0.326944578753968,0.2107506395575822,0.0758329253504127,0.8678414058685401,0.8678414058685401,0,y0564.png
0.9999999843750004,0.9999999843750004,0.9999999843750004,0.7978723319375284,0.3114308823529411,0.152474297629693,0.0582499999985437,0.8810572648411574,0.8810572648411574,1,A0297.png
0.25,0.25,0.25,0.2558139475392105,0.4121424184406953,0.1448266130605748,0.0470870319343157,0.8722466921927459,0.8722466921927459,1,X1439.png
0.25,0.25,0.25,0.4868421020602493,0.3765377136097494,0.1700421219385997,0.040771484373894,0.8458149742475112,0.8458149742475112,1,ZB0933.png
0.25,0.25,0.25,2.181818132231406,0.4489446103962418,0.2065918625436514,0.0680067274287107,0.8458149742475112,0.8458149742475112,1,N0436.png
0.999999956521741,0.999999958333335,0.999999957427538,0.6703296629634103,0.4421110379961686,0.1675853966173223,0.0686093785493141,0.8766519785169516,0.8766519785169516,1,R0161.png
0.9999999772727278,0.9999999772727278,0.9999999772727278,0.2391304295841211,0.4104151960784313,0.1373481841548982,0.0487749999987806,0.8810572648411574,0.8810572648411574,1,X1194.png
0.25,0.25,0.25,0.1891891866325785,0.5948027555944388,0.2369790381600742,0.0851834948566355,0.850220260571717,0.850220260571717,0,n0059.png
0.9999999729729736,0.9999999705882362,0.999999971780605,0.481481477914952,0.4440422240944989,0.2077381021095567,0.0913628472197438,0.8458149742475112,0.8458149742475112,0,u0277.png
0.999999958333335,0.9999999705882362,0.9999999644607857,0.2555555527160494,0.4180734876050214,0.1853317943195251,0.0505832761481574,0.889867837489569,0.889867837489569,0,b0462.png
0.9999999787234048,0.9999999787234048,0.9999999787234048,0.7916666600694445,0.3419195936262021,0.1889393194636158,0.0415721844281634,0.8325991152748937,0.8325991152748937,0,l0117.png
0.9999999767441866,0.9999999761904768,0.9999999764673316,2.8124998242187607,0.3993717684963545,0.1630809843193529,0.0694615230612982,0.8237885426264822,0.8237885426264822,0,zc1310.png
0.25,0.25,0.25,0.1780821893413398,0.5573262723371897,0.2307326325712882,0.0799445983357356,0.8370044015990996,0.8370044015990996,0,n0878.png
0.9999999705882362,0.9999999642857156,0.9999999674369758,0.2637362622871634,0.4461346668845052,0.1869529078124958,0.05316386909633,0.8017621110054532,0.8017621110054532,0,s0470.png
0.9999999777777784,0.9999999761904768,0.9999999769841276,1.194444411265433,0.382851328465414,0.1411675796374761,0.0346950954851699,0.8458149742475112,0.8458149742475112,1,W0977.png
0.999999974358975,0.999999974358975,0.999999974358975,0.6315789432132964,0.3138402735226034,0.2048368212393748,0.0720214843730462,0.8458149742475112,0.8458149742475112,0,y0045.png
0.9999999756097568,0.9999999787234048,0.9999999771665808,0.6037735811083422,0.2840095869076797,0.206232932347761,0.056749131942905,0.8458149742475112,0.8458149742475112,1,E0544.png
0.9999999787234048,0.9999999787234048,0.9999999787234048,0.9886363524018597,0.4324003822464111,0.2006536947460341,0.0854929333411179,0.8854625511653632,0.8854625511653632,1,P0097.png
0.9999999677419364,0.9999999795918372,0.9999999736668868,0.598837205820714,0.3197354515869405,0.2297386321065651,0.0397858417599099,0.9030836964621864,0.9030836964621864,0,e0645.png
0.9999999807692312,0.9999999807692312,0.9999999807692312,0.499999750000125,0.4799063725490196,0.181852351269367,0.0196499999995087,0.8810572648411574,0.8810572648411574,0,i0887.png
0.9999999772727278,0.9999999859154932,0.9999999815941104,0.7731092372007627,0.3498614663256607,0.1905777363343336,0.0459002835525194,0.8105726836538648,0.8105726836538648,0,l0318.png
0.9999999767441866,0.9999999791666672,0.9999999779554268,0.599999880000024,0.4618102541628022,0.1566662221660388,0.0209895794653352,0.8854625511653632,0.8854625511653632,0,i0695.png
0.9999999687500012,0.9999999750000008,0.9999999718750008,0.4647887258480461,0.42147737809426,0.2259810719863912,0.0696323274346851,0.8193832563022764,0.8193832563022764,1,ZC0881.png
0.25,0.25,0.25,0.7912087825141892,0.3258127468209629,0.1728449297218696,0.0555679314854689,0.8854625511653632,0.8854625511653632,1,A0633.png
0.9999999750000008,0.9999999767441866,0.9999999758720935,0.5513513483710738,0.3112703635856496,0.1933719120058698,0.0429402153007751,0.8986784101379806,0.8986784101379806,0,o0106.png
0.25,0.25,0.25,0.5789473379501401,0.3932848225795508,0.1447061674904598,0.0657439446224602,0.2995594700459935,0.2995594700459935,0,i0826.png
0.9999999696969708,0.9999999705882362,0.9999999701426034,1.823529304498276,0.61339348022195,0.1762024240654896,0.0663248697898674,0.8458149742475112,0.8458149742475112,1,V0125.png
0.25,0.25,0.25,0.246575339088009,0.4607025821505459,0.2000312733759477,0.064378698223159,0.8590308332201285,0.8590308332201285,1,N0159.png
0.9999999855072468,0.9999999855072468,0.9999999855072468,0.4520547883280166,0.4207149642143827,0.224749477360882,0.0532142444197822,0.8193832563022764,0.8193832563022764,1,ZC0823.png
0.982142839604592,0.9999999787234048,0.9910714091639984,0.4378698198942614,0.3507420211222944,0.1535383557535637,0.0620089786740636,0.8722466921927459,0.8722466921927459,1,ZB1557.png
0.9999999814814818,0.9999999814814818,0.9999999814814818,2.0566037347810617,0.5122258587302257,0.2316617603884042,0.0746375827189614,0.9999999955947136,0.9999999955947136,0,n1084.png
0.9999999800000005,0.9999999800000005,0.9999999800000005,0.3913043444234405,0.4928919358204257,0.1761200570704707,0.0590842330372056,0.8678414058685401,0.8678414058685401,0,x0567.png
0.9999999687500012,0.9999999756097568,0.9999999721798788,0.5074626827801293,0.4461155256023123,0.2099572034360164,0.090578169834983,0.8546255468959227,0.8546255468959227,0,u0521.png
0.9999999729729736,0.9999999523809546,0.9999999626769642,0.799999840000032,0.6647852040224375,0.1981560484613803,0.063247192366162,0.8017621110054532,0.8017621110054532,1,K0193.png
0.25,0.25,0.25,0.3749999765625014,0.5240598022800084,0.1556333573638086,0.0435099128820522,0.8942731238137748,0.8942731238137748,0,x0148.png
0.25,0.25,0.25,1.0270269992695409,0.4948529214365013,0.2210505035082181,0.0721630110856086,0.850220260571717,0.850220260571717,0,p0160.png
0.999999974358975,0.9999999756097568,0.999999974984366,0.5198019776247427,0.4183395681624549,0.2186219269180039,0.0665644588471236,0.9999999955947136,0.9999999955947136,0,zb0326.png
0.25,0.25,0.25,0.367149756680436,0.3246150755571663,0.1601591363253685,0.0575509346762456,0.911894269110598,0.911894269110598,1,ZB0781.png
0.9999999545454564,0.9999999767441866,0.9999999656448216,0.586826343791459,0.2746471037394549,0.1941805355723926,0.0712723865037673,0.8634361195443343,0.8634361195443343,0,y1003.png
0.9999999677419364,0.9999999756097568,0.9999999716758464,0.2043010730720315,0.469914747583061,0.1886506458695896,0.0527343749985694,0.8458149742475112,0.8458149742475112,1,D0052.png
0.9999999729729736,0.9999999729729736,0.9999999729729736,0.4871794846811308,0.4277544091075206,0.2321314466606782,0.0799980198490136,0.8854625511653632,0.8854625511653632,0,zb0838.png
0.25,0.25,0.25,0.4550561772187855,0.2636950531846725,0.1187209423463102,0.0267204921177739,0.8986784101379806,0.8986784101379806,1,ZB0524.png
0.9999999696969708,0.9999999696969708,0.9999999696969708,0.3930635815429851,0.3683906614585348,0.1567747408374147,0.0506771860604687,0.8590308332201285,0.8590308332201285,1,ZB1232.png
0.25,0.25,0.25,0.8999999100000091,0.4440717333765462,0.1523377371562839,0.0794306703215264,0.290748897397582,0.290748897397582,0,i0631.png
0.9999999545454564,0.9999999545454564,0.9999999545454564,0.8041237030502711,0.2914914705882353,0.1332618932253169,0.0673749999983156,0.8810572648411574,0.8810572648411574,1,A1398.png
0.99999997826087,0.9999999767441866,0.9999999775025284,0.57142856122449,0.410153603823801,0.2178299170684276,0.0611357340703286,0.8370044015990996,0.8370044015990996,1,ZC1258.png
0.25,0.25,0.25,0.4545454519628099,0.3289431372549019,0.1574656047587706,0.0599499999985012,0.8810572648411574,0.8810572648411574,1,ZB0006.png
0.9999999629629645,0.9999999642857156,0.99999996362434,0.3820224697639187,0.3456309997957516,0.1594932334542966,0.0679253472203796,0.8458149742475112,0.8458149742475112,1,ZB0204.png
0.25,0.25,0.25,0.5022026409594598,0.2393787773798801,0.1380453273556659,0.0482640843011068,0.9999999955947136,0.9999999955947136,1,ZB0976.png
0.9999999848484852,0.9999999848484852,0.9999999848484852,0.9499999881250002,0.4211261889383529,0.2074373871320897,0.0782839807759058,0.850220260571717,0.850220260571717,1,P0618.png
0.9999999772727278,0.99999997826087,0.9999999777667988,2.9999998000000136,0.4005230402950737,0.1603342085170384,0.072178214988356,0.8237885426264822,0.8237885426264822,0,zc1175.png
0.25,0.25,0.25,0.2399999952000001,0.4113677054198328,0.1327728401751244,0.0451473973405324,0.8854625511653632,0.8854625511653632,1,X0371.png
0.25,0.25,0.25,0.2545454499173554,0.4087948893899291,0.1343804191844193,0.0464170179382801,0.889867837489569,0.889867837489569,1,X1585.png
0.25,0.25,0.25,0.5802469099984758,0.2825623119324688,0.2029920881942325,0.0548042100482456,0.8281938289506879,0.8281938289506879,1,E0745.png
0.9999999861111112,0.9999999861111112,0.9999999861111112,1.031746015369111,0.4228716681985294,0.1980903322265289,0.0818142361088917,0.8458149742475112,0.8458149742475112,1,P0346.png
0.9999999761904768,0.9999999761904768,0.9999999761904768,1.69090906016529,0.4692295833815084,0.2421982052690021,0.098913169149644,0.8193832563022764,0.8193832563022764,0,za0930.png
0.9999999772727278,0.9999999777777784,0.999999977525253,0.343949042395229,0.4587565638500298,0.2243365850448996,0.0772855060371385,0.8634361195443343,0.8634361195443343,0,zb0280.png
0.9999999629629645,0.9999999787234048,0.9999999708431846,0.5185185146776407,0.4570510101229841,0.2027367868987455,0.0775240384597465,0.9162995554348036,0.9162995554348036,0,u0059.png
0.25,0.25,0.25,0.595092020889006,0.2859376143273224,0.1889305908368153,0.0729684018343319,0.850220260571717,0.850220260571717,0,y0116.png
0.9999999545454564,0.9999999545454564,0.9999999545454564,0.6666666621315194,0.2125400471825811,0.0773364827517217,0.0188034188029243,0.8590308332201285,0.8590308332201285,1,M0746.png
0.25,0.25,0.25,0.6470587854671302,0.3901165404433379,0.1505137268967392,0.0655076845387987,0.2775330384249646,0.2775330384249646,0,i0785.png
0.999999974358975,0.9999999655172426,0.9999999699381088,0.3157894570637127,0.5032756615913887,0.1540918931661255,0.0624051903180376,0.911894269110598,0.911894269110598,0,v0746.png
0.9999999642857156,0.9999999836065576,0.9999999739461366,0.3333333222222225,0.4248850940733223,0.1827114901707127,0.0233194527061672,0.9030836964621864,0.9030836964621864,0,b0276.png
0.25,0.25,0.25,0.2045454498966943,0.4243535552800784,0.1572342891192703,0.0477257345551185,0.911894269110598,0.911894269110598,1,B0011.png
0.9999999729729736,0.9999999761904768,0.9999999745817252,0.8067226822964481,0.2967613009404304,0.2148037674898753,0.055864696689897,0.8414096879233054,0.8414096879233054,1,E0675.png
0.25,0.25,0.25,0.6834532324931423,0.2594321679289,0.1245238743922445,0.0267069790871838,0.8325991152748937,0.8325991152748937,1,Y0297.png
0.25,0.25,0.25,0.2857142789115648,0.4285802986135282,0.1622630547909056,0.0503651997029778,0.9162995554348036,0.9162995554348036,1,B0071.png
0.9999999777777784,0.99999997826087,0.9999999780193244,0.4285714230055659,0.4185959706241893,0.2274700277139561,0.0630161529614787,0.8325991152748937,0.8325991152748937,1,ZC0696.png
0.25,0.25,0.25,1.0714285561224492,0.6453183175044354,0.3499794469415589,0.147068914808669,0.889867837489569,0.889867837489569,1,ZA0239.png
0.25,0.25,0.25,0.7525773118290999,0.293972058258136,0.1436870723542824,0.0543781237972323,0.8986784101379806,0.8986784101379806,1,A0969.png
0.99999997826087,0.9999999795918372,0.9999999789263536,0.57142856122449,0.4206401510771958,0.2273567757627183,0.0731009365223407,0.8193832563022764,0.8193832563022764,1,ZC0033.png
0.25,0.25,0.25,0.1529411746712803,0.3901307043943292,0.1410124211777301,0.0286379050016425,0.8854625511653632,0.8854625511653632,1,I1068.png
0.9999999714285724,0.9999999714285724,0.9999999714285724,0.93749998828125,0.5075210412702986,0.2496822683925275,0.1203703703673,0.8722466921927459,0.8722466921927459,1,T0825.png
0.9999999714285724,0.9999999714285724,0.9999999714285724,0.1463414616299821,0.4114639872800881,0.1597830085236075,0.0345538406030932,0.8678414058685401,0.8678414058685401,1,I0140.png
0.9999999642857156,0.999999972222223,0.9999999682539692,2.933333137777791,0.397663902376144,0.1618307502457415,0.066822498171897,0.8149779699780706,0.8149779699780706,0,zc1625.png
0.9999999772727278,0.9999999767441866,0.9999999770084572,0.5421052603047092,0.3061882345548267,0.1896472708908884,0.0372561033076337,0.907488982786392,0.907488982786392,0,o0116.png
0.9999999800000005,0.9999999800000005,0.9999999800000005,0.735999994112,0.3323886860127908,0.1921578315438842,0.0417749111636126,0.806167397329659,0.806167397329659,0,l0262.png
0.25,0.25,0.25,0.8020833249782987,0.3162749432721954,0.1567967595383785,0.0665128796600703,0.8986784101379806,0.8986784101379806,1,A0170.png
0.9999999756097568,0.9999999750000008,0.9999999753048788,0.9999996666667778,0.4848149463867179,0.1128624671433001,0.0400093710943354,0.8634361195443343,0.8634361195443343,0,k0076.png
0.9999999767441866,0.9999999736842112,0.999999975214199,0.1249999973958334,0.4779200684502943,0.1262264818911974,0.0446943483264923,0.8986784101379806,0.8986784101379806,0,j0264.png
0.25,0.25,0.25,0.8815789357686983,0.5059063421286882,0.2361282620713777,0.111255726777612,0.8634361195443343,0.8634361195443343,1,T0302.png
0.25,0.25,0.25,2.076922997041423,0.4549614904133398,0.1999246958818207,0.0625207756215368,0.8370044015990996,0.8370044015990996,1,N0407.png
0.9999999687500012,0.9999999750000008,0.9999999718750008,0.7173912991493384,0.3119619646654703,0.2316964069124091,0.1120548923550644,0.8722466921927459,0.8722466921927459,1,C0195.png
0.25,0.25,0.25,0.3020833301866319,0.3800250551142528,0.1615516528694524,0.0554193932170037,0.9030836964621864,0.9030836964621864,1,B0287.png
0.999999974358975,0.9999999615384628,0.999999967948719,0.9166665902777842,0.5108061301179623,0.168161906394073,0.0707283599629759,0.889867837489569,0.889867837489569,0,v0214.png
0.9999999750000008,0.9999999772727278,0.9999999761363644,2.933333137777791,0.4019367793866999,0.1630842837620627,0.0713513513492665,0.8149779699780706,0.8149779699780706,0,zc1053.png
0.9999999777777784,0.9999999777777784,0.9999999777777784,0.4206349172965483,0.3204523949929963,0.1354454457392927,0.0492159288894417,0.8766519785169516,0.8766519785169516,1,S0377.png
0.25,0.25,0.25,0.7062937013545895,0.2172479245594915,0.0815840395766255,0.019311832172843,0.889867837489569,0.889867837489569,1,M0757.png
0.25,0.25,0.25,0.7142856122449125,0.406139897365196,0.1183085965224987,0.0808105468552708,0.2819383247491703,0.2819383247491703,0,i0074.png
0.9999999787234048,0.9999999787234048,0.9999999787234048,0.5604395573602222,0.315221736732743,0.1731360112043974,0.0336819626772384,0.8942731238137748,0.8942731238137748,1,O0613.png
0.25,0.25,0.25,0.1975308617588782,0.42716390742161,0.1373897820072692,0.0561954710308745,0.889867837489569,0.889867837489569,1,J0473.png
0.9999999655172426,0.9999999655172426,0.9999999655172426,3.1538459112426223,0.5588838194557602,0.2354891542863193,0.082216066479717,0.8370044015990996,0.8370044015990996,0,n0931.png
0.9999999687500012,0.9999999696969708,0.999999969223486,1.956521654064276,0.6016038443444376,0.1784446758263139,0.07274219103461,0.8281938289506879,0.8281938289506879,1,V0388.png
0.9999999705882362,0.9999999824561407,0.9999999765221884,0.370192305912537,0.323021449704142,0.1624751694902588,0.0609282544364615,0.9162995554348036,0.9162995554348036,1,ZB0783.png
0.25,0.25,0.25,0.7631578880424746,0.4106870810155215,0.2089437781843106,0.0812686549035097,0.8942731238137748,0.8942731238137748,1,P0753.png
0.9999999787234048,0.9999999787234048,0.9999999787234048,0.357142848639456,0.4965823068128021,0.1571862341733818,0.0470251745716966,0.8678414058685401,0.8678414058685401,0,x1050.png
0.9999999714285724,0.9999999859154932,0.9999999786720328,0.4451612874505724,0.4444873476729124,0.2200911690161915,0.0719784163740506,0.8854625511653632,0.8854625511653632,0,zb0447.png
0.99999998630137,0.99999998630137,0.99999998630137,0.9397590248221804,0.4149366793162158,0.2091347061754765,0.0800031884344775,0.8546255468959227,0.8546255468959227,1,P0623.png
0.9999999756097568,0.9999999750000008,0.9999999753048788,0.3657142836244898,0.3933862290962707,0.1605619659984128,0.06920212223066,0.8722466921927459,0.8722466921927459,1,ZB1004.png
0.999999983870968,0.999999983870968,0.999999983870968,0.5388888858950618,0.2388422432422857,0.1197504839273314,0.0250026570298383,0.8546255468959227,0.8546255468959227,1,Y0634.png
0.25,0.25,0.25,0.6999999950000001,0.2431772709083633,0.1276762404274976,0.029076426488206,0.8634361195443343,0.8634361195443343,1,Y0843.png
0.9999999714285724,0.9999999772727278,0.99999997435065,0.4371257458854746,0.4456032115581071,0.210811913459626,0.0936203256547448,0.8942731238137748,0.8942731238137748,0,u0355.png
0.25,0.25,0.25,0.5098039115724724,0.1439265440893773,0.0740123383068592,0.0695886197348755,0.2246696025344951,0.2246696025344951,1,E0577.png
0.25,0.25,0.25,0.3802083313530816,0.4279758561410676,0.1937114391883019,0.0478244357625915,0.8458149742475112,0.8458149742475112,1,G0355.png
0.25,0.25,0.25,0.6233766193287232,0.3135460790494757,0.2069769204804585,0.0820152956310952,0.8414096879233054,0.8414096879233054,0,y0623.png
0.999999982758621,0.999999982758621,0.999999982758621,1.7999999280000027,0.5672729739898476,0.2009930134992035,0.0530469844704439,0.8237885426264822,0.8237885426264822,1,L0496.png
0.25,0.25,0.25,3.8461536982248576,0.6007709252737231,0.2485234516639962,0.0794676902078364,0.8766519785169516,0.8766519785169516,0,n0295.png
0.9999999736842112,0.9999999736842112,0.9999999736842112,1.745454513719009,0.4865301357515676,0.2413014385789025,0.099942435785753,0.8414096879233054,0.8414096879233054,0,za0845.png
0.9999999756097568,0.9999999687500012,0.9999999721798788,0.7163120516573613,0.310594693715149,0.2261244838749673,0.1054798549135996,0.889867837489569,0.889867837489569,1,C0038.png
0.25,0.25,0.25,0.4378698198942614,0.3440371046377735,0.1536032105788017,0.0586734693862277,0.8634361195443343,0.8634361195443343,1,ZB1470.png
0.999999956521741,0.999999956521741,0.999999956521741,0.6797385576487676,0.2229932598039215,0.0803065983045877,0.0202477810646207,0.9162995554348036,0.9162995554348036,1,M0275.png
0.25,0.25,0.25,0.5545454495041323,0.4257228477328431,0.2116873226809322,0.0694444444425606,0.8458149742475112,0.8458149742475112,0,q0005.png
0.999999956521741,0.9999999761904768,0.999999966356109,0.2499999947916668,0.376958952820222,0.1298421746917313,0.0478239583589419,0.8678414058685401,0.8678414058685401,1,X0283.png
0.25,0.25,0.25,0.4999999934210527,0.4806311298067862,0.1882084374492845,0.0850153786984569,0.8986784101379806,0.8986784101379806,1,R0073.png
0.999999985294118,0.999999985294118,0.999999985294118,0.7999999915789475,0.3051203834684884,0.1596984943402204,0.0614428886878729,0.8942731238137748,0.8942731238137748,1,A0771.png
0.9999999687500012,0.9999999714285724,0.9999999700892868,0.2121212056932968,0.4890960324920086,0.1579137025736443,0.0666601313580369,0.889867837489569,0.889867837489569,0,v0773.png
0.9999999696969708,0.999999974358975,0.9999999720279727,1.333332888889037,0.4888730841790853,0.1268309015359122,0.0375216814601183,0.8722466921927459,0.8722466921927459,0,k0042.png
0.9999999736842112,0.9999999772727278,0.9999999754784696,0.4383561583786828,0.413745713917415,0.2209451086375115,0.0636961285591323,0.8149779699780706,0.8149779699780706,1,ZC1194.png
0.9999999777777784,0.9999999791666672,0.9999999784722228,0.447368415166205,0.4192659929521831,0.2253350212702058,0.0684416025331473,0.8281938289506879,0.8281938289506879,1,ZC0049.png
0.9999999833333336,0.9999999833333336,0.9999999833333336,0.5022026409594598,0.3728831927500182,0.2363046629565013,0.0939082846534202,0.9999999955947136,0.9999999955947136,1,P1005.png
0.9999999791666672,0.9999999791666672,0.9999999791666672,0.3953488280151435,0.471166629917273,0.15875934655512,0.0469596001653748,0.8634361195443343,0.8634361195443343,0,x1270.png
0.999999974358975,0.9999999729729736,0.9999999736659744,0.7499998125000469,0.4822628043985509,0.1275887998534118,0.0383168967774275,0.8590308332201285,0.8590308332201285,0,k0445.png
0.9999999696969708,0.9999999705882362,0.9999999701426034,0.8706896476664686,0.3331453471497411,0.2171273569871553,0.0634741691975425,0.889867837489569,0.889867837489569,1,E0394.png
0.25,0.25,0.25,0.35,0.5038968191721134,0.1474034877017646,0.1022222222040493,0.330396474315434,0.330396474315434,0,x0133.png
0.25,0.25,0.25,0.4244186021836127,0.3326990443152059,0.150373835415318,0.0504285276999686,0.8722466921927459,0.8722466921927459,1,ZB0387.png
0.25,0.25,0.25,0.6249999609375024,0.3923244102328431,0.1242863906224577,0.0705566406077742,0.2819383247491703,0.2819383247491703,0,i0481.png
0.9999999729729736,0.9999999818181822,0.999999977395578,0.1999999977777778,0.3998041902235165,0.1820445942244231,0.0317378315843818,0.9295154144074212,0.9295154144074212,0,b0099.png
0.9999999859154932,0.9999999859154932,0.9999999859154932,0.591999995264,0.3035621858731602,0.1551351246660648,0.0611274236195703,0.8942731238137748,0.8942731238137748,1,A1205.png
0.25,0.25,0.25,0.4145077698730167,0.3287753181118916,0.1518855503630152,0.0581298452044612,0.8766519785169516,0.8766519785169516,1,ZB0450.png
0.9999999687500012,0.9999999687500012,0.9999999687500012,0.6746031692491812,0.3926002610067707,0.2905013351194511,0.1394006544837692,0.8678414058685401,0.8678414058685401,0,a0143.png
0.999999983870968,0.999999983870968,0.999999983870968,1.921568589773165,0.2564018464528668,0.1660791918560339,0.0580747605149397,0.8634361195443343,0.8634361195443343,1,H0571.png
0.25,0.25,0.25,0.2048192746407316,0.3792426155836317,0.1205491899459543,0.0266885599444493,0.889867837489569,0.889867837489569,1,I1215.png
0.25,0.25,0.25,1.7999999100000044,0.7589662306083587,0.3062232304695689,0.1294372413001442,0.8414096879233054,0.8414096879233054,1,ZA0771.png
0.999999956521741,0.9999999772727278,0.9999999668972344,0.2261904734977324,0.3747988612805407,0.1300871117037479,0.0315465068302665,0.8942731238137748,0.8942731238137748,1,I0651.png
0.999999974358975,0.999999974358975,0.999999974358975,0.4444444197530878,0.5033303207228786,0.1699661917459802,0.0609388255240612,0.907488982786392,0.907488982786392,0,v0174.png
0.9999999777777784,0.9999999729729736,0.999999975375376,0.099999998,0.4862715526402851,0.1345185360214759,0.0454095579214485,0.907488982786392,0.907488982786392,0,j0709.png
0.9999999777777784,0.9999999777777784,0.9999999777777784,0.2181818142148761,0.4018804620930077,0.1288857950328549,0.0458404494926897,0.8854625511653632,0.8854625511653632,1,X1144.png
0.25,0.25,0.25,0.6346153805473373,0.3127441977709357,0.214730380491729,0.0713957759394093,0.8722466921927459,0.8722466921927459,0,y0923.png
0.9999999714285724,0.9999999705882362,0.9999999710084042,1.619047541950117,0.6239564185049019,0.1729137413120829,0.0697699652758851,0.8458149742475112,0.8458149742475112,1,V0211.png
0.9999999714285724,0.999999974358975,0.9999999728937736,0.4166666608796297,0.4144982929718216,0.2200203131619861,0.0649765594653475,0.806167397329659,0.806167397329659,1,ZC0458.png
0.9999999736842112,0.9999999736842112,0.9999999736842112,0.6956521688720857,0.2516767514297385,0.1330494105556176,0.0316569010408079,0.8458149742475112,0.8458149742475112,1,Y0610.png
0.9999999777777784,0.9999999772727278,0.999999977525253,0.2702702629656686,0.4131521247552275,0.1677201302517696,0.0770740248738958,0.8017621110054532,0.8017621110054532,0,zc0520.png
0.9999999777777784,0.9999999777777784,0.9999999777777784,0.5853658500892326,0.2914332703567538,0.1967795994482634,0.0687391493036908,0.8458149742475112,0.8458149742475112,0,y0465.png
0.9999999821428576,0.9999999824561407,0.9999999822994992,2.8421051135734148,0.5837292302033342,0.1988854847749821,0.0429237324475128,0.8237885426264822,0.8237885426264822,1,L0174.png
0.9999999687500012,0.9999999687500012,0.9999999687500012,0.6217948678090073,0.2909795709741385,0.2030965254057976,0.0822840881612316,0.850220260571717,0.850220260571717,0,y0237.png
0.9999999600000016,0.9999999705882362,0.9999999652941188,0.711267600624876,0.309019108084367,0.2296088832862264,0.1124399568642182,0.889867837489569,0.889867837489569,1,C0200.png
0.9999999615384628,0.9999999615384628,0.9999999615384628,0.3999999885714289,0.6025282118055555,0.2175450355106849,0.0944552951363266,0.8458149742475112,0.8458149742475112,0,r0251.png
0.9999999761904768,0.9999999800000005,0.9999999780952388,0.5755813920024337,0.311041152269612,0.1751710969977391,0.030173413382716,0.8678414058685401,0.8678414058685401,1,O0585.png
0.25,0.25,0.25,0.6783216735781701,0.243898207598482,0.1226731792931773,0.0262514613660789,0.8546255468959227,0.8546255468959227,1,Y0703.png
0.999999974358975,0.999999974358975,0.999999974358975,0.9743589618671928,0.5090044180937682,0.2505416663218445,0.1171907538495108,0.8634361195443343,0.8634361195443343,1,T0861.png
0.9999999736842112,0.9999999736842112,0.9999999736842112,0.6249999609375024,0.6530813117460655,0.2358441878728956,0.0823336351266881,0.8281938289506879,0.8281938289506879,0,n0985.png
0.999999974358975,0.9999999767441866,0.9999999755515808,0.4927536208079535,0.4250834576684212,0.2208622113402905,0.0614411302361497,0.9999999955947136,0.9999999955947136,0,zb0337.png
0.9999999772727278,0.9999999761904768,0.9999999767316023,0.6818181714876035,0.4615870363924663,0.2155932056099368,0.051834319525264,0.8590308332201285,0.8590308332201285,1,F0135.png
0.9999999696969708,0.9999999761904768,0.9999999729437238,1.5322580398022898,0.4504101777885365,0.2468589630530211,0.1024047479045266,0.8325991152748937,0.8325991152748937,0,za0942.png
0.99999997826087,0.9999999750000008,0.9999999766304354,2.933333137777791,0.4028137674308942,0.169465831335135,0.0726095502349228,0.8193832563022764,0.8193832563022764,0,zc0091.png
0.9999999807692312,0.9999999807692312,0.9999999807692312,1.1041666551649307,0.2420329511827641,0.0832194277836806,0.0203499472154634,0.9295154144074212,0.9295154144074212,1,M0073.png
0.25,0.25,0.25,0.6887417172931012,0.2311220124144332,0.0861551772748351,0.0221893491119131,0.9162995554348036,0.9162995554348036,1,M0529.png
0.9999999545454564,0.9999999545454564,0.9999999545454564,0.6714285666326532,0.245389782210462,0.1212362874893895,0.021790728930716,0.8237885426264822,0.8237885426264822,1,Y0919.png
0.9999999750000008,0.9999999705882362,0.9999999727941185,0.8521739056332704,0.3412653697902566,0.1487915354191977,0.0189349112421055,0.8590308332201285,0.8590308332201285,1,W0001.png
0.9999999615384628,0.999999958333335,0.999999959935899,1.862745061514803,0.2304512519689316,0.1498062286059822,0.0604155124637004,0.8370044015990996,0.8370044015990996,1,H0466.png
0.9999999818181822,0.9999999814814818,0.999999981649832,0.591715972830083,0.3102947984577533,0.2255851165361354,0.0395192040595055,0.8766519785169516,0.8766519785169516,0,e0287.png
0.9999999666666678,0.9999999772727278,0.9999999719696978,0.433962261421621,0.4410214126413221,0.2106955821930853,0.0952794214307618,0.8590308332201285,0.8590308332201285,0,u0293.png
0.9999999750000008,0.9999999761904768,0.9999999755952388,0.5535714186862247,0.4138551663005357,0.2189955755984683,0.0621170077447648,0.8193832563022764,0.8193832563022764,1,ZC0446.png
0.25,0.25,0.25,0.149999998125,0.4099150793874783,0.1624101496600185,0.0279033357736445,0.8766519785169516,0.8766519785169516,1,I0151.png
0.9999999666666678,0.9999999666666678,0.9999999666666678,0.9102563985864564,0.5169628055303754,0.247909077419577,0.1171386922085293,0.8634361195443343,0.8634361195443343,1,T0928.png
0.9999999736842112,0.9999999761904768,0.999999974937344,2.9999998000000136,0.4019576333089846,0.1638849027139161,0.069422936447935,0.8149779699780706,0.8149779699780706,0,zc1034.png
0.25,0.25,0.25,1.627118616489515,0.464974891576652,0.2430648563468901,0.1073435486936393,0.8414096879233054,0.8414096879233054,0,za0689.png
0.25,0.25,0.25,0.345679008078037,0.4993480045079256,0.1891683262093751,0.0944398167405654,0.8634361195443343,0.8634361195443343,1,R0001.png
0.9999999600000016,0.999999974358975,0.9999999671794884,0.5483870938258758,0.3190070184167476,0.1908279092833639,0.0488273740857163,0.8986784101379806,0.8986784101379806,0,o0046.png
0.25,0.25,0.25,1.2553191222272528,0.4897358388578343,0.2267618977760029,0.1122136749660495,0.8237885426264822,0.8237885426264822,0,za0383.png
0.25,0.25,0.25,0.7777777699214367,0.3038750179041243,0.1524065228212574,0.0549067666269005,0.8986784101379806,0.8986784101379806,1,A0898.png
0.999999974358975,0.999999974358975,0.999999974358975,0.8189655101813318,0.2914969311824453,0.217085829812246,0.0669806094164271,0.8370044015990996,0.8370044015990996,1,E0617.png
0.9999999705882362,0.9999999800000005,0.9999999752941184,0.2181818161983471,0.3884486358941885,0.1679282454658733,0.034025374855007,0.8986784101379806,0.8986784101379806,0,b0070.png
0.25,0.25,0.25,0.2558139475392105,0.4002889969789224,0.1579439250765768,0.0417846519918671,0.9030836964621864,0.9030836964621864,1,X0772.png
0.25,0.25,0.25,0.5519125652900952,0.3075323257427665,0.1656052087199847,0.0307322811481538,0.889867837489569,0.889867837489569,1,O0112.png
0.25,0.25,0.25,0.2656249958496094,0.3928885760378738,0.1663982258080467,0.0566368704330873,0.8986784101379806,0.8986784101379806,1,B0197.png
0.25,0.25,0.25,0.8105263072576179,0.316165467376011,0.1551689898825293,0.0562498483327367,0.8942731238137748,0.8942731238137748,1,A0512.png
0.9999999767441866,0.9999999750000008,0.9999999758720935,0.8220338913386959,0.3127016477757007,0.2051630438195618,0.0659740673805406,0.8546255468959227,0.8546255468959227,1,E0087.png
0.25,0.25,0.25,0.6866666620888889,0.2335675037287985,0.0857080454602636,0.0221274389663934,0.907488982786392,0.907488982786392,1,M0180.png
0.25,0.25,0.25,0.817204292288126,0.4507527152194722,0.1898883557888956,0.0462706614389334,0.8414096879233054,0.8414096879233054,1,G0239.png
0.25,0.25,0.25,0.626582274515302,0.3200891865776001,0.2051240196940243,0.0696612590534215,0.8722466921927459,0.8722466921927459,0,y0290.png
0.9999999761904768,0.9999999761904768,0.9999999761904768,0.6258064475754422,0.3130239299460883,0.2069004148898038,0.0719258157064532,0.8546255468959227,0.8546255468959227,0,y1169.png
0.25,0.25,0.25,0.6111110771604957,0.4084510964148973,0.1405939880029503,0.0792899408096355,0.2863436110733762,0.2863436110733762,0,i1043.png
0.25,0.25,0.25,0.4999999166666805,0.4796802671685958,0.1707727668110861,0.0791131267122415,0.2775330384249646,0.2775330384249646,0,i0140.png
0.9999999729729736,0.9999999791666672,0.9999999760698204,0.2407407362825789,0.4100669676752183,0.1349260692680558,0.0489412802654411,0.889867837489569,0.889867837489569,1,X1674.png
0.25,0.25,0.25,2.521739020793956,0.4589948461392587,0.2028990213757325,0.0676750587089297,0.8766519785169516,0.8766519785169516,1,N0712.png
0.25,0.25,0.25,0.2533333299555556,0.4557211660174273,0.2020269328937777,0.0699968762997189,0.8634361195443343,0.8634361195443343,1,N0984.png
0.25,0.25,0.25,0.1917808192906737,0.6146842873434096,0.2437078069109075,0.0866970486087593,0.8458149742475112,0.8458149742475112,0,n0254.png
0.9999999787234048,0.9999999767441866,0.9999999777337956,0.9399999812000004,0.3875839111154666,0.1450638089929348,0.0389160766337225,0.8634361195443343,0.8634361195443343,1,W0946.png
0.9999999642857156,0.9999999642857156,0.9999999642857156,0.7473684131855957,0.5032977493092112,0.2524270799108201,0.1195856631162981,0.8678414058685401,0.8678414058685401,1,T0767.png
0.9999999814814818,0.9999999814814818,0.9999999814814818,0.7301587243638197,0.3316988444716261,0.1914176191979849,0.0381320888457546,0.8105726836538648,0.8105726836538648,0,l0237.png
0.9999999615384628,0.9999999777777784,0.9999999696581208,0.6428570969387788,0.4543898429073568,0.1223728324849024,0.0541991419767256,0.9295154144074212,0.9295154144074212,1,J0160.png
0.999999974358975,0.9999999767441866,0.9999999755515808,0.6986301274160257,0.4289596257993521,0.2189926139543103,0.0547038058168284,0.8678414058685401,0.8678414058685401,1,F0076.png
0.9999999687500012,0.999999972222223,0.999999970486112,0.2789473669529086,0.4380781904598574,0.1977871934634209,0.0503956684701583,0.8634361195443343,0.8634361195443343,0,s0240.png
0.9999999767441866,0.9999999750000008,0.9999999758720935,3.1333331244444587,0.4014349386418922,0.1658869219965351,0.0724650248562705,0.8193832563022764,0.8193832563022764,0,zc1135.png
0.25,0.25,0.25,1.684210496768237,0.4923114960191472,0.2488238398081498,0.1118116279676595,0.8414096879233054,0.8414096879233054,0,za0817.png
0.9999999642857156,0.9999999714285724,0.9999999678571438,0.8932038748232634,0.3200764195910978,0.2135906490773162,0.0710681119152238,0.806167397329659,0.806167397329659,1,E1030.png
0.9999999791666672,0.9999999791666672,0.9999999791666672,0.5900621081362603,0.3022276899679539,0.1959203379549119,0.0738504155104196,0.8370044015990996,0.8370044015990996,0,y1077.png
0.9999999629629645,0.9999999629629645,0.9999999629629645,0.3965517218588981,0.3391353623379767,0.1605420475425655,0.068666462604105,0.8722466921927459,0.8722466921927459,1,ZB0080.png
0.9999999642857156,0.9999999642857156,0.9999999642857156,0.7499999943181819,0.3813379653698682,0.2925555931373501,0.1305882656051279,0.8678414058685401,0.8678414058685401,0,a0475.png
0.9999999729729736,0.9999999761904768,0.9999999745817252,1.4696969474288342,0.4624848462835428,0.2496509951629982,0.1040833310933425,0.850220260571717,0.850220260571717,0,za0575.png
0.9999999666666678,0.999999972222223,0.9999999694444456,0.1864406748060902,0.4787258193463494,0.1676092147326908,0.0654776921720685,0.9999999955947136,0.9999999955947136,0,v0817.png
0.9999999777777784,0.9999999777777784,0.9999999777777784,0.6129032218522373,0.3312366520015208,0.2086587204455348,0.0706371191116167,0.8370044015990996,0.8370044015990996,0,y0866.png
0.9999999761904768,0.9999999761904768,0.9999999761904768,0.7338709618236213,0.3345857869775129,0.1917229599346378,0.0415106871138295,0.8017621110054532,0.8017621110054532,0,l0242.png
0.25,0.25,0.25,0.2739725989866767,0.4659335426284217,0.1980632324705591,0.0695704613341309,0.8414096879233054,0.8414096879233054,1,N0967.png
0.9999999750000008,0.9999999750000008,0.9999999750000008,0.4057142833959183,0.350103137254902,0.1525047144850835,0.0567749999985806,0.8810572648411574,0.8810572648411574,1,ZB1488.png
0.9999999696969708,0.9999999714285724,0.9999999705627716,1.555555497942389,0.6106570651066819,0.1745000099001133,0.0680628272232651,0.8414096879233054,0.8414096879233054,1,V0617.png
0.9999999696969708,0.9999999523809546,0.9999999610389628,2.0833332754629645,0.5431722653350699,0.181948262948347,0.0620599938765926,0.8722466921927459,0.8722466921927459,0,w0755.png
0.25,0.25,0.25,0.2416666646527778,0.3871922426201358,0.1315974658700051,0.0424484230185488,0.8766519785169516,0.8766519785169516,1,X1159.png
0.9999999655172426,0.9999999655172426,0.9999999655172426,0.9315068365547008,0.5220252261016087,0.246083369382773,0.1181508228377097,0.850220260571717,0.850220260571717,1,T0902.png
0.9999999761904768,0.9999999777777784,0.9999999769841276,0.9183673281965852,0.3827909717095694,0.1418199599725924,0.0323946536059485,0.8722466921927459,0.8722466921927459,1,W0872.png
0.25,0.25,0.25,0.1944444417438272,0.6003571520646243,0.2371425612190283,0.0893498904283608,0.8149779699780706,0.8149779699780706,0,n0064.png
0.99999997826087,0.9999999807692312,0.9999999795150506,0.6666664444445185,0.4895656135211657,0.1669023910361295,0.0234780903827203,0.889867837489569,0.889867837489569,0,i0946.png
0.9999999736842112,0.9999999761904768,0.999999974937344,0.5819209006671135,0.3285734088149351,0.1769120176914921,0.0326138184552593,0.907488982786392,0.907488982786392,1,O0156.png
0.25,0.25,0.25,0.7647058759268414,0.3062627417831037,0.2028105674985053,0.0710059171576196,0.8017621110054532,0.8017621110054532,1,E0836.png
0.9999999642857156,0.9999999642857156,0.9999999642857156,0.4411764576124571,0.559794156863798,0.1865678633611446,0.0489409111640865,0.850220260571717,0.850220260571717,0,d0064.png
0.25,0.25,0.25,0.3285714238775511,0.4565342186257219,0.2041221343648388,0.072282410904726,0.8325991152748937,0.8325991152748937,1,N1142.png
0.9999999761904768,0.9999999756097568,0.9999999759001168,2.1333332859259277,0.2341484119689542,0.1458618988335839,0.0498046874986489,0.8458149742475112,0.8458149742475112,1,H0280.png
0.9999999795918372,0.9999999795918372,0.9999999795918372,0.6086956483931948,0.2874810431733509,0.2029329886276863,0.0711374095970772,0.8590308332201285,0.8590308332201285,0,y0988.png
0.9999999615384628,0.999999956521741,0.999999959030102,0.7111111058436215,0.3982694250326044,0.3031282045395827,0.1308871587819375,0.8986784101379806,0.8986784101379806,0,a0350.png
0.25,0.25,0.25,1.0684931360480392,0.3797767808231027,0.1424598708323011,0.0222527203209917,0.889867837489569,0.889867837489569,1,W0631.png
0.9999999736842112,0.9999999714285724,0.9999999725563918,1.249999687500078,0.4746518772934719,0.1251191538707348,0.0399907238001496,0.8678414058685401,0.8678414058685401,0,k0382.png
0.9999999687500012,0.999999956521741,0.9999999626358712,0.799999840000032,0.6216090780745993,0.1888545322796946,0.058487562808324,0.7885462520328359,0.7885462520328359,1,K0042.png
0.25,0.25,0.25,0.5798816533734813,0.2667927375031645,0.1884454812313153,0.0739535610143181,0.8634361195443343,0.8634361195443343,0,y0094.png
0.9999999830508478,0.9999999830508478,0.9999999830508478,3.1999998933333367,0.5418123105715519,0.2024119540090916,0.0532331898782041,0.8414096879233054,0.8414096879233054,1,L0548.png
0.25,0.25,0.25,0.7938144248060369,0.3108473829484231,0.1480478756884716,0.0556189181961314,0.8942731238137748,0.8942731238137748,1,A0422.png
0.9999999787234048,0.9999999787234048,0.9999999787234048,0.6049382678707514,0.3168371685294762,0.2019491480942015,0.0730046022334515,0.8590308332201285,0.8590308332201285,0,y0831.png
0.999999983870968,0.999999983870968,0.999999983870968,0.1547619029195011,0.3891311117133845,0.1389416168767708,0.0257572786975356,0.889867837489569,0.889867837489569,1,I0802.png
0.9999999705882362,0.9999999705882362,0.9999999705882362,1.911764649653981,0.4321498539932955,0.1995488383443223,0.0616759408990522,0.8414096879233054,0.8414096879233054,1,N0006.png
0.25,0.25,0.25,0.2051282024983564,0.4806714625447664,0.1925393693307782,0.0613873387020179,0.8766519785169516,0.8766519785169516,1,N1111.png
0.9999999761904768,0.99999997826087,0.9999999772256736,0.2619047556689344,0.3979443502353682,0.1621922939035765,0.0708884688069799,0.8105726836538648,0.8105726836538648,0,zc1587.png
0.9999999767441866,0.9999999795918372,0.999999978168012,0.4189189132578525,0.4117878514444492,0.2178863835334725,0.0594594594577221,0.8149779699780706,0.8149779699780706,1,ZC0567.png
0.25,0.25,0.25,0.189189184075968,0.3612913427597886,0.1137567375377925,0.0393470343366709,0.5462555042015176,0.5462555042015176,0,w0201.png
0.25,0.25,0.25,0.8105263072576179,0.2960197548983208,0.140672343565219,0.0696764931543853,0.8854625511653632,0.8854625511653632,1,A1299.png
0.25,0.25,0.25,0.6249999609375024,0.3745826662025757,0.1274155980621199,0.0648520709905675,0.2863436110733762,0.2863436110733762,0,i0850.png
0.25,0.25,0.25,2.499999791666684,0.7639364169329232,0.3064039272045786,0.1223983994707994,0.806167397329659,0.806167397329659,1,ZA0796.png
0.999999974358975,0.9999999791666672,0.9999999767628212,0.1494252856387898,0.4108399648551225,0.1318864024924705,0.0319431776275118,0.9999999955947136,0.9999999955947136,1,I0036.png
0.999999972222223,0.9999999772727278,0.9999999747474756,0.48999999755,0.4328819607843137,0.2356725731552981,0.0767749999980806,0.8810572648411574,0.8810572648411574,0,zb0776.png
0.9999999750000008,0.999999972222223,0.9999999736111118,0.113636361053719,0.4947890380264532,0.1383340156215421,0.0557507396436817,0.9162995554348036,0.9162995554348036,0,j0585.png
0.9999999687500012,0.9999999687500012,0.9999999687500012,2.124999734375033,0.5995477178226656,0.1825453797970428,0.0678675937590843,0.850220260571717,0.850220260571717,0,w0735.png
0.999999981132076,0.9999999821428576,0.9999999816374668,0.5904761848526078,0.395378096341958,0.2013591612438966,0.0824919125555707,0.889867837489569,0.889867837489569,1,Q0495.png
0.9999999818181822,0.9999999787234048,0.9999999802707936,0.5588235253027682,0.3891205398932438,0.2105067491940112,0.0834722086049536,0.889867837489569,0.889867837489569,1,Q0063.png
0.9999999642857156,0.9999999655172426,0.999999964901479,0.8235293633218022,0.6032783521571894,0.2334055646574721,0.0773896293191016,0.8634361195443343,0.8634361195443343,0,n0522.png
0.9999999736842112,0.9999999545454564,0.999999964114834,0.418367342669721,0.3239772725088466,0.1369382316501651,0.0524458386419849,0.889867837489569,0.889867837489569,1,S0350.png
0.9999999791666672,0.9999999791666672,0.9999999791666672,0.4008810555027266,0.3445624946013648,0.1751563085617976,0.0535620718420003,0.9999999955947136,0.9999999955947136,1,ZB0648.png
0.25,0.25,0.25,1.1499999712500009,0.4816408193783759,0.2224715677273413,0.0796581196560247,0.8590308332201285,0.8590308332201285,0,p0311.png
0.9999999642857156,0.999999981132076,0.9999999727088956,0.2962962853223598,0.4368424920988804,0.1927278956054183,0.0322261557675909,0.8634361195443343,0.8634361195443343,0,b0242.png
0.9999999655172426,0.9999999655172426,0.9999999655172426,0.5026454999860026,0.2563515392439554,0.1381929286849695,0.036057221241397,0.8325991152748937,0.8325991152748937,0,h0241.png
0.25,0.25,0.25,0.4285713673469475,0.4248134201777597,0.1397710960674829,0.0709342560400228,0.2995594700459935,0.2995594700459935,0,i0055.png
0.999999982758621,0.9999999800000005,0.9999999813793108,3.958333168402784,0.539303128658871,0.2015379833364469,0.0513983371111839,0.8325991152748937,0.8325991152748937,1,L0404.png
0.25,0.25,0.25,0.6410256369165024,0.3334699906072881,0.2244285017314107,0.0362112067867929,0.8766519785169516,0.8766519785169516,0,e0788.png
0.9999999767441866,0.99999997826087,0.9999999775025284,0.2520325182761584,0.3828381372549019,0.134223114827544,0.0477249999988068,0.8810572648411574,0.8810572648411574,1,X0825.png
0.999999985714286,0.999999985714286,0.999999985714286,0.4404761852324264,0.422970202114345,0.2254775231051704,0.0526539157975143,0.8281938289506879,0.8281938289506879,1,ZC0217.png
0.9999999705882362,0.9999999772727278,0.999999973930482,0.122448977092878,0.4888878935274288,0.1330464160244945,0.0505889351564404,0.9030836964621864,0.9030836964621864,0,j0547.png
0.9999999787234048,0.9999999787234048,0.9999999787234048,0.137931033293698,0.4432027450980392,0.1889010213440393,0.04879999999878,0.8810572648411574,0.8810572648411574,1,D0174.png
0.9999999750000008,0.9999999750000008,0.9999999750000008,0.612903222511273,0.3593132974045835,0.2013999045601242,0.0288575365322661,0.9999999955947136,0.9999999955947136,1,O1224.png
0.9999999545454564,0.9999999687500012,0.9999999616477288,0.6666666222222252,0.44489204605102,0.1265373751696744,0.0515645449125148,0.9030836964621864,0.9030836964621864,1,J0292.png
0.9999999772727278,0.9999999777777784,0.999999977525253,0.4342105206024931,0.4184340008192626,0.2238197796955397,0.0720021736483515,0.8017621110054532,0.8017621110054532,1,ZC0848.png
0.25,0.25,0.25,0.686567159055469,0.3711747227615068,0.2805870547956524,0.1292644125115713,0.8766519785169516,0.8766519785169516,0,a0945.png
0.9999999729729736,0.9999999729729736,0.9999999729729736,0.626373622932013,0.3236913232563883,0.2327519411588532,0.0507869355110561,0.9999999955947136,0.9999999955947136,1,E0549.png
0.999999958333335,0.9999999666666678,0.9999999625000012,0.7142857091836735,0.3195323350420443,0.2306772869393752,0.1101234817274785,0.8766519785169516,0.8766519785169516,1,C0006.png
0.9999999777777784,0.9999999772727278,0.999999977525253,1.246153826982249,0.6120259051565538,0.3647556642905996,0.1615076914773146,0.850220260571717,0.850220260571717,1,ZA0506.png
0.9999999791666672,0.9999999787234048,0.999999978945036,0.4193548364550815,0.3474866477203126,0.1594271126550881,0.0632548937926058,0.8634361195443343,0.8634361195443343,1,ZB0208.png
0.9999999615384628,0.9999999677419364,0.9999999646401996,0.1612903199791883,0.6021497441617415,0.2156584709565033,0.1041160827811274,0.8193832563022764,0.8193832563022764,0,r0190.png
0.25,0.25,0.25,0.9344262218489654,0.3357631853222572,0.2318413732614392,0.0550563760202011,0.9999999955947136,0.9999999955947136,1,E0904.png
0.9999999777777784,0.9999999642857156,0.9999999710317468,0.1041666644965278,0.4848117303288551,0.1307393287190564,0.0466349326032935,0.907488982786392,0.907488982786392,0,j0299.png
0.9999999545454564,0.9999999545454564,0.9999999545454564,0.1379310321046374,0.5578678345053106,0.1853733897151164,0.0513966174158768,0.8414096879233054,0.8414096879233054,0,d0501.png
0.9999999655172426,0.9999999666666678,0.9999999660919552,0.4928571393367347,0.449020934904574,0.2190220647670407,0.0877759266949246,0.8634361195443343,0.8634361195443343,0,u0451.png
0.999999972222223,0.9999999705882362,0.9999999714052296,0.6666664444445185,0.4879322806627376,0.1168795036572274,0.0378662570877284,0.8105726836538648,0.8105726836538648,0,k0178.png
0.999999956521741,0.9999999772727278,0.9999999668972344,0.2558139475392105,0.4035578322063158,0.1632695533900594,0.0479863514021533,0.8986784101379806,0.8986784101379806,1,X0796.png
0.9999999600000016,0.9999999777777784,0.99999996888889,0.1860465094645755,0.3771715818199637,0.1201693837545142,0.0253988850436034,0.8986784101379806,0.8986784101379806,1,I1098.png
0.25,0.25,0.25,0.7499999531250029,0.5565018885923863,0.1837229971583379,0.05101906640234,0.8590308332201285,0.8590308332201285,0,d0391.png
0.9999999772727278,0.9999999791666672,0.9999999782196975,0.1724137911216805,0.4017775719975869,0.1497817838088572,0.03259820301397,0.8854625511653632,0.8854625511653632,1,I0562.png
0.9999999736842112,0.9999999761904768,0.999999974937344,3.066666462222236,0.4010594250848623,0.1676737919527523,0.0794448502533398,0.8149779699780706,0.8149779699780706,0,zc1355.png
0.9999999761904768,0.9999999736842112,0.999999974937344,0.4050632860118571,0.4129675737330943,0.2210444743231546,0.0702216066462542,0.8370044015990996,0.8370044015990996,1,ZC1067.png
0.9999999772727278,0.9999999736842112,0.9999999754784696,0.4520547883280166,0.4133886043722611,0.2183687726962531,0.0707596253881732,0.8193832563022764,0.8193832563022764,1,ZC0870.png
0.9999999545454564,0.9999999600000016,0.9999999572727292,0.0851063811679493,0.4884890615223406,0.136529095933455,0.0550749711636131,0.8986784101379806,0.8986784101379806,0,j0418.png
0.25,0.25,0.25,0.2804878014574658,0.4828265202201854,0.1938360705912722,0.0531755424049132,0.8590308332201285,0.8590308332201285,1,D0069.png
0.999999956521741,0.9999999500000024,0.9999999532608717,0.4387755057267806,0.3112362291855517,0.1361079772713077,0.057189712618253,0.8634361195443343,0.8634361195443343,1,S0119.png
0.999999958333335,0.9999999714285724,0.9999999648809536,0.6874999570312527,0.5656301062091503,0.1848895497407718,0.0480414496514745,0.8458149742475112,0.8458149742475112,0,d0266.png
0.9999999545454564,0.9999999545454564,0.9999999545454564,0.6906474770457016,0.2467747110905435,0.1252383712714514,0.0211342890814085,0.8414096879233054,0.8414096879233054,1,Y0756.png
0.9999999756097568,0.9999999777777784,0.9999999766937676,2.9999998000000136,0.4043920148412466,0.1701454674560079,0.0735061113605277,0.8281938289506879,0.8281938289506879,0,zc0100.png
0.9999999615384628,0.9999999523809546,0.9999999569597088,0.4696969673247628,0.4315114868777475,0.2356743956169088,0.0771190759281438,0.8942731238137748,0.8942731238137748,0,zb0937.png
0.9999999767441866,0.9999999777777784,0.9999999772609824,0.8686868599122539,0.3855798156547781,0.1534329038254562,0.0327293659704303,0.8414096879233054,0.8414096879233054,1,W0735.png
0.9999999545454564,0.999999958333335,0.9999999564393958,0.7286821648939367,0.2602782632684747,0.14012188741804,0.0445823443608744,0.8237885426264822,0.8237885426264822,0,h0276.png
0.9999999523809546,0.9999999777777784,0.9999999650793664,0.3411764685813149,0.3994106144722684,0.1560477761703249,0.0439098042116801,0.8854625511653632,0.8854625511653632,1,ZB1387.png
0.25,0.25,0.25,0.538461528106509,0.2741828571087023,0.0895786156765493,0.0364273738703814,0.3568281922606687,0.3568281922606687,1,Q0039.png
0.9999999687500012,0.9999999687500012,0.9999999687500012,0.155172411117717,0.5551470588235294,0.1838353516518074,0.0495106205734717,0.8634361195443343,0.8634361195443343,0,d0427.png
0.9999999736842112,0.9999999696969708,0.999999971690591,0.3966480424768265,0.4358278431372549,0.2339561987018814,0.0751249999981218,0.8810572648411574,0.8810572648411574,0,zb0160.png
0.25,0.25,0.25,0.5242718395701763,0.4558494817197712,0.1910298278584004,0.048366970484799,0.8458149742475112,0.8458149742475112,1,G0223.png
0.9999999777777784,0.9999999777777784,0.9999999777777784,0.7881355865412238,0.3428995531615351,0.189798972994217,0.0401780552653434,0.8193832563022764,0.8193832563022764,0,l0100.png
0.9999999767441866,0.9999999767441866,0.9999999767441866,0.2622950776672938,0.3933355262390501,0.1684655144707335,0.0559904818547057,0.9030836964621864,0.9030836964621864,1,B0263.png
0.9999999761904768,0.9999999777777784,0.9999999769841276,2.8124998242187607,0.4000549506313435,0.1641375447144011,0.0737796333874637,0.8237885426264822,0.8237885426264822,0,zc1121.png
0.9999999729729736,0.99999997826087,0.999999975616922,0.4277456622673661,0.4571531062887677,0.2424812367081162,0.096317864410412,0.8678414058685401,0.8678414058685401,0,zb1231.png
0.25,0.25,0.25,2.1481480685871084,0.5235585592261596,0.2354724335284585,0.0725063688006353,0.8325991152748937,0.8325991152748937,0,n0794.png
0.9999999756097568,0.9999999761904768,0.9999999759001168,0.9552238663399424,0.4307453445961342,0.2349961915710366,0.0512767656973568,0.8678414058685401,0.8678414058685401,1,F0041.png
0.9999999736842112,0.9999999705882362,0.9999999721362238,0.3749999981971154,0.4231243292435317,0.227307673862759,0.0739182692290607,0.9162995554348036,0.9162995554348036,0,zb0162.png
0.9999999795918372,0.9999999795918372,0.9999999795918372,2.3181817128099222,0.5478568215203079,0.2011626808012753,0.0518352018844923,0.8414096879233054,0.8414096879233054,1,L0224.png
0.25,0.25,0.25,0.5999999600000027,0.5680391899034433,0.184742979752127,0.0483103221552055,0.8590308332201285,0.8590308332201285,0,d0179.png
0.999999974358975,0.999999974358975,0.999999974358975,0.636363632231405,0.3964773664567868,0.2017201251105867,0.0638796334843846,0.8634361195443343,0.8634361195443343,0,q0275.png
0.25,0.25,0.25,0.2391304295841211,0.410623425541392,0.1363175488494564,0.0412385710236299,0.907488982786392,0.907488982786392,1,X1407.png
0.9999999791666672,0.9999999791666672,0.9999999791666672,0.586826343791459,0.2869267094592939,0.1920082540225187,0.0670033319432787,0.8634361195443343,0.8634361195443343,0,y1205.png
0.9999999787234048,0.9999999787234048,0.9999999787234048,1.599999920000004,0.7399403600739054,0.3103164293930347,0.1424105186225738,0.8149779699780706,0.8149779699780706,1,ZA1029.png
0.9999999714285724,0.999999972222223,0.9999999718253976,2.526315722991692,0.2779380725180069,0.1623477025775574,0.0638688632421296,0.8414096879233054,0.8414096879233054,1,H0254.png
0.9999999761904768,0.9999999736842112,0.999999974937344,0.9999998750000156,0.4960520941339115,0.1307635480276089,0.0529738900920686,0.907488982786392,0.907488982786392,0,j0652.png
0.9999999736842112,0.9999999772727278,0.9999999754784696,0.476190464852608,0.4986337392099697,0.1626680623526132,0.0474541857546997,0.8634361195443343,0.8634361195443343,0,x1365.png
0.9999999642857156,0.9999999705882362,0.9999999674369758,0.4213836451485305,0.4436827947006685,0.222875777441295,0.0669932577443248,0.8766519785169516,0.8766519785169516,0,zb1145.png
0.9999999761904768,0.9999999756097568,0.9999999759001168,2.933333137777791,0.4040706371831781,0.1643688529980198,0.076950640506526,0.806167397329659,0.806167397329659,0,zc0924.png
0.99999997826087,0.9999999795918372,0.9999999789263536,0.612499996171875,0.308387412821802,0.206251687093136,0.0744247205766094,0.8590308332201285,0.8590308332201285,0,y0685.png
0.9999999767441866,0.9999999772727278,0.9999999770084572,0.4342105206024931,0.4113555435891778,0.2194591365584485,0.0604126424215332,0.8325991152748937,0.8325991152748937,1,ZC1119.png
0.999999981132076,0.999999981132076,0.999999981132076,4.318181621900835,0.538753773114184,0.1981281879935859,0.052714089749651,0.8325991152748937,0.8325991152748937,1,L0668.png
0.999999972222223,0.999999972222223,0.999999972222223,0.406779658718759,0.3715148114138013,0.1610009937590075,0.0473676155482254,0.8722466921927459,0.8722466921927459,1,ZB1230.png
0.9999999750000008,0.9999999761904768,0.9999999755952388,1.627118616489515,0.4526727813521242,0.2367305468998203,0.1083984374970595,0.8458149742475112,0.8458149742475112,0,za0462.png
0.999999982758621,0.999999982758621,0.999999982758621,0.4874371834802151,0.3946670984244307,0.2267462632192621,0.0768667457873067,0.8766519785169516,0.8766519785169516,1,P0899.png
0.9999999677419364,0.999999956521741,0.9999999621318388,0.5624999648437522,0.4423996160235975,0.1566576820273665,0.0653764973529953,0.8414096879233054,0.8414096879233054,0,w0079.png
0.25,0.25,0.25,1.7962962630315509,0.4593451910013112,0.2224156622694919,0.0972106633709036,0.850220260571717,0.850220260571717,0,za0033.png
0.25,0.25,0.25,0.4444443950617339,0.4576326720037127,0.1649922581029014,0.0712426035334337,0.2863436110733762,0.2863436110733762,0,i0627.png
0.25,0.25,0.25,0.588235259515573,0.4142587644063775,0.1491055758650584,0.0561396548192541,0.3127753290186109,0.3127753290186109,0,i0306.png
0.25,0.25,0.25,0.4390243875669244,0.3444002300675823,0.1518003286706971,0.0633436071829274,0.8546255468959227,0.8546255468959227,1,ZB1571.png
0.999999958333335,0.9999999756097568,0.9999999669715458,0.1860465094645755,0.3869635294117647,0.1283767541104099,0.0300249999992493,0.8810572648411574,0.8810572648411574,1,I0277.png
0.9999999736842112,0.9999999600000016,0.9999999668421063,0.0975609732302201,0.5100047357431967,0.1349467768879573,0.0576085663281949,0.9030836964621864,0.9030836964621864,0,j0103.png
0.9999999772727278,0.9999999756097568,0.9999999764412424,2.799999813333346,0.4096347414705527,0.1731266775450289,0.0811194300180799,0.8017621110054532,0.8017621110054532,0,zc0122.png
0.9999999777777784,0.9999999800000005,0.9999999788888894,0.99999950000025,0.4791832600826493,0.1111732774688826,0.0340099904337865,0.8546255468959227,0.8546255468959227,0,k0235.png
0.999999974358975,0.999999958333335,0.999999966346155,0.7226277319516224,0.305893056130727,0.2324021155718683,0.08993980205872,0.8722466921927459,0.8722466921927459,1,C0262.png
0.9999999772727278,0.9999999772727278,0.9999999772727278,0.7820512720249837,0.3813332410701757,0.1473874144984533,0.0339672581111173,0.889867837489569,0.889867837489569,1,W1012.png
0.9999999866666668,0.9999999866666668,0.9999999866666668,1.013698616250704,0.4217859829658295,0.205847151479269,0.0775321500670227,0.8546255468959227,0.8546255468959227,1,P0616.png
0.9999999787234048,0.9999999772727278,0.9999999779980664,0.467836254574057,0.4434698866289275,0.2326869532145336,0.0782555996040944,0.8766519785169516,0.8766519785169516,0,zb0513.png
0.25,0.25,0.25,1.7499999513888904,0.4331067022469737,0.1993357668687033,0.0653254437852642,0.8590308332201285,0.8590308332201285,1,N0026.png
0.9999999642857156,0.999999981132076,0.9999999727088956,0.5988023916239378,0.3185732584491083,0.2253747903919607,0.0396707153849733,0.8766519785169516,0.8766519785169516,0,e0154.png
0.9999999800000005,0.9999999791666672,0.999999979583334,0.5798816533734813,0.3108885537120831,0.1748144358813318,0.0362919132140357,0.8590308332201285,0.8590308332201285,1,O0276.png
0.9999999729729736,0.9999999800000005,0.9999999764864872,0.4162162139663988,0.3470256077410158,0.1591007678235236,0.0600553034964682,0.850220260571717,0.850220260571717,1,ZB0205.png
0.9999999772727278,0.99999997826087,0.9999999777667988,0.4210526260387812,0.4155760368146801,0.2243825251826131,0.0600817867236671,0.8237885426264822,0.8237885426264822,1,ZC0297.png
0.999999956521741,0.9999999666666678,0.9999999615942043,0.7553191409008603,0.3016648008684442,0.1515945991531077,0.0544502114558234,0.8986784101379806,0.8986784101379806,1,A1019.png
0.25,0.25,0.25,2.1739129489603064,0.463732555876793,0.1977403236495943,0.0662216446105204,0.8105726836538648,0.8105726836538648,1,N0425.png
0.999999958333335,0.999999958333335,0.999999958333335,0.4285713979591858,0.6293632463716454,0.1850185982421792,0.0770420401440145,0.7841409657086301,0.7841409657086301,0,w0741.png
0.25,0.25,0.25,0.4374999954427084,0.3272724509803921,0.1400936868641232,0.0485499999987862,0.8810572648411574,0.8810572648411574,1,S0371.png
0.9999999846153848,0.9999999846153848,0.9999999846153848,1.099999981666667,0.4329007911253309,0.1959150016888471,0.0744986442569062,0.850220260571717,0.850220260571717,1,P0318.png
0.9999999642857156,0.9999999756097568,0.999999969947736,0.244897954185756,0.4882156594281515,0.1270961713851896,0.0359204273930596,0.850220260571717,0.850220260571717,0,k0034.png
0.9999999772727278,0.9999999772727278,0.9999999772727278,1.5846153602366868,0.5963237568674108,0.3704849878493928,0.1414872099906844,0.9030836964621864,0.9030836964621864,1,ZA0468.png
0.9999999795918372,0.9999999777777784,0.9999999786848076,0.6075949328633232,0.3152403265519359,0.2087587682389877,0.0701735149784772,0.8414096879233054,0.8414096879233054,0,y1447.png
0.9999999795918372,0.9999999795918372,0.9999999795918372,0.2962962853223598,0.4331213097483891,0.1861270710248356,0.031002707204524,0.8634361195443343,0.8634361195443343,0,b0259.png
0.9999999600000016,0.9999999666666678,0.9999999633333349,0.4242424113865936,0.6234155665009488,0.2139504362544181,0.1042244058087896,0.8325991152748937,0.8325991152748937,0,r0310.png
0.999999974358975,0.999999974358975,0.999999974358975,0.3661971779408848,0.3963567143008616,0.1946708940538967,0.0698653198635377,0.8722466921927459,0.8722466921927459,0,m0495.png
0.25,0.25,0.25,0.4408602126835472,0.3565676640696624,0.1642978277023631,0.0685131556132642,0.8854625511653632,0.8854625511653632,1,ZB0265.png
0.9999999615384628,0.9999999615384628,0.9999999615384628,0.3333333240740743,0.5730242161968955,0.2038426523104699,0.0868326822893111,0.8458149742475112,0.8458149742475112,0,r0036.png
0.25,0.25,0.25,0.7227722700715618,0.3260481321807701,0.1761006581137385,0.0585629068572915,0.8854625511653632,0.8854625511653632,1,A0622.png
0.25,0.25,0.25,0.1884057943709305,0.4288960666592902,0.1318131014800983,0.0566105800186397,0.8678414058685401,0.8678414058685401,1,J0419.png
0.999999958333335,0.999999974358975,0.999999966346155,0.760330572228673,0.3863547856792049,0.2903896125904442,0.129184676095219,0.850220260571717,0.850220260571717,0,a1080.png
0.25,0.25,0.25,0.8067226822964481,0.3029682386372492,0.2112273536777059,0.0579479729158206,0.8414096879233054,0.8414096879233054,1,E0773.png
0.9999999696969708,0.9999999756097568,0.9999999726533636,0.4057970955681581,0.3713450263507323,0.154098056119003,0.0429999160145852,0.8325991152748937,0.8325991152748937,0,m0033.png
0.25,0.25,0.25,0.685314680522275,0.2470610924185584,0.1227842944312211,0.02143326758655,0.8590308332201285,0.8590308332201285,1,Y0760.png
0.9999999687500012,0.9999999687500012,0.9999999687500012,0.8767123167573656,0.5006054049223856,0.2355278937576913,0.1230740017327725,0.8458149742475112,0.8458149742475112,1,T0260.png
0.9999999642857156,0.9999999642857156,0.9999999642857156,0.2741935439646202,0.5669583444535161,0.2105413926890298,0.0896131439746137,0.850220260571717,0.850220260571717,0,r0371.png
0.9999999756097568,0.9999999772727278,0.9999999764412424,1.732142826211735,0.4489761799106069,0.2288283118624792,0.1064995033395124,0.850220260571717,0.850220260571717,0,za0110.png
0.9999999787234048,0.9999999795918372,0.999999979157621,0.5531914775916708,0.4770190646895877,0.1608984187293119,0.0514127423808472,0.8370044015990996,0.8370044015990996,0,x1178.png
0.9999999791666672,0.9999999795918372,0.9999999793792522,0.763358772798788,0.2945387099058204,0.1982428430995786,0.0630792151697411,0.8766519785169516,0.8766519785169516,1,E0160.png
0.25,0.25,0.25,1.095238077853364,0.4219326576116558,0.1965810088156316,0.0746256510396423,0.8458149742475112,0.8458149742475112,1,P0412.png
0.25,0.25,0.25,0.538461528106509,0.1745110544217687,0.083817532637264,0.0561224489616956,0.246696034155524,0.246696034155524,1,E0171.png
0.99999997826087,0.99999997826087,0.99999997826087,0.4444444320987658,0.4258009923496683,0.1376577814008145,0.0498219741913128,0.8766519785169516,0.8766519785169516,1,X0167.png
0.9999999696969708,0.9999999750000008,0.9999999723484856,0.3801169568414213,0.4682371568627451,0.2302714442139258,0.0792249999980193,0.8810572648411574,0.8810572648411574,0,zb0563.png
0.25,0.25,0.25,0.4545454132231443,0.4162773933102653,0.1334200091221658,0.0685553633069733,0.2995594700459935,0.2995594700459935,0,i0077.png
0.999999982758621,0.9999999767441866,0.999999979751404,0.4459459399196495,0.4156760813966418,0.2193886560468183,0.0602551984859329,0.8105726836538648,0.8105726836538648,1,ZC0059.png
0.9999999677419364,0.9999999677419364,0.9999999677419364,0.4411764576124571,0.6069212970506763,0.2128283909281242,0.0980055401634901,0.8370044015990996,0.8370044015990996,0,r0342.png
0.9999999756097568,0.999999981132076,0.9999999783709164,0.5875706181493185,0.3237166797192249,0.2220362672153878,0.0367048816559563,0.9162995554348036,0.9162995554348036,0,e1055.png
0.9999999830508478,0.9999999830508478,0.9999999830508478,0.4514563084880761,0.4124298828778377,0.2282570656683211,0.081793760013154,0.907488982786392,0.907488982786392,1,P0938.png
0.9999999736842112,0.9999999736842112,0.9999999736842112,0.9999997500000624,0.6673132939759558,0.197384779277979,0.0527337334631451,0.806167397329659,0.806167397329659,1,K0292.png
0.9999999600000016,0.9999999814814818,0.9999999707407417,1.374999914062505,0.5681069643792329,0.1957917626688605,0.0517485287445747,0.8281938289506879,0.8281938289506879,1,L0118.png
0.999999974358975,0.999999956521741,0.999999965440358,0.36999999815,0.4353551960784314,0.2333874391847877,0.0810249999979743,0.8810572648411574,0.8810572648411574,0,zb0038.png
0.999999985294118,0.999999985294118,0.999999985294118,1.0133333198222223,0.4100589619723966,0.200444391735107,0.0792504496743738,0.850220260571717,0.850220260571717,1,P0479.png
0.9999999714285724,0.9999999687500012,0.9999999700892868,1.5769230162721917,0.6083664833218315,0.1839451223197717,0.0651024188551343,0.850220260571717,0.850220260571717,1,V0280.png
0.25,0.25,0.25,0.1445783115111046,0.4123861505745332,0.1693706590158123,0.0315133087677726,0.8678414058685401,0.8678414058685401,1,I0205.png
0.9999999772727278,0.9999999787234048,0.9999999779980664,0.2972972892622354,0.4042826133288854,0.1615707463949147,0.0712429111510148,0.8105726836538648,0.8105726836538648,0,zc0981.png
0.9999999736842112,0.9999999761904768,0.999999974937344,0.6666664444445185,0.4789358234613289,0.1224039310196597,0.0341525607629624,0.8458149742475112,0.8458149742475112,0,k0471.png
0.9999999750000008,0.9999999787234048,0.9999999768617028,0.5555555514403293,0.3984616587888519,0.2111107987247513,0.0937139561684517,0.8986784101379806,0.8986784101379806,1,Q0042.png
0.25,0.25,0.25,0.2499999943181819,0.4116286191712397,0.1395688067184754,0.0469542833086568,0.8854625511653632,0.8854625511653632,1,X1464.png
0.9999999767441866,0.9999999666666678,0.9999999717054272,0.6760563332672089,0.2376003157339324,0.1263617639911122,0.028700086804777,0.8458149742475112,0.8458149742475112,1,Y0534.png
0.9999999767441866,0.9999999767441866,0.9999999767441866,1.5322580398022898,0.4515588402713623,0.2342438628090334,0.1080316900392477,0.8325991152748937,0.8325991152748937,0,za0299.png
0.25,0.25,0.25,0.7755101961682633,0.3134195414194215,0.1555932595690389,0.0569535781004888,0.8942731238137748,0.8942731238137748,1,A0145.png
0.25,0.25,0.25,0.6666666222222252,0.4513057541684925,0.1357263427632999,0.0549394549720949,0.8942731238137748,0.8942731238137748,1,J0326.png
0.999999958333335,0.9999999642857156,0.9999999613095252,0.2297297266252739,0.4723800169659453,0.2040223333673058,0.0658352444003752,0.8678414058685401,0.8678414058685401,1,N0350.png
0.999999985294118,0.999999985294118,0.999999985294118,0.834862377661813,0.322261327050178,0.1723567099897882,0.0590735314083511,0.9999999955947136,0.9999999955947136,1,A0041.png
0.9999999696969708,0.9999999791666672,0.9999999744318188,0.5535714186862247,0.4775045732578746,0.1636041139225018,0.0488598500612021,0.8634361195443343,0.8634361195443343,0,x1176.png
0.9999999545454564,0.9999999545454564,0.9999999545454564,0.1851851783264748,0.575704892850482,0.1874437075912807,0.0461610153217795,0.8414096879233054,0.8414096879233054,0,d0172.png
0.9999999761904768,0.9999999761904768,0.9999999761904768,0.6315789407202217,0.3684575871164792,0.1350353846067541,0.0212932111614615,0.8634361195443343,0.8634361195443343,1,W0400.png
0.9999999855072468,0.9999999855072468,0.9999999855072468,1.0422535064471337,0.412657433056325,0.2000145530141343,0.0763157894715702,0.8370044015990996,0.8370044015990996,1,P0487.png
0.9999999729729736,0.9999999772727278,0.9999999751228508,0.5649717482204986,0.336271568627451,0.2072166519859011,0.0452249999988693,0.8810572648411574,0.8810572648411574,0,o0646.png
0.9999999772727278,0.9999999761904768,0.9999999767316023,0.289473676592798,0.4043830386596983,0.1640731728201393,0.0708589319449769,0.8105726836538648,0.8105726836538648,0,zc0966.png
0.999999974358975,0.999999956521741,0.999999965440358,0.93749998828125,0.3681190135488778,0.1370484926794279,0.02143326758655,0.8590308332201285,0.8590308332201285,1,W0704.png
0.25,0.25,0.25,0.2142857066326533,0.5555392194755714,0.179672496296552,0.0480043288915456,0.8678414058685401,0.8678414058685401,0,d0748.png
0.9999999772727278,0.9999999756097568,0.9999999764412424,2.937499816406261,0.3979642473249415,0.1650501061920075,0.0708341674033906,0.8237885426264822,0.8237885426264822,0,zc1680.png
0.9999999791666672,0.9999999791666672,0.9999999791666672,0.4130434692816637,0.4684468685433357,0.1573094977397265,0.0450853810900383,0.8634361195443343,0.8634361195443343,0,x1253.png
0.9999999705882362,0.999999958333335,0.9999999644607857,0.1929824527546938,0.4883933215731506,0.1620599914028258,0.0690840061498201,0.8986784101379806,0.8986784101379806,0,v0819.png
0.9999999629629645,0.9999999500000024,0.9999999564814834,0.7746478764134103,0.5084265374061707,0.2363225834125959,0.1136592027593172,0.8678414058685401,0.8678414058685401,1,T0171.png
0.9999999615384628,0.9999999615384628,0.9999999615384628,0.727999994176,0.4397591235648431,0.3188377501580799,0.1275951557062765,0.8986784101379806,0.8986784101379806,0,a0299.png
0.9999999666666678,0.9999999666666678,0.9999999666666678,0.6047904155401772,0.3257207281318507,0.2274341516694244,0.0399990099245068,0.8854625511653632,0.8854625511653632,0,e0216.png
0.9999999523809546,0.9999999761904768,0.9999999642857158,0.2173912996219282,0.4010850051760513,0.1334672933947497,0.0457661939049586,0.8854625511653632,0.8854625511653632,1,X0683.png
0.999999958333335,0.9999999772727278,0.9999999678030314,0.1904761882086168,0.3846932352941176,0.1276723151785188,0.0269499999993262,0.8810572648411574,0.8810572648411574,1,I0294.png
0.99999997826087,0.9999999787234048,0.9999999784921374,0.4189189132578525,0.4130280277216679,0.2187496679523707,0.0691987512987282,0.8193832563022764,0.8193832563022764,1,ZC0191.png
0.25,0.25,0.25,2.02083329123264,0.2318909469342248,0.1508226618782478,0.0473569760249306,0.850220260571717,0.850220260571717,1,H0157.png
0.9999999600000016,0.9999999600000016,0.9999999600000016,0.5939393903397613,0.3335169782198594,0.1837333711158308,0.0384995835058699,0.8634361195443343,0.8634361195443343,1,O0053.png
0.9999999714285724,0.9999999824561407,0.9999999769423564,0.3666666544444448,0.441241805965725,0.1950124384095832,0.0259659609147088,0.9999999955947136,0.9999999955947136,0,b0283.png
0.25,0.25,0.25,0.5706214657027036,0.3429051212574334,0.1808875064969944,0.0445038489135292,0.8854625511653632,0.8854625511653632,1,O1109.png
0.999999958333335,0.999999958333335,0.999999958333335,2.999999625000047,0.7582802389034503,0.3060103930873299,0.1270708546347094,0.8149779699780706,0.8149779699780706,1,ZA0763.png
0.25,0.25,0.25,1.0476190226757376,0.5039244269136226,0.2267823501740813,0.0799146189067077,0.8634361195443343,0.8634361195443343,0,p0015.png
0.999999982758621,0.999999982758621,0.999999982758621,0.7684210445429364,0.2924790737561825,0.1398373115757599,0.0580183658805965,0.8854625511653632,0.8854625511653632,1,A1155.png
0.25,0.25,0.25,0.4842105212188366,0.3498763895346275,0.1561398728499791,0.0499482336292025,0.8766519785169516,0.8766519785169516,1,S0287.png
0.25,0.25,0.25,1.1153845939349116,0.4519251734090506,0.2062342340837255,0.0949824156327691,0.850220260571717,0.850220260571717,1,P0190.png
0.9999999545454564,0.9999999615384628,0.9999999580419596,0.2291666642795139,0.338003431372549,0.135050151832377,0.0528749999986781,0.8810572648411574,0.8810572648411574,1,S0177.png
0.9999999655172426,0.9999999655172426,0.9999999655172426,0.5862068763376939,0.5695835477047962,0.1842914339902552,0.0496668054964164,0.8634361195443343,0.8634361195443343,0,d0395.png
0.9999999777777784,0.9999999777777784,0.9999999777777784,0.1728395040390185,0.3864760784313725,0.1427406031418998,0.0331749999991706,0.8810572648411574,0.8810572648411574,1,I1033.png
0.25,0.25,0.25,0.2567567532870709,0.4537543588864117,0.2028605101742425,0.0662224073285552,0.8634361195443343,0.8634361195443343,1,N0989.png
0.99999997826087,0.9999999750000008,0.9999999766304354,2.6153844142011997,0.6807712694812249,0.2462310110765184,0.074559956527886,0.9999999955947136,0.9999999955947136,0,n0343.png
0.25,0.25,0.25,2.2142856352040843,0.4539084760205576,0.2039062516716273,0.0676210955164208,0.8281938289506879,0.8281938289506879,1,N0429.png
0.9999999666666678,0.9999999666666678,0.9999999666666678,0.7350427287603186,0.3743330902220235,0.2762575654988849,0.141713593087505,0.8766519785169516,0.8766519785169516,0,a0051.png
0.25,0.25,0.25,0.2765957387958354,0.4244172422991203,0.1633491355027063,0.0458770789255394,0.9999999955947136,0.9999999955947136,1,B0074.png
0.9999999677419364,0.9999999756097568,0.9999999716758464,0.3181818037190089,0.4656870545769201,0.1739765051082462,0.0681557957641686,0.9999999955947136,0.9999999955947136,0,v0698.png
0.9999999714285724,0.9999999615384628,0.9999999664835176,0.2872928160923049,0.451274625826662,0.2027200643973038,0.0522024983549716,0.8590308332201285,0.8590308332201285,0,s0219.png
0.99999997826087,0.99999997826087,0.99999997826087,0.6305732443912533,0.3203244244436933,0.2111433661502121,0.0743899610895825,0.8678414058685401,0.8678414058685401,0,y0425.png
0.9999999629629645,0.9999999677419364,0.9999999653524504,2.162790647376962,0.2461801092271803,0.1520849668827331,0.0587351138843006,0.8193832563022764,0.8193832563022764,1,H0144.png
0.9999999750000008,0.9999999777777784,0.9999999763888896,2.874999820312511,0.4082913774048611,0.1679194397377342,0.0693185392756636,0.8237885426264822,0.8237885426264822,0,zc0321.png
0.25,0.25,0.25,0.6666666621315194,0.2442167304791739,0.1211610859189485,0.0259566074943864,0.8590308332201285,0.8590308332201285,1,Y0664.png
0.9999999642857156,0.9999999705882362,0.9999999674369758,2.2142855561224604,0.5731818704044118,0.2401789138070743,0.08241102430332,0.8458149742475112,0.8458149742475112,0,n0399.png
0.9999999666666678,0.9999999655172426,0.9999999660919552,0.3571428553206997,0.4316757315170966,0.2315162495311462,0.0788473552665856,0.8634361195443343,0.8634361195443343,0,zb0044.png
0.9999999772727278,0.9999999750000008,0.9999999761363644,3.066666462222236,0.4114278348300606,0.1675915824264592,0.0701241782302374,0.8149779699780706,0.8149779699780706,0,zc0467.png
0.9999999750000008,0.9999999705882362,0.9999999727941185,0.4246575284293489,0.4128882631790142,0.221755484341078,0.061943577290382,0.8193832563022764,0.8193832563022764,1,ZC1019.png
0.99999997826087,0.99999997826087,0.99999997826087,0.4736841855955691,0.4921326784494205,0.1549941256604687,0.0410519395123983,0.8590308332201285,0.8590308332201285,0,x0897.png
0.25,0.25,0.25,0.2195121897679953,0.426103553685988,0.1480125423812,0.0476259131091977,0.8986784101379806,0.8986784101379806,1,X0229.png
0.25,0.25,0.25,0.5941176435640139,0.3289246868768051,0.2203143229416658,0.0488849285896664,0.8854625511653632,0.8854625511653632,0,e0743.png
0.25,0.25,0.25,0.2424242350780535,0.5617685431789948,0.1840072555041237,0.0531047195764474,0.8766519785169516,0.8766519785169516,0,d0861.png
0.25,0.25,0.25,1.0263157624653747,0.4919812816645396,0.2206849388685534,0.0729257067699427,0.8590308332201285,0.8590308332201285,0,p0165.png
0.9999999761904768,0.9999999777777784,0.9999999769841276,0.9999999787234048,0.3851723342398183,0.1475331105652957,0.0314712619733582,0.8634361195443343,0.8634361195443343,1,W0847.png
0.9999999736842112,0.9999999736842112,0.9999999736842112,0.379746833039577,0.3904172893647255,0.1588032929714988,0.0703092461456083,0.8634361195443343,0.8634361195443343,1,ZB1050.png
0.999999972222223,0.9999999687500012,0.999999970486112,1.249999687500078,0.4783632466114558,0.1267007411518501,0.0406292440006612,0.8281938289506879,0.8281938289506879,0,k0381.png
0.999999974358975,0.9999999772727278,0.9999999758158514,2.937499816406261,0.4092865445529065,0.1687890548696121,0.0736938431160829,0.8237885426264822,0.8237885426264822,0,zc0343.png
0.9999999736842112,0.99999997826087,0.9999999759725406,0.5659340628245382,0.3273009967489682,0.1716871990268809,0.0370911490235391,0.907488982786392,0.907488982786392,1,O0233.png
0.999999956521741,0.9999999677419364,0.9999999621318388,0.7480314901729804,0.2789491105084009,0.1341177352364136,0.044343663390041,0.8325991152748937,0.8325991152748937,0,h0060.png
0.9999999777777784,0.9999999756097568,0.9999999766937676,2.933333137777791,0.4054535376412098,0.1663488630319556,0.0707885304639036,0.8193832563022764,0.8193832563022764,0,zc0731.png
0.9999999714285724,0.9999999629629645,0.9999999671957684,2.130434736294897,0.2420845934692088,0.1514334191945422,0.0571992110438606,0.8590308332201285,0.8590308332201285,1,H0628.png
0.25,0.25,0.25,0.5828220823139749,0.3083265439139644,0.1934539060708599,0.0742659279757821,0.8370044015990996,0.8370044015990996,0,y0890.png
0.9999999705882362,0.999999972222223,0.9999999714052296,0.5478723375113174,0.3325408078757976,0.2093088337968321,0.0474717430089834,0.9030836964621864,0.9030836964621864,0,o0628.png
0.9999999729729736,0.9999999750000008,0.9999999739864872,0.7142857086167801,0.3721645416496859,0.2625618400066781,0.0988569543344746,0.9999999955947136,0.9999999955947136,0,c0436.png
0.999999956521741,0.9999999705882362,0.9999999635549884,0.9186046404813414,0.5002947412969296,0.2533791552723954,0.1186109254692059,0.8854625511653632,0.8854625511653632,1,T0745.png
0.9999999750000008,0.9999999772727278,0.9999999761363644,2.8124998242187607,0.3977273809280909,0.1643706718184949,0.0763383050041525,0.8193832563022764,0.8193832563022764,0,zc1704.png
0.9999999629629645,0.9999999642857156,0.99999996362434,2.424999939375001,0.2710617077099731,0.1621547356553439,0.0629716229125578,0.8546255468959227,0.8546255468959227,1,H0243.png
0.9999999696969708,0.9999999696969708,0.9999999696969708,0.6742424191345271,0.3702429683907396,0.2773144108738549,0.1249279123384052,0.8986784101379806,0.8986784101379806,0,a1043.png
0.9999999767441866,0.9999999767441866,0.9999999767441866,0.445595852613493,0.445376557022981,0.1936675805303349,0.0461757362601364,0.850220260571717,0.850220260571717,1,G0116.png
0.9999999750000008,0.9999999750000008,0.9999999750000008,0.799999840000032,0.617297228711087,0.1881269067802242,0.0581789322652489,0.7973568246812475,0.7973568246812475,1,K0015.png
0.9999999800000005,0.9999999803921572,0.9999999801960788,0.4130434692816637,0.4121678431372549,0.135908566758744,0.046199999998845,0.8810572648411574,0.8810572648411574,1,X1289.png
0.9999999772727278,0.9999999761904768,0.9999999767316023,0.4025973973688649,0.4099661263682428,0.2156443493267651,0.0620923266408529,0.8325991152748937,0.8325991152748937,1,ZC0142.png
0.9999999787234048,0.9999999736842112,0.999999976203808,0.4049079729760247,0.4575026761954301,0.2323440782695581,0.0803056516705039,0.8986784101379806,0.8986784101379806,0,zb0545.png
0.9999999666666678,0.9999999666666678,0.9999999666666678,0.3962264126023496,0.3946381613870038,0.1612462632354861,0.0619533527680666,0.8634361195443343,0.8634361195443343,1,ZB1068.png
0.9999999767441866,0.9999999736842112,0.999999975214199,0.4109588984800151,0.4087629593328568,0.2153228209425219,0.0632147869430793,0.806167397329659,0.806167397329659,1,ZC0778.png
0.9999999736842112,0.9999999736842112,0.9999999736842112,1.0430107414730028,0.3551651077354886,0.1326945451108958,0.0282155225636066,0.850220260571717,0.850220260571717,1,W0554.png
0.9999999767441866,0.9999999767441866,0.9999999767441866,1.547169782128872,0.4902377960786509,0.238105075339841,0.1135746479630028,0.8325991152748937,0.8325991152748937,0,za0545.png
0.25,0.25,0.25,0.99999998630137,0.5880413808481727,0.3862053677678593,0.1203594092623501,0.9999999955947136,0.9999999955947136,1,ZA0305.png
0.9999999677419364,0.999999958333335,0.9999999630376356,0.2592592544581619,0.4868559405371988,0.154243764790138,0.0604914933823311,0.911894269110598,0.911894269110598,0,v0117.png
0.9999999787234048,0.9999999787234048,0.9999999787234048,0.6153846114398422,0.3217408556304466,0.2069866443780051,0.0639919704843752,0.8458149742475112,0.8458149742475112,0,y0481.png
0.25,0.25,0.25,0.6857142808163266,0.2460872729344472,0.1203024624989996,0.0189413667383311,0.8414096879233054,0.8414096879233054,1,Y1115.png
0.25,0.25,0.25,0.5975609719660916,0.2875415472311374,0.2058517764881379,0.0723396501438895,0.8634361195443343,0.8634361195443343,0,y1331.png
0.9999999714285724,0.9999999714285724,0.9999999714285724,0.1666666646825397,0.3808841964136081,0.130654612903635,0.0282182774483045,0.8590308332201285,0.8590308332201285,1,I0745.png
0.999999974358975,0.99999997826087,0.9999999763099224,0.4399999941333334,0.412999637213689,0.218578293807749,0.0739226171730983,0.8237885426264822,0.8237885426264822,1,ZC0644.png
0.25,0.25,0.25,0.7007299218924823,0.2436948954929194,0.1253569227227638,0.0239257812493509,0.8458149742475112,0.8458149742475112,1,Y0865.png
0.25,0.25,0.25,0.697841721598261,0.2620753077198019,0.1275653005071049,0.0239737979536638,0.850220260571717,0.850220260571717,1,Y0399.png
0.9999999787234048,0.9999999787234048,0.9999999787234048,0.2156862702806613,0.4096983901202558,0.1348451690745446,0.0449188858268309,0.8722466921927459,0.8722466921927459,1,X1275.png
0.25,0.25,0.25,0.6298701257800642,0.3227416553885642,0.2098785083543501,0.0718140084278285,0.850220260571717,0.850220260571717,0,y0308.png
0.9999999729729736,0.9999999761904768,0.9999999745817252,1.745454513719009,0.4762353834763072,0.2394071948197366,0.1081542968720661,0.8458149742475112,0.8458149742475112,0,za0528.png
0.9999999841269844,0.9999999841269844,0.9999999841269844,0.7653061146397335,0.3232894117647059,0.1763996526084138,0.0603249999984918,0.8810572648411574,0.8810572648411574,1,A0599.png
0.9999999864864868,0.9999999864864868,0.9999999864864868,0.5026454999860026,0.1441066961764129,0.1164398973504024,0.0356932896605444,0.8325991152748937,0.8325991152748937,1,H0043.png
0.99999997826087,0.9999999761904768,0.9999999772256736,2.9999998000000136,0.4013481717011128,0.1622478820514524,0.0720525931315689,0.8149779699780706,0.8149779699780706,0,zc1097.png
0.25,0.25,0.25,2.552631511772855,0.4431957904910198,0.2124433321385341,0.0727536309680057,0.850220260571717,0.850220260571717,1,N1161.png
0.25,0.25,0.25,0.4042553169986419,0.3393457209177543,0.1565392963491841,0.0577275431277161,0.9030836964621864,0.9030836964621864,1,ZB0427.png
0.999999983870968,0.999999983870968,0.999999983870968,0.9325842591844464,0.428284728849197,0.1976438755975019,0.0906540148941267,0.8722466921927459,0.8722466921927459,1,P0025.png
0.999999983870968,0.999999983870968,0.999999983870968,0.474489793497501,0.4091752006925219,0.2291792641811897,0.1064920866277985,0.8634361195443343,0.8634361195443343,1,P0885.png
0.25,0.25,0.25,0.6753246709394501,0.2273828170321382,0.0853327559057063,0.0208256286977434,0.9162995554348036,0.9162995554348036,1,M0470.png
0.9999999600000016,0.9999999714285724,0.999999965714287,2.341463357525284,0.2472465830950435,0.1502707497525597,0.0614149305538895,0.8458149742475112,0.8458149742475112,1,H0655.png
0.9999999750000008,0.9999999767441866,0.9999999758720935,0.1647058804152249,0.4086545725044258,0.168805381650145,0.0352661503765497,0.889867837489569,0.889867837489569,1,I0529.png
0.9999999705882362,0.9999999705882362,0.9999999705882362,0.3741935459729448,0.4607612294049564,0.2257804089851078,0.0705295138869756,0.8458149742475112,0.8458149742475112,0,zb0607.png
0.25,0.25,0.25,0.588235259515573,0.3333072255532148,0.0716905791338286,0.0493572084367866,0.290748897397582,0.290748897397582,0,i0005.png
0.25,0.25,0.25,1.0285713991836745,0.4970453820809862,0.2211150745822778,0.0703581677098958,0.8546255468959227,0.8546255468959227,0,p0155.png
0.25,0.25,0.25,0.5652173667296797,0.563183872762624,0.1834625410018555,0.0489956424686737,0.8546255468959227,0.8546255468959227,0,d0350.png
0.9999999761904768,0.9999999761904768,0.9999999761904768,1.6333333061111115,0.4710675896920241,0.2504415841830328,0.1091913214961422,0.8590308332201285,0.8590308332201285,0,za0757.png
0.25,0.25,0.25,0.2352941130334487,0.4146641717171134,0.1376770283465972,0.048255073030873,0.889867837489569,0.889867837489569,1,X1730.png
0.9999999750000008,0.9999999750000008,0.9999999750000008,0.6737588604697953,0.2529063060127097,0.1322044762364078,0.0314127423814013,0.8370044015990996,0.8370044015990996,1,Y0577.png
0.9999999545454564,0.9999999545454564,0.9999999545454564,1.3709677198231014,0.6199887306225675,0.3660067168912468,0.1590059651949455,0.8854625511653632,0.8854625511653632,1,ZA0247.png
0.999999958333335,0.999999958333335,0.999999958333335,0.4482758466111777,0.5506440903161517,0.1852996407041661,0.0486006414284531,0.8414096879233054,0.8414096879233054,0,d0057.png
0.9999999800000005,0.9999999800000005,0.9999999800000005,0.749999993951613,0.3545633746619239,0.1912374958750269,0.045149728290983,0.8193832563022764,0.8193832563022764,0,l0367.png
0.25,0.25,0.25,0.6047904155401772,0.3212135104017099,0.2311328129675582,0.0388197235555626,0.889867837489569,0.889867837489569,0,e0919.png
0.25,0.25,0.25,0.7154471486549012,0.3952416680958097,0.2926808144184007,0.1375468554733041,0.8634361195443343,0.8634361195443343,0,a0865.png
0.25,0.25,0.25,0.8507462559590111,0.5515040710161615,0.2383136261324116,0.1027436484771255,0.8634361195443343,0.8634361195443343,1,T0488.png
0.25,0.25,0.25,0.6387096732986473,0.3916786029519128,0.2001499076278383,0.0644695817963753,0.8678414058685401,0.8678414058685401,0,q0484.png
0.999999972222223,0.9999999795918372,0.9999999759070302,0.9999996666667778,0.4736909175403608,0.121849890034526,0.0364810288012413,0.8546255468959227,0.8546255468959227,0,k0509.png
0.9999999787234048,0.9999999807692312,0.999999979746318,0.6285714225850341,0.3923466749703508,0.199804728714777,0.0808499166728543,0.889867837489569,0.889867837489569,1,Q0451.png
0.9999999655172426,0.9999999500000024,0.9999999577586224,0.0882352915224914,0.5224666555182018,0.1350960794470892,0.0609499068703815,0.889867837489569,0.889867837489569,0,j0014.png
0.25,0.25,0.25,0.4999999722222237,0.5659803192187705,0.1864455990053085,0.0446381124443448,0.8546255468959227,0.8546255468959227,0,d0734.png
0.9999999795918372,0.9999999787234048,0.999999979157621,0.5981308355314875,0.3831420794962431,0.1901537623652851,0.0796490540123603,0.889867837489569,0.889867837489569,1,Q0615.png
0.9999999696969708,0.9999999756097568,0.9999999726533636,0.5179487152925707,0.4217561459780107,0.2340229234324334,0.0741100245074107,0.8942731238137748,0.8942731238137748,0,zb0987.png
0.25,0.25,0.25,0.8571428418367351,0.3131493395969499,0.142581786610022,0.037868923607002,0.4229074871237556,0.4229074871237556,1,O0521.png
0.25,0.25,0.25,0.8873239311644517,0.5107964339212838,0.2382668876326036,0.1007647816644071,0.8414096879233054,0.8414096879233054,1,T0109.png
0.9999999729729736,0.9999999729729736,0.9999999729729736,0.6567164081087103,0.5144249665005762,0.2321641147145961,0.1135614836828153,0.8546255468959227,0.8546255468959227,1,T0685.png
0.9999999642857156,0.9999999642857156,0.9999999642857156,0.7446808431416931,0.3019314715396991,0.1499161211847854,0.057371826290134,0.889867837489569,0.889867837489569,1,A1017.png
0.9999999600000016,0.99999997826087,0.9999999691304358,0.6298342506638992,0.3565840518512514,0.1979050804743058,0.028993382366648,0.9999999955947136,0.9999999955947136,1,O1309.png
0.9999999761904768,0.9999999736842112,0.999999974937344,1.4117646782006927,0.4691535962506324,0.2189621819533201,0.0986023087341952,0.8281938289506879,0.8281938289506879,0,za0109.png
0.25,0.25,0.25,0.6111110771604957,0.4333228017769608,0.1766316366086304,0.0886230468533635,0.2819383247491703,0.2819383247491703,0,i0992.png
0.99999997826087,0.99999997826087,0.99999997826087,0.5935483832674298,0.305543431928537,0.1983433387129217,0.0709180056689828,0.8105726836538648,0.8105726836538648,0,y0701.png
0.25,0.25,0.25,0.6011904726119615,0.3592673536427609,0.197993441701168,0.0363689834321054,0.889867837489569,0.889867837489569,1,O0491.png
0.9999999761904768,0.99999997826087,0.9999999772256736,0.279069760951866,0.4014166434749482,0.1631197635164495,0.0749979003926262,0.8325991152748937,0.8325991152748937,0,zc1416.png
0.999999972222223,0.999999972222223,0.999999972222223,0.2307692218934914,0.5490952031042529,0.1810580673516383,0.0477843523984803,0.8590308332201285,0.8590308332201285,0,d0974.png
0.25,0.25,0.25,1.0638297645993668,0.4517759383485565,0.1992226775133219,0.0873631629267891,0.8546255468959227,0.8546255468959227,1,P0224.png
0.25,0.25,0.25,0.6575342420716833,0.2426698240059913,0.1147452782428405,0.0168728298606534,0.8458149742475112,0.8458149742475112,1,Y1037.png
0.9999999787234048,0.99999997826087,0.9999999784921374,0.7974683443358438,0.3801141880453603,0.1472570420779315,0.0370697709644435,0.8766519785169516,0.8766519785169516,1,W1084.png
0.9999999761904768,0.9999999795918372,0.999999977891157,0.6666664444445185,0.4786209815344431,0.1205655412602041,0.0288061424460037,0.850220260571717,0.850220260571717,0,k0472.png
0.9999999629629645,0.9999999629629645,0.9999999629629645,0.8124999898437502,0.4832484304701499,0.235071828443473,0.1202366863873705,0.8590308332201285,0.8590308332201285,1,T0030.png
0.9999999629629645,0.9999999800000005,0.9999999714814825,0.2999999940000001,0.4243643499434356,0.1668216991429673,0.0498360146703829,0.9999999955947136,0.9999999955947136,1,B0077.png
0.9999999615384628,0.9999999772727278,0.9999999694055954,1.2318840401176228,0.5990076503316661,0.3671444360616561,0.1569152294094362,0.8766519785169516,0.8766519785169516,1,ZA0100.png
0.9999999787234048,0.9999999787234048,0.9999999787234048,0.6266666624888889,0.3182484878763768,0.2113886959288283,0.0759529869291099,0.8237885426264822,0.8237885426264822,0,y0729.png
0.9999999761904768,0.99999997826087,0.9999999772256736,0.9999997500000624,0.4776233010604496,0.1229326631895428,0.032153710419759,0.889867837489569,0.889867837489569,0,k0401.png
0.999999956521741,0.999999956521741,0.999999956521741,0.3799999981,0.3643793137254902,0.1562874912941383,0.039999999999,0.8810572648411574,0.8810572648411574,1,U0395.png
0.25,0.25,0.25,0.2666666607407409,0.421885061347024,0.1575702347336683,0.041882396448736,0.9162995554348036,0.9162995554348036,1,B0025.png
0.25,0.25,0.25,3.599999760000016,0.595945316902271,0.2433244612783283,0.0856413994146803,0.8634361195443343,0.8634361195443343,0,n0141.png
0.25,0.25,0.25,0.7857142776967931,0.3169949717680229,0.1579221839563973,0.0716791618591003,0.8986784101379806,0.8986784101379806,1,A0194.png
0.9999999696969708,0.9999999642857156,0.9999999669913432,0.1929824527546938,0.4873457590929204,0.1552129639831533,0.0567107750459354,0.911894269110598,0.911894269110598,0,v0827.png
0.25,0.25,0.25,0.6785714237244899,0.2582244420401905,0.122854770697521,0.0272948685639457,0.8325991152748937,0.8325991152748937,1,Y0145.png
0.9999999666666678,0.9999999696969708,0.9999999681818192,0.2941176412918109,0.4986784381549839,0.1634876041194423,0.0640371959285722,0.9295154144074212,0.9295154144074212,0,v0387.png
0.25,0.25,0.25,0.7333332844444478,0.4161379232022504,0.1461672108457434,0.067052795707941,0.2951541837217877,0.2951541837217877,0,i0341.png
0.9999999750000008,0.9999999677419364,0.9999999713709686,0.312820511216305,0.4382542960642508,0.1898574982623571,0.048468113082223,0.8590308332201285,0.8590308332201285,0,s0493.png
0.25,0.25,0.25,2.5416665607638933,0.4511242441581964,0.2086388864041697,0.0671270513089496,0.8854625511653632,0.8854625511653632,1,N0783.png
0.9999999629629645,0.999999972222223,0.9999999675925936,0.3529411712802769,0.401592041686604,0.196126160401627,0.0740154098076722,0.850220260571717,0.850220260571717,0,m0472.png
0.999999956521741,0.999999972222223,0.999999964371982,0.1944444417438272,0.6230902786354596,0.2406026226132865,0.0896111531007079,0.8325991152748937,0.8325991152748937,0,n0225.png
0.25,0.25,0.25,0.6906474770457016,0.2461357698461329,0.1279988457343032,0.0233018663188123,0.8458149742475112,0.8458149742475112,1,Y0752.png
0.9999999777777784,0.9999999777777784,0.9999999777777784,0.4038461460798818,0.40939,0.140883484607869,0.0503749999987406,0.8810572648411574,0.8810572648411574,1,X1572.png
0.25,0.25,0.25,0.3409090831611572,0.4861299102340826,0.1586239703627955,0.0444226854584137,0.8678414058685401,0.8678414058685401,0,x1480.png
0.9999999714285724,0.9999999736842112,0.9999999725563918,0.3461538417159764,0.363160657599637,0.1448955719748756,0.0375943724384139,0.8678414058685401,0.8678414058685401,0,m0270.png
0.9999999545454564,0.9999999545454564,0.9999999545454564,0.5183246046161015,0.3539210381258845,0.1695140681089435,0.0516375067625644,0.8678414058685401,0.8678414058685401,1,U0523.png
0.9999999729729736,0.9999999777777784,0.999999975375376,0.7536231774837221,0.3756773172949211,0.161491420472418,0.0501911577284042,0.889867837489569,0.889867837489569,0,m0084.png
0.9999999729729736,0.9999999736842112,0.9999999733285924,0.499999750000125,0.4840720315904139,0.112713968015265,0.0402018229155761,0.8458149742475112,0.8458149742475112,0,k0101.png
0.25,0.25,0.25,3.058823349480979,0.6079919557566617,0.2450829007115332,0.087337278104212,0.8590308332201285,0.8590308332201285,0,n0245.png
0.25,0.25,0.25,0.3802083313530816,0.4331842958537582,0.1903772655758106,0.043158637151607,0.8458149742475112,0.8458149742475112,1,G0403.png
0.25,0.25,0.25,0.4088669930597685,0.2671873981459409,0.1294880432640039,0.0391662015569616,0.8942731238137748,0.8942731238137748,1,ZB0568.png
0.9999999696969708,0.9999999696969708,0.9999999696969708,0.1971830958143226,0.5543936962540118,0.2296679972163432,0.0817107455205718,0.8634361195443343,0.8634361195443343,0,n0914.png
0.9999999696969708,0.999999972222223,0.9999999709595968,0.4947916640896267,0.4252942156862745,0.2324651620288163,0.0732999999981675,0.8810572648411574,0.8810572648411574,0,zb0874.png
0.25,0.25,0.25,0.5026454999860026,0.2796984911934595,0.2148656198094929,0.0586489739912474,0.8325991152748937,0.8325991152748937,1,E0500.png
0.25,0.25,0.25,0.6870748252579943,0.230172617548294,0.0825745556735061,0.0226479542579973,0.8854625511653632,0.8854625511653632,1,M0448.png
0.999999974358975,0.9999999729729736,0.9999999736659744,0.3697916647406684,0.4514903336188339,0.2143048549043072,0.0516792432763396,0.8546255468959227,0.8546255468959227,0,s0336.png
0.9999999846153848,0.9999999846153848,0.9999999846153848,0.4683544244512098,0.4194366406589798,0.2200754235299297,0.0585389316416212,0.8281938289506879,0.8281938289506879,1,ZC0880.png
0.25,0.25,0.25,0.5747126403752147,0.3045717304623422,0.1757407471753957,0.0238125299860151,0.8766519785169516,0.8766519785169516,1,O1160.png
0.999999972222223,0.999999972222223,0.999999972222223,0.5882352906574395,0.3535321568627451,0.1933363655455649,0.0394749999990131,0.8810572648411574,0.8810572648411574,1,O0381.png
0.9999999761904768,0.9999999787234048,0.9999999774569408,0.3947368369113574,0.4126775297376568,0.2194625335279603,0.0695567867016743,0.8370044015990996,0.8370044015990996,1,ZC0385.png
0.9999999600000016,0.999999982758621,0.9999999713793112,0.14102563921762,0.4319205888185137,0.1883668771443788,0.0267935752521881,0.9030836964621864,0.9030836964621864,0,b0205.png
0.999999958333335,0.9999999687500012,0.999999963541668,0.7333332844444478,0.4822779158064177,0.1633927031833506,0.0637239738235877,0.9030836964621864,0.9030836964621864,0,v0094.png
0.9999999843750004,0.9999999830508478,0.999999983712924,0.609523803718821,0.3974041647953365,0.2039147213300185,0.0829013102063601,0.907488982786392,0.907488982786392,1,Q0350.png
0.25,0.25,0.25,0.4166666644965278,0.4290522024782135,0.193446272561718,0.0465223524292935,0.8458149742475112,0.8458149742475112,1,G0526.png
0.25,0.25,0.25,0.7142856632653098,0.4222451553720904,0.1588645222389531,0.0815635579927474,0.2511013204797299,0.2511013204797299,0,i0367.png
0.9999999629629645,0.9999999814814818,0.999999972222223,0.5882352906574395,0.3086358979843547,0.2244750798097541,0.0396959672725513,0.8766519785169516,0.8766519785169516,0,e0302.png
0.9999999787234048,0.9999999761904768,0.9999999774569408,1.1971830817298157,0.6005043683148453,0.3683384776519356,0.1528851873848213,0.9030836964621864,0.9030836964621864,1,ZA0222.png
0.9999999761904768,0.9999999761904768,0.9999999761904768,1.8333332993827167,0.246290556213209,0.1564301149816282,0.0539307892485266,0.8678414058685401,0.8678414058685401,1,H0532.png
0.25,0.25,0.25,0.7857142776967931,0.3103653054321074,0.1425837931988753,0.0597977394393861,0.9030836964621864,0.9030836964621864,1,A0162.png
0.9999999787234048,0.9999999772727278,0.9999999779980664,0.9411764521337952,0.3870705882352941,0.1469653973036293,0.0344999999991375,0.8810572648411574,0.8810572648411574,1,W0932.png
0.9999999523809546,0.9999999761904768,0.9999999642857158,0.4285714224489797,0.3678042248428223,0.1614897365859864,0.0480666270065897,0.9030836964621864,0.9030836964621864,0,m0093.png
0.999999974358975,0.9999999761904768,0.999999975274726,2.0833332754629645,0.4998499203126735,0.2365896944572147,0.1097814776242981,0.8193832563022764,0.8193832563022764,0,za0546.png
0.999999972222223,0.9999999696969708,0.9999999709595968,0.4852941140787197,0.4552116342236306,0.2064135072295383,0.094103666814902,0.8281938289506879,0.8281938289506879,0,u0232.png
0.9999999761904768,0.9999999705882362,0.9999999733893564,0.0731707299226651,0.4905276816608996,0.1305451858535333,0.0516868512098306,0.8986784101379806,0.8986784101379806,0,j0633.png
0.9999999830508478,0.9999999830508478,0.9999999830508478,0.4999998750000312,0.4925661886948107,0.1837494629288095,0.0178152108517957,0.9999999955947136,0.9999999955947136,0,i1054.png
0.9999999767441866,0.9999999767441866,0.9999999767441866,1.7068965222948875,0.4572408158810949,0.2330553924106267,0.1001829472519213,0.8678414058685401,0.8678414058685401,0,za0327.png
0.9999999756097568,0.9999999777777784,0.9999999766937676,0.3170731668649614,0.3587616204025989,0.1332763778069038,0.0240615754432308,0.9162995554348036,0.9162995554348036,0,m0352.png
0.999999972222223,0.9999999750000008,0.9999999736111118,1.5156249763183598,0.4608830927418262,0.247007628519822,0.1042884472286032,0.8546255468959227,0.8546255468959227,0,za0570.png
0.9999999756097568,0.9999999772727278,0.9999999764412424,2.8666664755555686,0.405573451892124,0.164319390396448,0.0689181846758866,0.8237885426264822,0.8237885426264822,0,zc0207.png
0.9999999687500012,0.9999999687500012,0.9999999687500012,0.2117647033910035,0.3743860769990426,0.1275767235765429,0.0272491349474421,0.8986784101379806,0.8986784101379806,1,I0665.png
0.999999974358975,0.99999997826087,0.9999999763099224,2.571428387755115,0.6527867231815779,0.2404170714777105,0.0709309320951128,0.9999999955947136,0.9999999955947136,0,n0342.png
0.9999999814814818,0.9999999814814818,0.9999999814814818,5.555554938271674,0.5425335017408883,0.1897783950157391,0.0548136950238007,0.8325991152748937,0.8325991152748937,1,L0039.png
0.9999999545454564,0.999999956521741,0.9999999555335988,0.2499999943181819,0.4058145098039215,0.1488543175526196,0.0427249999989318,0.8810572648411574,0.8810572648411574,1,X1378.png
0.25,0.25,0.25,2.166666305555616,0.7767453587346115,0.2940763104304513,0.1249960987445773,0.7885462520328359,0.7885462520328359,1,ZA0880.png
0.9999999629629645,0.9999999629629645,0.9999999629629645,0.4736841855955691,0.5589137642515822,0.1841368833602902,0.0505898607702574,0.8546255468959227,0.8546255468959227,0,d0623.png
0.999999972222223,0.9999999767441866,0.9999999744832048,0.5519125652900952,0.3243660271676556,0.1981754500580699,0.0474218213888976,0.889867837489569,0.889867837489569,0,o0670.png
0.9999999791666672,0.9999999791666672,0.9999999791666672,0.710843364929598,0.4395520810278607,0.1526685108754871,0.0439130324980704,0.8766519785169516,0.8766519785169516,1,ZB0910.png
0.9999999629629645,0.9999999714285724,0.9999999671957684,0.6692307640828403,0.3726838694661538,0.2805171423164516,0.136844023320053,0.8634361195443343,0.8634361195443343,0,a0986.png
0.25,0.25,0.25,0.2972972892622354,0.4951624825250258,0.1662745089010754,0.0484681388325267,0.8678414058685401,0.8678414058685401,0,x0865.png
0.9999999848484852,0.9999999848484852,0.9999999848484852,0.8191489274558625,0.3083761923318673,0.1488530959638288,0.0586522361605801,0.8942731238137748,0.8942731238137748,1,A0023.png
0.25,0.25,0.25,2.4374998476562597,0.4685828037586225,0.1960966417275642,0.0711911357320999,0.8370044015990996,0.8370044015990996,1,N0458.png
0.9999999821428576,0.9999999821428576,0.9999999821428576,0.6084337312744956,0.3099587506799602,0.2252865220902657,0.0373002646790192,0.889867837489569,0.889867837489569,0,e0628.png
0.9999999772727278,0.9999999777777784,0.999999977525253,1.390243885484831,0.5724627936524607,0.3725839998553561,0.1408527237062459,0.9999999955947136,0.9999999955947136,1,ZA0702.png
0.9999999687500012,0.9999999767441866,0.9999999727470938,10.36363542148769,0.4968842597296249,0.2769334880984533,0.0418405169896205,0.9999999955947136,0.9999999955947136,0,w0336.png
0.25,0.25,0.25,3.699999815000009,0.5939530781930829,0.1943473325784068,0.0725640190952538,0.8458149742475112,0.8458149742475112,0,w0661.png
0.999999958333335,0.9999999615384628,0.999999959935899,0.3999999885714289,0.6050031852259924,0.215511965927301,0.0952711296076057,0.8193832563022764,0.8193832563022764,0,r0261.png
0.25,0.25,0.25,0.3908629421783607,0.3467207677216575,0.1588584527271196,0.0378778118467912,0.8678414058685401,0.8678414058685401,1,ZB1538.png
0.9999999777777784,0.9999999666666678,0.999999972222223,0.7450980343457645,0.336972099092116,0.262698294967472,0.1006229501814391,0.9999999955947136,0.9999999955947136,1,C0285.png
0.9999999761904768,0.9999999756097568,0.9999999759001168,0.6615384513609469,0.4713760554846528,0.2240351974883767,0.0501512163037435,0.8590308332201285,0.8590308332201285,1,F0178.png
0.9999999655172426,0.9999999800000005,0.9999999727586216,0.4892086295740386,0.4562195379373259,0.20374347904133,0.0869553545038268,0.850220260571717,0.850220260571717,0,u0031.png
0.9999999687500012,0.999999974358975,0.999999971554488,0.202702699963477,0.5512628172899666,0.2350117026718411,0.0759237343832761,0.8590308332201285,0.8590308332201285,0,n0640.png
0.9999999642857156,0.9999999677419364,0.999999966013826,0.3333333240740743,0.5767255795547386,0.2024363032595395,0.1016167534694656,0.8458149742475112,0.8458149742475112,0,r0037.png
0.25,0.25,0.25,0.5238094988662143,0.3925232376687699,0.1437460465242576,0.0655276816467284,0.2995594700459935,0.2995594700459935,0,i0778.png
0.9999999545454564,0.9999999824561407,0.9999999685007986,3.882352712802781,0.5647685622725545,0.1997089281653307,0.0459279778380629,0.8370044015990996,0.8370044015990996,1,L0272.png
0.9999999777777784,0.9999999777777784,0.9999999777777784,0.230769226331361,0.4096376556700515,0.1380093146903624,0.0487452210555645,0.889867837489569,0.889867837489569,1,X1541.png
0.25,0.25,0.25,0.3857868000721482,0.3749013140776422,0.173937696968724,0.0509933262889795,0.8678414058685401,0.8678414058685401,1,ZB0736.png
0.9999999772727278,0.9999999772727278,0.9999999772727278,0.6037735811083422,0.293787445533769,0.2008721930131735,0.0774197048590109,0.8458149742475112,0.8458149742475112,0,y1217.png
0.9999999696969708,0.9999999736842112,0.999999971690591,0.857142847723705,0.3626512410650319,0.1358949212391734,0.0280544444138619,0.850220260571717,0.850220260571717,1,W0507.png
0.9999999696969708,0.999999972222223,0.9999999709595968,0.285714279883382,0.5014436300939354,0.1552474071848391,0.0671012645802592,0.889867837489569,0.889867837489569,0,v0408.png
0.9999999800000005,0.9999999791666672,0.999999979583334,0.2112676026582028,0.4012695098039215,0.1338181512744993,0.0480249999987993,0.8810572648411574,0.8810572648411574,1,X0878.png
0.999999974358975,0.9999999777777784,0.9999999760683768,0.1666666646825397,0.3847410192387905,0.1381124036872337,0.0344819135370433,0.889867837489569,0.889867837489569,1,I0902.png
0.9999999736842112,0.9999999772727278,0.9999999754784696,2.937499816406261,0.4003424049565502,0.1656457108926042,0.072346084198949,0.8281938289506879,0.8281938289506879,0,zc1161.png
0.9999999666666678,0.9999999761904768,0.9999999714285724,2.3846153234714023,0.4474734696746081,0.1826116323728131,0.0402647704925348,0.8193832563022764,0.8193832563022764,0,l0021.png
0.25,0.25,0.25,0.4545454442148763,0.4995623773630142,0.1588760094050356,0.0431424964717917,0.8854625511653632,0.8854625511653632,0,x1049.png
0.9999999655172426,0.9999999655172426,0.9999999655172426,0.5714285442176883,0.5551816262693833,0.1885303683277744,0.0467903071514828,0.8546255468959227,0.8546255468959227,0,d0532.png
0.25,0.25,0.25,0.7142856632653098,0.427624272365196,0.1642633386024094,0.059326171860516,0.2819383247491703,0.2819383247491703,0,i0906.png
0.999999956521741,0.9999999777777784,0.9999999671497596,0.2051281998685077,0.4277310772399237,0.1379798002715143,0.0520019531235893,0.8458149742475112,0.8458149742475112,1,X0101.png
0.9999999807692312,0.9999999807692312,0.9999999807692312,0.6666664444445185,0.5003514705882353,0.1725289345422303,0.0208499999994787,0.8810572648411574,0.8810572648411574,0,i0402.png
0.9999999777777784,0.9999999750000008,0.9999999763888896,2.9999998000000136,0.4086085473887097,0.1662111127011126,0.0705931001869508,0.8105726836538648,0.8105726836538648,0,zc0302.png
0.9999999523809546,0.9999999761904768,0.9999999642857158,0.4117647018454441,0.3485599430083452,0.1457953861152636,0.0434448289109129,0.8986784101379806,0.8986784101379806,1,S0256.png
0.9999999615384628,0.9999999777777784,0.9999999696581208,0.55555554526749,0.4139469198928658,0.2201868270623115,0.0738933528101126,0.8149779699780706,0.8149779699780706,1,ZC0627.png
0.9999999750000008,0.9999999756097568,0.9999999753048788,0.3677419331113424,0.4488940403747706,0.2271290806204882,0.0718047028544297,0.8942731238137748,0.8942731238137748,0,zb1139.png
0.9863013563520362,0.9863013563520362,0.9863013563520362,0.7999999915789475,0.3043309134495782,0.1540343341803023,0.0636053440968952,0.8986784101379806,0.8986784101379806,1,A0853.png
0.9999999750000008,0.9999999777777784,0.9999999763888896,0.1511627889399675,0.412711517101164,0.13658087399073,0.0318267383408987,0.9999999955947136,0.9999999955947136,1,I0033.png
0.9999999767441866,0.9999999767441866,0.9999999767441866,0.8521739056332704,0.3224415309845174,0.2211445615710056,0.0701117685714632,0.8590308332201285,0.8590308332201285,1,E0057.png
0.999999974358975,0.9999999642857156,0.9999999693223453,0.2857142721088441,0.5014701333240018,0.156079140777061,0.0690779298020445,0.9030836964621864,0.9030836964621864,0,v0735.png
0.9999999729729736,0.9999999736842112,0.9999999733285924,0.1702127623358987,0.4847559715454229,0.146157768824818,0.0601654955607395,0.9162995554348036,0.9162995554348036,0,v0309.png
0.9999999736842112,0.9999999655172426,0.9999999696007268,0.2619047587868481,0.4779520181511131,0.1954722494602173,0.0561998685060828,0.8590308332201285,0.8590308332201285,1,D0059.png
0.999999981132076,0.999999981132076,0.999999981132076,0.5370370337219936,0.446514274000805,0.2215790251816615,0.0700992399164137,0.8766519785169516,0.8766519785169516,0,zb0403.png
0.9999999836065576,0.9999999836065576,0.9999999836065576,0.7708333253038195,0.2957858402876722,0.1387340541882419,0.051518646673118,0.8986784101379806,0.8986784101379806,1,A1380.png
0.25,0.25,0.25,0.781512598474684,0.3133968690471075,0.2044510385409252,0.0594594594577221,0.8149779699780706,0.8149779699780706,1,E0879.png
0.9999999615384628,0.9999999756097568,0.99999996857411,0.0909090888429752,0.4798523452187058,0.1208897373634762,0.0471498944393906,0.8942731238137748,0.8942731238137748,0,j0183.png
0.25,0.25,0.25,0.3958333312717014,0.4286797683483115,0.1923611605563542,0.0470377604153906,0.8458149742475112,0.8458149742475112,1,G0366.png
0.25,0.25,0.25,0.3571428316326549,0.4445379518995098,0.1534635780389365,0.0754394531065821,0.2819383247491703,0.2819383247491703,0,i0230.png
0.9999999655172426,0.9999999705882362,0.9999999680527394,0.2181818142148761,0.4877200492739491,0.1692863466719739,0.068664225869395,0.9295154144074212,0.9295154144074212,0,v0219.png
0.25,0.25,0.25,0.9222222119753088,0.423489431063083,0.2045330059389057,0.0927850210740911,0.889867837489569,0.889867837489569,1,P0064.png
0.9999999750000008,0.9999999777777784,0.9999999763888896,0.6845637537948741,0.2316632554598156,0.0866904511759041,0.0226114955780802,0.8986784101379806,0.8986784101379806,1,M0215.png
0.25,0.25,0.25,0.1904761882086168,0.4580481046461939,0.1645894511050361,0.0566283063894772,0.9999999955947136,0.9999999955947136,1,J0128.png
0.25,0.25,0.25,0.5151514995408637,0.4265991176470588,0.1361462784073563,0.0416749999989581,0.8810572648411574,0.8810572648411574,1,X1760.png
0.9999999772727278,0.9999999841269844,0.999999980699856,0.5885714252081633,0.3247334103183212,0.2223866939082817,0.0417370612720586,0.9030836964621864,0.9030836964621864,0,e0549.png
0.9999999861111112,0.9999999861111112,0.9999999861111112,0.4619289316653354,0.4006996557802693,0.2144802706473704,0.0863974851172048,0.8678414058685401,0.8678414058685401,1,P0763.png
0.9999999756097568,0.9999999756097568,0.9999999756097568,1.745454513719009,0.483068767871732,0.2462720137356365,0.1078830295109623,0.8458149742475112,0.8458149742475112,0,za0712.png
0.25,0.25,0.25,0.4052863418269324,0.3442475757987411,0.1787111103849939,0.0578121058033765,0.9999999955947136,0.9999999955947136,1,ZB0628.png
0.9999999756097568,0.9999999800000005,0.9999999778048786,0.3947368369113574,0.4125997175276146,0.2171838979380668,0.0618683687449436,0.8325991152748937,0.8325991152748937,1,ZC0732.png
0.9999999767441866,0.9999999767441866,0.9999999767441866,1.7017543561095727,0.4670413600661861,0.2374093215099407,0.114013178868264,0.8546255468959227,0.8546255468959227,0,za0497.png
0.9999999791666672,0.9999999772727278,0.9999999782196975,0.363636355371901,0.4896576911134312,0.1600586137521239,0.0470294398967204,0.8546255468959227,0.8546255468959227,0,x1424.png
0.25,0.25,0.25,0.7037036984910837,0.247270705264273,0.128359016984743,0.027518826459855,0.8325991152748937,0.8325991152748937,1,Y0794.png
0.9999999677419364,0.9999999666666678,0.999999967204302,0.4218749978027344,0.4400270312206515,0.2362757217469719,0.0918367346914869,0.8634361195443343,0.8634361195443343,0,zb1241.png
0.25,0.25,0.25,0.588235259515573,0.5663626870866689,0.1848868248091331,0.0452333990783633,0.8590308332201285,0.8590308332201285,0,d0281.png
0.25,0.25,0.25,0.6883116838421319,0.2289188050054369,0.087956938654561,0.0255160486057025,0.9295154144074212,0.9295154144074212,1,M0597.png
0.9999999767441866,0.99999997826087,0.9999999775025284,0.4459459399196495,0.4147970235185487,0.2217543991729494,0.0627146814387059,0.8370044015990996,0.8370044015990996,1,ZC1168.png
0.25,0.25,0.25,0.4782608487712674,0.5703821273414033,0.1866955511842526,0.0472320841539189,0.8590308332201285,0.8590308332201285,0,d0168.png
0.9999999756097568,0.99999997826087,0.9999999769353134,2.9999998000000136,0.4094426452055302,0.1703902022837655,0.0749350189013783,0.8105726836538648,0.8105726836538648,0,zc0152.png
0.99999997826087,0.99999997826087,0.99999997826087,0.8114754031846279,0.3229628866156475,0.2009693231623222,0.0640057718553942,0.8678414058685401,0.8678414058685401,0,y0486.png
0.9999999736842112,0.9999999756097568,0.999999974646984,0.33749999578125,0.3651559535685659,0.1393322125220888,0.0327663954506233,0.889867837489569,0.889867837489569,0,m0398.png
0.999999974358975,0.9999999677419364,0.9999999710504556,0.391534389462781,0.4404198039215686,0.2161422389080322,0.0512249999987193,0.8810572648411574,0.8810572648411574,0,s0417.png
0.9999999736842112,0.9999999750000008,0.999999974342106,0.4411764662629758,0.3124342156862745,0.1243587042384543,0.0503499999987412,0.8810572648411574,0.8810572648411574,1,S0093.png
0.25,0.25,0.25,0.793103434601665,0.2708880001704824,0.1253055234624615,0.0396087429006631,0.4008810555027266,0.4008810555027266,0,o0472.png
0.9999999795918372,0.9999999795918372,0.9999999795918372,4.0434780850661705,0.5632439656403665,0.1993624511015141,0.0489651982874041,0.8193832563022764,0.8193832563022764,1,L0632.png
0.9999999750000008,0.99999997826087,0.9999999766304354,0.5903614422267383,0.3223704788037664,0.1813466811988686,0.0336057892536025,0.8634361195443343,0.8634361195443343,1,O0273.png
0.9999999791666672,0.9999999791666672,0.9999999791666672,0.3222222186419753,0.3457030523899865,0.1454834208789275,0.0500482661307876,0.8854625511653632,0.8854625511653632,1,S0252.png
0.25,0.25,0.25,0.2597402563670096,0.4642867351022041,0.2007815304861815,0.0642700957917464,0.8634361195443343,0.8634361195443343,1,N0941.png
0.9999999687500012,0.9999999756097568,0.9999999721798788,0.6969696864095503,0.4651528478985355,0.2252657853653131,0.0459609653938102,0.850220260571717,0.850220260571717,1,F0348.png
0.9999999629629645,0.9999999642857156,0.99999996362434,2.0638297433227715,0.2378188334046604,0.1473186460384557,0.0430347123401155,0.850220260571717,0.850220260571717,1,H0182.png
0.9999999696969708,0.9999999791666672,0.9999999744318188,0.325581387777177,0.3888400544522208,0.1718933156186466,0.0386080710515031,0.8942731238137748,0.8942731238137748,0,b0072.png
0.25,0.25,0.25,0.5136611993789005,0.3347809889488339,0.1816651344995593,0.0335382766264437,0.9162995554348036,0.9162995554348036,1,O0703.png
0.9999999714285724,0.9999999714285724,0.9999999714285724,0.6850393646847295,0.3845941395624653,0.2858891761684733,0.1322024983528678,0.8590308332201285,0.8590308332201285,0,a1167.png
0.99999997826087,0.99999997826087,0.99999997826087,0.638157890538435,0.3312330288688969,0.2142537812248998,0.0669571686665172,0.8546255468959227,0.8546255468959227,0,y0515.png
0.25,0.25,0.25,0.6861313818530557,0.2656348283830104,0.1223397036488415,0.0186450856467544,0.8237885426264822,0.8237885426264822,1,Y0098.png
0.999999958333335,0.9999999750000008,0.999999966666668,2.399999760000024,0.6060417574437181,0.1865224489453741,0.0778086419729071,0.7929515383570417,0.7929515383570417,0,w0448.png
0.9999999791666672,0.9999999777777784,0.9999999784722228,0.4528301801352796,0.4952499367093776,0.1609996232952934,0.0514369012897897,0.8634361195443343,0.8634361195443343,0,x1044.png
0.9999999777777784,0.9999999777777784,0.9999999777777784,1.8653845795118351,0.2270470216597471,0.150995531872417,0.0440548739551651,0.850220260571717,0.850220260571717,1,H0231.png
0.9999999777777784,0.9999999818181822,0.9999999797979804,4.318181621900835,0.5379188712522046,0.1989699557428517,0.0547577055498234,0.8325991152748937,0.8325991152748937,1,L0054.png
0.9999999756097568,0.9999999772727278,0.9999999764412424,0.3913043456994329,0.3616063014979155,0.1587163111514033,0.0457996924248894,0.8986784101379806,0.8986784101379806,1,ZB1483.png
0.9999999761904768,0.9999999761904768,0.9999999761904768,0.4347826059951391,0.3461824525728658,0.1542053027748511,0.0647386505605805,0.8634361195443343,0.8634361195443343,1,ZB1289.png
0.9999999833333336,0.9999999833333336,0.9999999833333336,3.653846013313615,0.5481660963554397,0.202267385837273,0.0522991689736205,0.8370044015990996,0.8370044015990996,1,L0455.png
0.9999999843750004,0.9999999843750004,0.9999999843750004,0.6571428508843539,0.3974029088448697,0.2072101248241494,0.0621708849993406,0.8942731238137748,0.8942731238137748,1,Q0398.png
0.9999999791666672,0.9999999791666672,0.9999999791666672,0.9999997500000624,0.642096936717295,0.1969041523224087,0.06175161993306,0.806167397329659,0.806167397329659,1,K0129.png
0.9999999772727278,0.9999999767441866,0.9999999770084572,2.9999998000000136,0.4016397828671278,0.1627193781234988,0.074156318478476,0.8149779699780706,0.8149779699780706,0,zc1044.png
0.9999999803921572,0.9999999777777784,0.9999999790849678,0.1764705861591695,0.3910690196078431,0.1464786542252387,0.0318249999992043,0.8810572648411574,0.8810572648411574,1,I0820.png
0.999999972222223,0.999999972222223,0.999999972222223,0.7744360844027363,0.3588532858708569,0.2716207733508342,0.1047459704000201,0.907488982786392,0.907488982786392,1,C0149.png
0.9999999787234048,0.9999999787234048,0.9999999787234048,0.4257425700421527,0.3264621568627451,0.1312939460711449,0.0510249999987243,0.8810572648411574,0.8810572648411574,1,S0492.png
0.999999958333335,0.9999999642857156,0.9999999613095252,0.7121212067263545,0.2613579474342928,0.1383539638838474,0.0404311905828307,0.8281938289506879,0.8281938289506879,0,h0257.png
0.25,0.25,0.25,0.3926701550121981,0.4301937457639781,0.1921034962831724,0.0481620569598376,0.8414096879233054,0.8414096879233054,1,G0344.png
0.25,0.25,0.25,0.1973684184556787,0.4731154901960784,0.1982602099970874,0.0645499999983862,0.8810572648411574,0.8810572648411574,1,N1084.png
0.999999958333335,0.9999999642857156,0.9999999613095252,0.4444444320987658,0.6026336111628898,0.2207338959283278,0.0951222272494589,0.8281938289506879,0.8281938289506879,0,r0103.png
0.25,0.25,0.25,1.833333272222224,0.4457520595043573,0.2007218482166745,0.0674099392342825,0.8458149742475112,0.8458149742475112,1,N0032.png
0.9999999642857156,0.9999999642857156,0.9999999642857156,0.6691729272994517,0.3651635338019339,0.2804054758815245,0.1391983677376789,0.850220260571717,0.850220260571717,0,a0189.png
0.99999997826087,0.99999997826087,0.99999997826087,0.3906249979654948,0.268427426627844,0.124394542771069,0.0453503053403759,0.8678414058685401,0.8678414058685401,1,ZB0519.png
0.25,0.25,0.25,0.5119047558106576,0.4562157272333699,0.1709072551906737,0.0683722288342945,0.9295154144074212,0.9295154144074212,1,R0097.png
0.9999999761904768,0.9999999629629645,0.9999999695767204,0.1063829764599366,0.490182863606372,0.1337992381910479,0.0498868884897283,0.907488982786392,0.907488982786392,0,j0480.png
0.9999999714285724,0.9999999736842112,0.9999999725563918,0.4974358948849441,0.4214976040411263,0.2289347422168028,0.0796000392098911,0.889867837489569,0.889867837489569,0,zb0828.png
0.9999999767441866,0.9999999777777784,0.9999999772609824,2.62499983593751,0.4007515900638044,0.1616810647753884,0.069919071175329,0.8237885426264822,0.8237885426264822,0,zc1074.png
0.25,0.25,0.25,0.2499999951923077,0.4032415344258988,0.1306801720480179,0.0380984736334757,0.8942731238137748,0.8942731238137748,1,X1167.png
0.25,0.25,0.25,0.2567567532870709,0.4542377866274916,0.200680486103863,0.0661346935666742,0.8766519785169516,0.8766519785169516,1,N0095.png
0.9999999545454564,0.9999999795918372,0.9999999670686468,0.6298342506638992,0.3583465469092409,0.201485705103144,0.029478546060869,0.9999999955947136,0.9999999955947136,1,O1359.png
0.9999999791666672,0.9999999767441866,0.9999999779554268,2.56249983984376,0.4111338911746173,0.1660523888759445,0.0717745746670671,0.8105726836538648,0.8105726836538648,0,zc0442.png
0.25,0.25,0.25,0.3854166646592882,0.4333218443627451,0.1891880848080034,0.0489095052070065,0.8458149742475112,0.8458149742475112,1,G0316.png
0.25,0.25,0.25,0.6168831128773824,0.3190814871902122,0.2031610144810499,0.0665994792960275,0.8325991152748937,0.8325991152748937,0,y1475.png
0.9999999705882362,0.9999999696969708,0.9999999701426034,0.2352941130334487,0.4867275804495401,0.1546317065157701,0.0675580577042015,0.8942731238137748,0.8942731238137748,0,v0497.png
0.9999999750000008,0.9999999772727278,0.9999999761363644,0.7538461422485209,0.4648896108081628,0.2282467302315373,0.0470742932269014,0.8590308332201285,0.8590308332201285,1,F0384.png
0.25,0.25,0.25,0.4594594532505479,0.4783167982983198,0.167123202434458,0.0708820484313304,0.8766519785169516,0.8766519785169516,1,R0091.png
0.9999999714285724,0.9999999761904768,0.9999999738095248,0.5302325556733369,0.3997165121943516,0.2250468418996076,0.071998292222399,0.9999999955947136,0.9999999955947136,0,zb1091.png
0.9999999772727278,0.9999999795918372,0.9999999784322824,0.4782608591682422,0.4975584174498201,0.1637063756465608,0.0454437869810534,0.8590308332201285,0.8590308332201285,0,x1349.png
0.25,0.25,0.25,0.6689655126278241,0.2444094564454684,0.1207935534769176,0.0223630164562172,0.850220260571717,0.850220260571717,1,Y1009.png
0.9999999714285724,0.9999999756097568,0.9999999735191644,1.69090906016529,0.468574174958456,0.2271034519858379,0.0968320036970507,0.8193832563022764,0.8193832563022764,0,za0302.png
0.9999999687500012,0.9999999687500012,0.9999999687500012,0.4971751384340387,0.4492131651289699,0.2405180006959956,0.0788734571857333,0.8678414058685401,0.8678414058685401,0,zb0652.png
0.9999999677419364,0.9999999696969708,0.9999999687194536,0.5714285306122479,0.5634197011470664,0.1901948473747141,0.065400783549275,0.8237885426264822,0.8237885426264822,0,w0555.png
0.9999999600000016,0.9999999600000016,0.9999999600000016,0.1794871748849442,0.5617330956114627,0.1846280366026895,0.0500147654957176,0.850220260571717,0.850220260571717,0,d0919.png
0.25,0.25,0.25,0.8559321961361679,0.3208835735058654,0.2122278207975848,0.061440054895073,0.889867837489569,0.889867837489569,1,E0338.png
0.9999999666666678,0.9999999666666678,0.9999999666666678,0.1944444417438272,0.6070071470516621,0.237414214415081,0.0865449232991513,0.8149779699780706,0.8149779699780706,0,n0135.png
0.9999999814814818,0.99999997826087,0.999999979871176,0.3199999872000005,0.41170560060759,0.1741235425345211,0.0266555601825631,0.8634361195443343,0.8634361195443343,0,b0179.png
0.25,0.25,0.25,0.8020833249782987,0.3168131035574552,0.1539932632258572,0.05293637062541,0.8986784101379806,0.8986784101379806,1,A0494.png
0.9999999767441866,0.9999999756097568,0.9999999761769716,0.999999000001,0.4848867063033099,0.1128235997387819,0.0396960357094352,0.8546255468959227,0.8546255468959227,0,k0152.png
0.9999999714285724,0.9999999729729736,0.9999999722007732,1.124999953125002,0.6002747803731012,0.191143575699815,0.0718945475027008,0.850220260571717,0.850220260571717,1,V0538.png
0.9999999772727278,0.9999999772727278,0.9999999772727278,0.9999999787234048,0.3877617084803278,0.1459302674949218,0.0328457216397404,0.8854625511653632,0.8854625511653632,1,W0923.png
0.25,0.25,0.25,0.7999999915789475,0.2938550831832448,0.1372168979311558,0.0591321996965636,0.8854625511653632,0.8854625511653632,1,A1306.png
0.9999999756097568,0.9999999756097568,0.9999999756097568,0.4361233460963729,0.3040939063820525,0.1627951801175311,0.0479535795368054,0.9999999955947136,0.9999999955947136,1,ZB0751.png
0.25,0.25,0.25,0.3529411557093437,0.5063612475620788,0.1514987449210731,0.0418171258290998,0.8766519785169516,0.8766519785169516,0,x0048.png
0.9999999523809546,0.9999999523809546,0.9999999523809546,0.7804877985326195,0.2804536984334042,0.1381571866686148,0.0363202763072196,0.8414096879233054,0.8414096879233054,0,h0171.png
0.25,0.25,0.25,0.6879432575323173,0.2280494895375516,0.1251481865832377,0.0244181103192576,0.8546255468959227,0.8546255468959227,1,Y1211.png
0.25,0.25,0.25,0.3430232538196322,0.4005196894393306,0.1519446293260162,0.0494472931523758,0.8678414058685401,0.8678414058685401,1,ZB0924.png
0.25,0.25,0.25,1.6610169209997132,0.4568474328506913,0.2469977966170623,0.0914202415636344,0.8634361195443343,0.8634361195443343,0,za0956.png
0.9999999767441866,0.9999999767441866,0.9999999767441866,0.6202531606313091,0.311241945757895,0.2038875916018785,0.076738858806832,0.8634361195443343,0.8634361195443343,0,y0667.png
0.25,0.25,0.25,0.5483870790842877,0.4793795614704783,0.180536949395746,0.1451690433992679,0.3480176196122572,0.3480176196122572,0,c0246.png
0.9999999795918372,0.9999999859154932,0.9999999827536652,0.6190476131519275,0.3973307115219385,0.2022915580094448,0.0864376041543368,0.889867837489569,0.889867837489569,1,Q0457.png
0.9999999666666678,0.9999999750000008,0.9999999708333344,0.7163120516573613,0.3104669669063586,0.2241441267989495,0.1065336731666862,0.889867837489569,0.889867837489569,1,C0230.png
0.9999999677419364,0.9999999687500012,0.9999999682459688,2.0652173464083186,0.2359171377741769,0.1494337292595422,0.0538618739661862,0.8325991152748937,0.8325991152748937,1,H0179.png
0.25,0.25,0.25,0.831683160082345,0.2897600389042981,0.1366887219488503,0.0605087736481592,0.889867837489569,0.889867837489569,1,A1160.png
0.9999999795918372,0.99999997826087,0.9999999789263536,1.089285694834184,0.3814326487991646,0.1483228741203841,0.0385009861922813,0.8590308332201285,0.8590308332201285,1,W1101.png
0.9999999750000008,0.9999999714285724,0.9999999732142866,0.4425287330889153,0.4394691550089423,0.2350683838373596,0.0813463140337008,0.8634361195443343,0.8634361195443343,0,zb0505.png
0.99999997826087,0.99999997826087,0.99999997826087,0.1590909072830579,0.3831427197249534,0.1298077894958162,0.0277715898114459,0.8854625511653632,0.8854625511653632,1,I0741.png
0.9999999729729736,0.999999972222223,0.9999999725975984,0.7499998125000469,0.4786050694058046,0.1268245267285964,0.0342225528739977,0.8546255468959227,0.8546255468959227,0,k0410.png
0.9999999756097568,0.9999999800000005,0.9999999778048786,0.432432426588751,0.4151181480801362,0.2195715892735122,0.0675800670578222,0.8193832563022764,0.8193832563022764,1,ZC0473.png
0.25,0.25,0.25,0.6834532324931423,0.2642785291401879,0.124201701927732,0.0277008310241634,0.8370044015990996,0.8370044015990996,1,Y0071.png
0.9999999523809546,0.9999999761904768,0.9999999642857158,0.0983606541252351,0.4841414190899441,0.1361138554108268,0.0483521713254407,0.9030836964621864,0.9030836964621864,0,j0430.png
0.999999981132076,0.9999999761904768,0.9999999786612764,0.4509803892092785,0.4012238882481097,0.2091153070694573,0.0885236447498913,0.8986784101379806,0.8986784101379806,1,Q0261.png
0.9999999666666678,0.9999999750000008,0.9999999708333344,0.7260273922874836,0.3259142303852202,0.2389795364066839,0.1021540396643796,0.9295154144074212,0.9295154144074212,1,C0205.png
0.9999999824561407,0.9999999824561407,0.9999999824561407,4.272727078512405,0.5589380342449338,0.196068988786949,0.0518899954715965,0.8281938289506879,0.8281938289506879,1,L0728.png
0.25,0.25,0.25,0.2391304295841211,0.3961497241371266,0.1426610026239183,0.0474003569292706,0.9030836964621864,0.9030836964621864,1,X1174.png
0.9999999803921572,0.9999999795918372,0.9999999799919972,0.571428568288854,0.3052392425165332,0.1762780541207866,0.0284301035496387,0.9162995554348036,0.9162995554348036,1,O0806.png
0.25,0.25,0.25,0.6493506451340867,0.3949982447462458,0.2017463598521451,0.0597964697846065,0.8766519785169516,0.8766519785169516,0,q0475.png
0.9999999714285724,0.9999999791666672,0.9999999752976196,0.503759394708576,0.4430788278021036,0.2020887198469505,0.0936543795906759,0.8237885426264822,0.8237885426264822,0,u0205.png
0.9999999736842112,0.9999999772727278,0.9999999754784696,2.8124998242187607,0.4077002535126541,0.166893927743433,0.0728122717290632,0.8149779699780706,0.8149779699780706,0,zc0278.png
0.25,0.25,0.25,1.0520833223741322,0.2399642602517604,0.0873734293325428,0.0236380287610792,0.8854625511653632,0.8854625511653632,1,M0043.png
0.25,0.25,0.25,0.2698412655580751,0.3944872216584432,0.1682563884942789,0.0530398572265784,0.9030836964621864,0.9030836964621864,1,B0213.png
0.9999999600000016,0.9999999600000016,0.9999999600000016,0.7499999944852942,0.3758412758682545,0.2906079070833702,0.127666286487717,0.8942731238137748,0.8942731238137748,0,a0493.png
0.25,0.25,0.25,1.0749999731250008,0.4845435112820638,0.2211808205466104,0.0764004581404518,0.8634361195443343,0.8634361195443343,0,p0057.png
0.9999999791666672,0.9999999791666672,0.9999999791666672,0.6322580604370448,0.3188804093065797,0.2065234136248436,0.0635672636384952,0.8634361195443343,0.8634361195443343,0,y0357.png
0.9999999750000008,0.977272705061984,0.9886363400309924,1.732142826211735,0.4431446244905114,0.2320102058104103,0.1063921179063493,0.850220260571717,0.850220260571717,0,za0306.png
0.9999999545454564,0.9999999545454564,0.9999999545454564,0.6466666623555556,0.3972507549092546,0.2031282017653397,0.0627324901673203,0.8546255468959227,0.8546255468959227,0,q0265.png
0.9999999736842112,0.9999999767441866,0.999999975214199,3.0624998085937616,0.3991110333578368,0.1626749101319784,0.0683176527762212,0.8237885426264822,0.8237885426264822,0,zc1678.png
0.9999999687500012,0.9999999687500012,0.9999999687500012,0.7086614117428235,0.3764743738142765,0.2816244915245923,0.128264151874254,0.8854625511653632,0.8854625511653632,0,a0747.png
0.999999958333335,0.9999999705882362,0.9999999644607857,0.4999999687500019,0.5579553674768519,0.1831884264143707,0.0467122395820661,0.8458149742475112,0.8458149742475112,0,d0245.png
0.9999999729729736,0.9999999767441866,0.9999999748585802,0.5614034989227457,0.4179936120540254,0.2256168012566607,0.0609203798375187,0.8149779699780706,0.8149779699780706,1,ZC0847.png
0.25,0.25,0.25,0.6011904726119615,0.3201900621046379,0.2274455780897649,0.0436231741975388,0.889867837489569,0.889867837489569,0,e0837.png
0.9999999545454564,0.9999999545454564,0.9999999545454564,0.9499999881250002,0.5053552321663496,0.251754407992335,0.1182293376400033,0.8766519785169516,0.8766519785169516,1,T0881.png
0.25,0.25,0.25,1.9629628902606333,0.4502582890795206,0.199994144964364,0.062391493053863,0.8458149742475112,0.8458149742475112,1,N0036.png
0.25,0.25,0.25,0.5611111079938272,0.3199577703839108,0.1642337873839146,0.0391873345740812,0.889867837489569,0.889867837489569,1,O0224.png
0.9999999600000016,0.9999999600000016,0.9999999600000016,0.4805194742789679,0.4881149398534924,0.1911636977224727,0.0951686797143073,0.8634361195443343,0.8634361195443343,1,R0065.png
0.999999956521741,0.999999956521741,0.999999956521741,0.7559055058590117,0.271009405379432,0.1403011825645359,0.040678709464086,0.8414096879233054,0.8414096879233054,0,h0101.png
0.9999999791666672,0.9999999803921572,0.9999999797794122,0.6111111073388203,0.3251526960342229,0.2341565682102132,0.0420521013156213,0.8678414058685401,0.8678414058685401,0,e0242.png
0.9999999814814818,0.9999999814814818,0.9999999814814818,2.7727271466942205,0.5397331958349446,0.2018740571396211,0.0512783053308611,0.8149779699780706,0.8149779699780706,1,L0249.png
0.99999997826087,0.9999999761904768,0.9999999772256736,2.7058821937716355,0.3988035413611428,0.164053039188999,0.0690858725742635,0.8370044015990996,0.8370044015990996,0,zc1267.png
0.9999999545454564,0.9999999761904768,0.9999999653679668,0.1839080438631259,0.4423845091608419,0.1427334316607689,0.0539890158929148,0.9999999955947136,0.9999999955947136,1,J0078.png
0.9999999696969708,0.9999999772727278,0.9999999734848491,0.5454545428447151,0.4001143083715661,0.227155637369155,0.0685439267195454,0.9999999955947136,0.9999999955947136,0,zb1063.png
0.9999999655172426,0.9999999655172426,0.9999999655172426,0.7119999943040001,0.3834319526627219,0.2849466082182318,0.1350953320148561,0.8590308332201285,0.8590308332201285,0,a0804.png
0.9999999705882362,0.9999999714285724,0.9999999710084042,1.7142855918367434,0.6145612064270153,0.1753347513589462,0.0654839409704458,0.8458149742475112,0.8458149742475112,1,V0121.png
0.25,0.25,0.25,0.3194444400077161,0.4561267063248911,0.2085549084563498,0.0744086371507593,0.8458149742475112,0.8458149742475112,1,N1162.png
0.9999999736842112,0.9999999756097568,0.999999974646984,0.499999750000125,0.48468507108992,0.1127723119872444,0.0336339464369498,0.8414096879233054,0.8414096879233054,0,k0175.png
0.999999972222223,0.9999999756097568,0.99999997391599,1.0555555438271609,0.3557335142561826,0.1308751211741861,0.025195263289796,0.8325991152748937,0.8325991152748937,1,W0461.png
0.9999999736842112,0.9999999736842112,0.9999999736842112,0.6764705782871974,0.5279732301083698,0.2258281638798173,0.0962359433544295,0.8634361195443343,0.8634361195443343,1,T0379.png
0.9999999677419364,0.9999999655172426,0.9999999666295896,0.2692307640532545,0.4969422727473867,0.157216999025297,0.0722172340975947,0.8942731238137748,0.8942731238137748,0,v0418.png
0.9999999736842112,0.9999999767441866,0.999999975214199,0.5642458069036547,0.3366591100686209,0.2059246557659662,0.0464592460571159,0.8854625511653632,0.8854625511653632,0,o0647.png
0.25,0.25,0.25,1.1067961057592612,0.352363317971719,0.2444859787199428,0.050437617651217,0.9999999955947136,0.9999999955947136,1,E0885.png
0.25,0.25,0.25,2.272727066115721,0.7671734811894579,0.3026750782021563,0.1220010637965902,0.8325991152748937,0.8325991152748937,1,ZA0940.png
0.999999972222223,0.999999972222223,0.999999972222223,0.726315781828255,0.5106746810549544,0.2503589096817843,0.1140955004562265,0.8722466921927459,0.8722466921927459,1,T0763.png
0.999999958333335,0.999999958333335,0.999999958333335,0.394285712032653,0.3758381293201142,0.1614411029776234,0.0590069313803755,0.8678414058685401,0.8678414058685401,1,ZB0317.png
0.25,0.25,0.25,0.5483870790842877,0.5717308626075576,0.1851611335955535,0.0474811350821691,0.8546255468959227,0.8546255468959227,0,d0397.png
0.9999999803921572,0.99999997826087,0.9999999793265136,0.57142856122449,0.4691389554014825,0.1658365617242677,0.0473217132520107,0.8546255468959227,0.8546255468959227,0,x0826.png
0.999999974358975,0.99999997826087,0.9999999763099224,2.8124998242187607,0.4072402377775306,0.1697981285192718,0.0772388941376051,0.8105726836538648,0.8105726836538648,0,zc0150.png
0.999999972222223,0.9999999736842112,0.9999999729532172,0.3782383400091277,0.4660065699578474,0.2466296087909297,0.0878481787550288,0.8722466921927459,0.8722466921927459,0,zb0898.png
0.9999999677419364,0.9999999677419364,0.9999999677419364,0.6929133803707608,0.3741918061756099,0.2784226833566913,0.1302853767851409,0.850220260571717,0.850220260571717,0,a1032.png
0.99999997826087,0.99999997826087,0.99999997826087,0.6282051241781723,0.3187417978368204,0.2113190818514955,0.0709796186700597,0.8590308332201285,0.8590308332201285,0,y1414.png
0.999999956521741,0.9999999714285724,0.9999999639751568,0.8550724513757616,0.5042181542755991,0.2308115699105544,0.1056857638860219,0.8458149742475112,0.8458149742475112,1,T0140.png
0.9999999761904768,0.9999999705882362,0.9999999733893564,0.7205882299956748,0.311462748364652,0.2313569838444386,0.1055289462696395,0.8634361195443343,0.8634361195443343,1,C0023.png
0.9999999767441866,0.9999999777777784,0.9999999772609824,0.9117646924740488,0.3795811181615503,0.1429868415645213,0.0356101624313929,0.8634361195443343,0.8634361195443343,1,W0692.png
0.9999999750000008,0.9999999736842112,0.999999974342106,1.019230749630178,0.3815520085585254,0.1318570394833653,0.0218658892122588,0.8634361195443343,0.8634361195443343,1,W0180.png
0.9999999615384628,0.9999999642857156,0.9999999629120891,0.7421874942016602,0.2615666842868835,0.1354719741308427,0.0403404160006623,0.8325991152748937,0.8325991152748937,0,h0390.png
0.9999999761904768,0.9999999761904768,0.9999999761904768,0.5795454512525827,0.3342480456234781,0.1851738500794314,0.0273452518255635,0.8986784101379806,0.8986784101379806,1,O1237.png
0.9999999756097568,0.9999999756097568,0.9999999756097568,0.6769230665088759,0.4652031716603525,0.2172330433501666,0.0528604794745399,0.850220260571717,0.850220260571717,1,F0173.png
0.999999958333335,0.9999999642857156,0.9999999613095252,0.7175572464308607,0.2557128147773369,0.1378383607730344,0.0468820733350248,0.8281938289506879,0.8281938289506879,0,h0448.png
0.999999958333335,0.9999999714285724,0.9999999648809536,0.4411764576124571,0.6077521954753777,0.2133846350793038,0.0947068336916557,0.8414096879233054,0.8414096879233054,0,r0339.png
0.25,0.25,0.25,0.1451612879812695,0.4588433164800784,0.1601830824388846,0.0503405849123728,0.9999999955947136,0.9999999955947136,1,J0366.png
0.9999999787234048,0.9999999787234048,0.9999999787234048,0.6074766298366671,0.397524183489964,0.2007758437634811,0.0876017011814071,0.9162995554348036,0.9162995554348036,1,Q0552.png
0.999999974358975,0.9999999523809546,0.9999999633699648,0.7499998125000469,0.6630309472465766,0.1973551021748074,0.0615365831305046,0.7973568246812475,0.7973568246812475,1,K0505.png
0.9999999687500012,0.9999999687500012,0.9999999687500012,0.8487394886660548,0.3732449837438502,0.283957469947839,0.1212098710397958,0.8854625511653632,0.8854625511653632,0,a0394.png
0.9999999772727278,0.9999999787234048,0.9999999779980664,0.4352331583666676,0.4519258050880692,0.1953714820929638,0.049236221105285,0.850220260571717,0.850220260571717,1,G0196.png
0.999999981132076,0.9999999807692312,0.9999999809506536,2.111111072016462,0.4306462875083857,0.2185915344708366,0.0408701896011785,0.9999999955947136,0.9999999955947136,1,G0306.png
0.999999958333335,0.9999999696969708,0.9999999640151528,0.1379310321046374,0.5620670717266498,0.1860006540506472,0.0533892128265985,0.8634361195443343,0.8634361195443343,0,d0518.png
0.25,0.25,0.25,0.7205882299956748,0.3630207165048794,0.2787867508556981,0.1223142669264348,0.8590308332201285,0.8590308332201285,0,a0697.png
0.25,0.25,0.25,0.710344822687277,0.2310154319907618,0.0878887675342541,0.0223676383099972,0.9030836964621864,0.9030836964621864,1,M0382.png
0.25,0.25,0.25,0.6838709633298647,0.2290977027364482,0.0876647003282392,0.0241009860509849,0.9295154144074212,0.9295154144074212,1,M0414.png
0.99999997826087,0.9999999756097568,0.9999999769353134,2.74999982812501,0.4086573198767963,0.168754657913395,0.0727138976892056,0.8281938289506879,0.8281938289506879,0,zc0415.png
0.9999999756097568,0.9999999677419364,0.9999999716758464,0.102040814244065,0.4893184495690007,0.1342645177964954,0.0547531231396846,0.9030836964621864,0.9030836964621864,0,j0435.png
0.9999999736842112,0.9999999714285724,0.9999999725563918,0.4999999969512195,0.4487014584751161,0.2375383170390797,0.0823262645241483,0.8678414058685401,0.8678414058685401,0,zb0616.png
0.99999997826087,0.9999999772727278,0.9999999777667988,2.733333151111123,0.4029440582817489,0.1602748049027108,0.071694521427964,0.8325991152748937,0.8325991152748937,0,zc0768.png
0.9999999761904768,0.9999999761904768,0.9999999761904768,0.5999999968421053,0.3550490319747608,0.1972021184126685,0.0289739758188791,0.9999999955947136,0.9999999955947136,1,O1215.png
0.25,0.25,0.25,0.6830985867387424,0.2458366299082117,0.122627821722143,0.025396654943075,0.850220260571717,0.850220260571717,1,Y0767.png
0.9999999787234048,0.9999999787234048,0.9999999787234048,0.6153846114398422,0.3195646834156485,0.199594700525376,0.0796853156415754,0.8414096879233054,0.8414096879233054,0,y0050.png
0.999999972222223,0.9999999767441866,0.9999999744832048,0.7438016467454409,0.3710015638908625,0.2784966419728029,0.1409829237780877,0.8634361195443343,0.8634361195443343,0,a0980.png
0.999999974358975,0.999999956521741,0.999999965440358,0.1153846109467457,0.4925133906118928,0.1126737406337625,0.0425877842208598,0.8942731238137748,0.8942731238137748,0,j0192.png
0.25,0.25,0.25,0.4126984105148232,0.3281531726322119,0.1549643678145482,0.0627319190631582,0.911894269110598,0.911894269110598,1,ZB0894.png
0.999999974358975,0.9999999736842112,0.9999999740215932,0.9552238663399424,0.4203329519713082,0.2360874098409383,0.0477202678274067,0.8546255468959227,0.8546255468959227,1,F0234.png
0.9999999705882362,0.9999999787234048,0.9999999746558204,0.5024875596891166,0.4161887858531943,0.2286304734357915,0.0791812083839711,0.8854625511653632,0.8854625511653632,0,zb1219.png
0.25,0.25,0.25,0.7884615308801776,0.3032932329736628,0.1588042172061276,0.0632627588742773,0.9162995554348036,0.9162995554348036,1,A0917.png
0.999999974358975,0.9999999767441866,0.9999999755515808,0.4545454486422669,0.41197783933518,0.2192345436450742,0.0656786703582914,0.8370044015990996,0.8370044015990996,1,ZC1109.png
0.9999999615384628,0.9999999750000008,0.9999999682692318,1.8431372187620156,0.2331758891877258,0.155054722935577,0.0632922136695537,0.8281938289506879,0.8281938289506879,1,H0470.png
0.25,0.25,0.25,0.311111104197531,0.4902394669904792,0.153824467533826,0.0371772975907235,0.8854625511653632,0.8854625511653632,0,x0785.png
0.25,0.25,0.25,1.3061224223240322,0.472231111874991,0.2330293824355589,0.1049817384921846,0.8149779699780706,0.8149779699780706,0,za1007.png
0.25,0.25,0.25,0.7062937013545895,0.2402457659860336,0.0780480161686081,0.0198509950000036,0.889867837489569,0.889867837489569,1,M0201.png
0.25,0.25,0.25,0.5925925706447196,0.5590648087219029,0.1880015404872675,0.0428524532197961,0.8766519785169516,0.8766519785169516,0,d0092.png
0.25,0.25,0.25,0.3636363526170802,0.5577897485524823,0.1825274330953843,0.052972719698746,0.8634361195443343,0.8634361195443343,0,d0099.png
0.9999999787234048,0.9999999772727278,0.9999999779980664,0.3513513418553691,0.4027617382945778,0.1630311398206717,0.0717423979630089,0.8193832563022764,0.8193832563022764,0,zc1441.png
0.999999974358975,0.9999999868421054,0.9999999806005402,0.5964912245819227,0.3324335097360744,0.2313753966794475,0.0427720107640625,0.8986784101379806,0.8986784101379806,0,e0714.png
0.99999997826087,0.99999997826087,0.99999997826087,0.6134969287515526,0.2936067647058824,0.2047499277768731,0.0732249999981693,0.8810572648411574,0.8810572648411574,0,y1212.png
0.9999999666666678,0.9999999666666678,0.9999999666666678,0.5026177984156136,0.2510724088983199,0.1354046901970447,0.0451193772088177,0.8414096879233054,0.8414096879233054,0,h0548.png
0.9999999761904768,0.9999999761904768,0.9999999761904768,1.1206896358501788,0.6150379813184329,0.3610295532620464,0.1461330476444716,0.8722466921927459,0.8722466921927459,1,ZA0319.png
0.9999999687500012,0.9999999687500012,0.9999999687500012,0.9661016867279518,0.350741919931628,0.2400958458876934,0.0551145956635076,0.9999999955947136,0.9999999955947136,1,E0832.png
0.9999999677419364,0.9999999761904768,0.9999999719662068,2.486486419284151,0.4470384480944577,0.1831096576536976,0.0379527606068275,0.806167397329659,0.806167397329659,0,l0023.png
0.9999999772727278,0.9999999772727278,0.9999999772727278,1.1866666508444448,0.4240386086507025,0.2017269472030448,0.0976743011515448,0.8766519785169516,0.8766519785169516,1,P0148.png
0.25,0.25,0.25,0.6953124945678711,0.4056668977559076,0.3019418270676021,0.1179360519713835,0.850220260571717,0.850220260571717,0,a0447.png
0.9999999772727278,0.999999972222223,0.9999999747474756,0.0810810788897005,0.5105949628413907,0.1332133855771847,0.0537279668193579,0.907488982786392,0.907488982786392,0,j0057.png
0.9999999756097568,0.98039213763937,0.9901960566245632,0.2291666618923612,0.378063725490196,0.1346175045266788,0.0459249999988518,0.8810572648411574,0.8810572648411574,1,X0274.png
0.9999999777777784,0.9999999777777784,0.9999999777777784,0.7043478199621929,0.4500573085010388,0.1898714865912213,0.04216707407689,0.8546255468959227,0.8546255468959227,1,G0109.png
0.99999997826087,0.9999999791666672,0.9999999787137686,0.3095238021541952,0.5080233985399878,0.1608770549276199,0.0467105962364036,0.8546255468959227,0.8546255468959227,0,x0211.png
0.9999999545454564,0.9999999777777784,0.9999999661616176,0.2093023231476474,0.3698731335578226,0.1175369735690044,0.0246062753276078,0.8942731238137748,0.8942731238137748,1,I1247.png
0.9999999777777784,0.9999999777777784,0.9999999777777784,0.6346153805473373,0.3166347607867388,0.2082879632067414,0.076245200853507,0.8678414058685401,0.8678414058685401,0,y0430.png
0.9999999800000005,0.9999999800000005,0.9999999800000005,0.781512598474684,0.3487420057628786,0.1923229871851631,0.0356688634513912,0.8193832563022764,0.8193832563022764,0,l0323.png
0.9999999787234048,0.9999999787234048,0.9999999787234048,0.9999996666667778,0.4851618072126163,0.1266990824353674,0.0367795108583645,0.850220260571717,0.850220260571717,0,k0450.png
0.25,0.25,0.25,0.2644628077317123,0.3914695579282626,0.1324397926736396,0.0472400775419028,0.8722466921927459,0.8722466921927459,1,X0845.png
0.9999999736842112,0.99999997826087,0.9999999759725406,0.56363635338843,0.4139896589753505,0.2193913493023499,0.0687801314808245,0.8149779699780706,0.8149779699780706,1,ZC0757.png
0.9999999795918372,0.999999972222223,0.9999999759070302,0.5941176435640139,0.4289175826747474,0.2206417759180339,0.0652448135988425,0.9999999955947136,0.9999999955947136,0,zb0601.png
0.9770114830228566,0.9770114830228566,0.9770114830228566,0.3389830489322991,0.481324545676456,0.2571690453068287,0.0891896669253506,0.8766519785169516,0.8766519785169516,0,zb1128.png
0.999999974358975,0.9999999756097568,0.999999974984366,0.3815789423476455,0.4085001357883874,0.2155669993285618,0.067645429361007,0.8370044015990996,0.8370044015990996,1,ZC0529.png
0.9999999750000008,0.9999999767441866,0.9999999758720935,2.933333137777791,0.4024458671708274,0.1625497584042184,0.0743900657392435,0.8149779699780706,0.8149779699780706,0,zc0781.png
0.25,0.25,0.25,0.224489791336943,0.4164307717096888,0.1370461687613589,0.0465582535074241,0.8854625511653632,0.8854625511653632,1,X1750.png
0.999999956521741,0.999999958333335,0.999999957427538,0.6249999609375024,0.4648669566994257,0.1520730717604197,0.0532515670776989,0.9999999955947136,0.9999999955947136,1,J0074.png
0.9999999545454564,0.9999999687500012,0.9999999616477288,0.5170454516076963,0.4529346902014259,0.2388790295791086,0.080326254385487,0.8766519785169516,0.8766519785169516,0,zb0352.png
0.9999999750000008,0.9999999767441866,0.9999999758720935,0.4189189132578525,0.4154410152633789,0.2230359613448893,0.0658011381490519,0.8237885426264822,0.8237885426264822,1,ZC0792.png
0.25,0.25,0.25,0.1940298478503007,0.4252244570967954,0.1266788300283663,0.0509330572447429,0.8766519785169516,0.8766519785169516,1,J0223.png
0.25,0.25,0.25,0.4262295047030368,0.4069915322763233,0.2132831830483248,0.0674571600444903,0.9999999955947136,0.9999999955947136,0,m0433.png
0.25,0.25,0.25,2.454545231404979,0.7652221865693182,0.2993294625072491,0.1260930347269512,0.8414096879233054,0.8414096879233054,1,ZA0741.png
0.9999999772727278,0.9999999777777784,0.999999977525253,0.5333333244444446,0.415628528503308,0.2214548511042062,0.0550656476566987,0.8325991152748937,0.8325991152748937,1,ZC0730.png
0.25,0.25,0.25,0.4225352053164056,0.3712280805896851,0.1696090321301679,0.0552698480456583,0.9999999955947136,0.9999999955947136,0,m0036.png
0.9999999795918372,0.99999997826087,0.9999999789263536,0.6193548347138398,0.3086751302083333,0.2104125097993148,0.0750596788174083,0.8458149742475112,0.8458149742475112,0,y1167.png
0.9999999777777784,0.9999999756097568,0.9999999766937676,0.4459459399196495,0.412789590711794,0.2199105347579264,0.0683001358061255,0.8281938289506879,0.8281938289506879,1,ZC1182.png
0.9999999756097568,0.9999999756097568,0.9999999756097568,0.6899224752719189,0.3755635008226669,0.2820239834687235,0.1352238579799696,0.8766519785169516,0.8766519785169516,0,a1132.png
0.25,0.25,0.25,0.2452830142399431,0.4017934612331356,0.1325641641347672,0.0426918929506251,0.889867837489569,0.889867837489569,1,X1150.png
0.9999999705882362,0.9999999666666678,0.999999968627452,0.4491978585604392,0.4459908986605819,0.2386253358510884,0.0894411571311126,0.8590308332201285,0.8590308332201285,0,zb0140.png
0.9999999523809546,0.9999999523809546,0.9999999523809546,0.6490066182184993,0.3961705276456407,0.2041272377156287,0.0672452333973111,0.8590308332201285,0.8590308332201285,0,q0335.png
0.9999999772727278,0.9999999772727278,0.9999999772727278,0.5755813920024337,0.3282695190472798,0.1764193634893994,0.0390888711371308,0.8678414058685401,0.8678414058685401,1,O1302.png
0.25,0.25,0.25,0.7037036993598538,0.2343863478361128,0.1048709410403328,0.0248597876918849,0.9999999955947136,0.9999999955947136,1,M0607.png
0.9999999696969708,0.999999972222223,0.9999999709595968,0.4999999975,0.4254640196078431,0.232389528200587,0.07759999999806,0.8810572648411574,0.8810572648411574,0,zb0878.png
0.9999999761904768,0.9999999767441866,0.9999999764673316,0.8252427104345368,0.3821932555813367,0.1523420135795957,0.0344014692570269,0.8414096879233054,0.8414096879233054,1,W0747.png
0.9999999777777784,0.9999999777777784,0.9999999777777784,0.808695645141777,0.3041711724578836,0.1986243782613641,0.0711642964483997,0.8193832563022764,0.8193832563022764,0,y0347.png
0.9999999791666672,0.9999999791666672,0.9999999791666672,0.6024096349252431,0.3428800980392157,0.1918932505498909,0.0346749999991331,0.8810572648411574,0.8810572648411574,1,O1260.png
0.999999958333335,0.9999999642857156,0.9999999613095252,0.1506849294426722,0.5909307734146906,0.2328108592666653,0.0795514932490288,0.8546255468959227,0.8546255468959227,0,n0386.png
0.9999999545454564,0.9999999714285724,0.9999999629870144,0.9565216975425348,0.5991650643636955,0.1847401550274411,0.0704432132944475,0.8370044015990996,0.8370044015990996,1,V0570.png
0.999999958333335,0.999999958333335,0.999999958333335,0.2660098509063554,0.3674603729720188,0.162354343942601,0.0413016574039335,0.8942731238137748,0.8942731238137748,1,U0384.png
0.9999999729729736,0.9999999629629645,0.999999967967969,0.1785714221938777,0.4881582624721512,0.1634662493697315,0.0718143961910335,0.9030836964621864,0.9030836964621864,0,v0627.png
0.25,0.25,0.25,0.2786885200214997,0.3940518134515839,0.1683395281794623,0.0563915302407511,0.889867837489569,0.889867837489569,1,B0216.png
0.9999999642857156,0.9999999642857156,0.9999999642857156,0.1206896530915577,0.551027801916813,0.1854984226996098,0.0485970878932777,0.8546255468959227,0.8546255468959227,0,d0573.png
0.9999999750000008,0.9999999750000008,0.9999999750000008,0.3333333287037038,0.3711722987067167,0.1588932646299401,0.0519182888170009,0.8281938289506879,0.8281938289506879,0,m0143.png
0.9999999795918372,0.9999999795918372,0.9999999795918372,0.5939393903397613,0.2872694996365893,0.1959840034931977,0.074448146603643,0.8634361195443343,0.8634361195443343,0,y1230.png
0.9999999696969708,0.9999999729729736,0.9999999713349722,0.1896551691438764,0.488924454875781,0.1790664064785231,0.0704651749486606,0.9999999955947136,0.9999999955947136,0,v0287.png
0.25,0.25,0.25,0.3846153825021133,0.386086583506968,0.1684579924049165,0.0715617349100073,0.9295154144074212,0.9295154144074212,1,ZB1116.png
0.9999999615384628,0.9999999807692312,0.999999971153847,0.5024875596891166,0.3290280623028648,0.1735070896819651,0.0423256850067492,0.8854625511653632,0.8854625511653632,1,U0135.png
0.999999974358975,0.999999972222223,0.9999999732905992,0.4891304321242911,0.456850941580591,0.2445444409446439,0.0831292725210915,0.8722466921927459,0.8722466921927459,0,zb0227.png
0.999999972222223,0.9999999729729736,0.9999999725975984,0.6666664444445185,0.4837145954568884,0.1142251390437874,0.0369507414808543,0.8414096879233054,0.8414096879233054,0,k0094.png
0.25,0.25,0.25,0.6821192007806676,0.2276517945667261,0.0859713515209025,0.0218441403921036,0.9030836964621864,0.9030836964621864,1,M0462.png
0.9999999696969708,0.9999999767441866,0.9999999732205788,0.3243243199415632,0.3763298176413422,0.1659943091776811,0.0587775926681909,0.8634361195443343,0.8634361195443343,0,m0144.png
0.25,0.25,0.25,1.0789473400277017,0.4914817793436819,0.2209461054404294,0.0719129774286048,0.8458149742475112,0.8458149742475112,0,p0143.png
0.9999999545454564,0.999999974358975,0.9999999644522156,0.799999840000032,0.6129112339492219,0.1882919553264719,0.0596613813473181,0.806167397329659,0.806167397329659,1,K0029.png
0.25,0.25,0.25,0.18749999765625,0.4838236735729484,0.1888668018727535,0.0562935006358128,0.889867837489569,0.889867837489569,1,N1041.png
0.9999999687500012,0.999999972222223,0.999999970486112,0.3695652093572781,0.4951955756661639,0.1618004278510486,0.0476265614714628,0.8590308332201285,0.8590308332201285,0,x1407.png
0.9999999814814818,0.9999999795918372,0.9999999805366596,4.272727078512405,0.5425946883959559,0.1974696861653296,0.0469386600258335,0.8281938289506879,0.8281938289506879,1,L0683.png
0.9999999761904768,0.9999999761904768,0.9999999761904768,0.939393925160698,0.425976957402199,0.2260119690796938,0.0526725549665045,0.850220260571717,0.850220260571717,1,F0052.png
0.999999958333335,0.999999958333335,0.999999958333335,0.7799999922,0.3158541017834855,0.1568578358069015,0.0564187983329823,0.9030836964621864,0.9030836964621864,1,A0399.png
0.25,0.25,0.25,0.5688073342311254,0.3955790479457088,0.2051965237752764,0.0702051228636452,0.8634361195443343,0.8634361195443343,0,q0158.png
0.25,0.25,0.25,0.8235293996539794,0.5144861370143375,0.2311364291547882,0.1139359445860577,0.850220260571717,0.850220260571717,1,T0319.png
0.9999999687500012,0.999999974358975,0.999999971554488,0.7121212013314969,0.4666218013913287,0.2266136324736103,0.0421551701913949,0.8678414058685401,0.8678414058685401,1,F0300.png
0.9999999777777784,0.9999999800000005,0.9999999788888894,0.5975609719660916,0.3067865921878955,0.2059514861090223,0.0705435235300254,0.8634361195443343,0.8634361195443343,0,y0955.png
0.9999999750000008,0.9999999642857156,0.999999969642858,0.2399999904000003,0.499558207158603,0.1608784230171559,0.0670303254422376,0.9162995554348036,0.9162995554348036,0,v0752.png
0.25,0.25,0.25,2.499999875000006,0.4652213946803211,0.1995315653374114,0.062499999998373,0.8634361195443343,0.8634361195443343,1,N0482.png
0.25,0.25,0.25,0.6796874946899415,0.3897899976317057,0.2847120971141146,0.1305966264022647,0.8634361195443343,0.8634361195443343,0,a0845.png
0.9999999696969708,0.9999999761904768,0.9999999729437238,0.4127906952744727,0.3453286305632562,0.1526226978623547,0.0503233785964512,0.8678414058685401,0.8678414058685401,1,ZB1456.png
0.9999999629629645,0.9999999705882362,0.9999999667756004,0.7352941122404845,0.3412509388998396,0.2557954229326745,0.1071690108808573,0.8766519785169516,0.8766519785169516,1,C0164.png
0.9999999736842112,0.9999999795918372,0.9999999766380244,0.4452554712025148,0.4460046234402852,0.2103698334123981,0.0906508264433545,0.7753303930602186,0.7753303930602186,0,u0262.png
0.25,0.25,0.25,0.6713286666340653,0.2409986181364352,0.1189415497359053,0.0259587182361788,0.8414096879233054,0.8414096879233054,1,Y1104.png
0.9999999777777784,0.9999999791666672,0.9999999784722228,0.7067669119791962,0.3355221627671343,0.2257298073542057,0.066916411677002,0.8237885426264822,0.8237885426264822,0,c0005.png
0.9999999736842112,0.9999999523809546,0.999999963032583,0.6666666222222252,0.4890891441674381,0.1686335130136805,0.0559684837653366,0.9999999955947136,0.9999999955947136,0,v0329.png
0.9999999750000008,0.9999999750000008,0.9999999750000008,0.2833333286111112,0.3883277010712703,0.1625177826992342,0.0592064552842947,0.8854625511653632,0.8854625511653632,1,B0277.png
0.25,0.25,0.25,1.157894706371192,0.4877195176082974,0.2220334802006578,0.0788872356233689,0.8546255468959227,0.8546255468959227,0,p0243.png
0.9999999545454564,0.9999999803921572,0.9999999674688068,0.2999999900000003,0.4313874351429662,0.1864523464082212,0.0291547808892622,0.9295154144074212,0.9295154144074212,0,b0329.png
0.9999999642857156,0.9999999523809546,0.999999958333335,0.7651006660060358,0.4519291820825052,0.324639636231508,0.0618098546437576,0.9999999955947136,0.9999999955947136,0,c0186.png
0.9999999714285724,0.9999999705882362,0.9999999710084042,0.487499996953125,0.4515929841324285,0.223503405917199,0.0735110370659748,0.8634361195443343,0.8634361195443343,0,zb0268.png
0.25,0.25,0.25,2.199999853333343,0.5816776236656439,0.2356725589550604,0.0822035490863592,0.850220260571717,0.850220260571717,0,n0394.png
0.25,0.25,0.25,0.6666666481481487,0.5583225890182462,0.1852298966957639,0.0500759548597527,0.8458149742475112,0.8458149742475112,0,d0114.png
0.9999999714285724,0.9999999787234048,0.9999999750759884,2.181818132231406,0.4502963938789517,0.2036175962472914,0.0569063348028588,0.8414096879233054,0.8414096879233054,0,g0051.png
0.25,0.25,0.25,0.5755813920024337,0.2382701044911383,0.1194767727116584,0.0171921232522907,0.8722466921927459,0.8722466921927459,1,Y0131.png
0.25,0.25,0.25,0.7604166587456598,0.29409385632969,0.144545734341823,0.0645490062834684,0.8942731238137748,0.8942731238137748,1,A0965.png
0.9999999777777784,0.9999999761904768,0.9999999769841276,0.5483870938258758,0.3076726711445824,0.1868721631448485,0.0378460207603362,0.8986784101379806,0.8986784101379806,0,o0099.png
0.25,0.25,0.25,0.6736111064332562,0.2401750305819001,0.1226807182424627,0.0260920395359206,0.8546255468959227,0.8546255468959227,1,Y1111.png
0.9999999756097568,0.9999999750000008,0.9999999753048788,1.378378359751644,0.3861732101529578,0.1502599287152168,0.0351787773924649,0.8986784101379806,0.8986784101379806,1,W0680.png
0.9999999696969708,0.999999974358975,0.9999999720279727,0.437499997265625,0.4357450866511095,0.2317324331399665,0.0786091260301858,0.8766519785169516,0.8766519785169516,0,zb0190.png
0.9999999756097568,0.9999999787234048,0.9999999771665808,0.432432426588751,0.4132718505369543,0.220615992301028,0.0620013874418429,0.8193832563022764,0.8193832563022764,1,ZC0235.png
0.9999999666666678,0.9999999705882362,0.999999968627452,0.7499998125000469,0.6764337043995733,0.1948640295909008,0.0656482767306638,0.7841409657086301,0.7841409657086301,1,K0603.png
0.99999997826087,0.9999999756097568,0.9999999769353134,0.8318583997180673,0.3285372646585014,0.2046697579072252,0.0727501501308945,0.8237885426264822,0.8237885426264822,0,y0366.png
0.25,0.25,0.25,0.7525773118290999,0.3088045887328403,0.1441492588641153,0.050485390233312,0.8986784101379806,0.8986784101379806,1,A0312.png
0.999999956521741,0.9999999800000005,0.9999999682608708,0.5714285597667641,0.473209311159306,0.164373226626184,0.0505864897385127,0.8325991152748937,0.8325991152748937,0,x0828.png
0.9999999756097568,0.9999999756097568,0.9999999756097568,1.4705882064590547,0.4616201805036964,0.2167610637201211,0.1015724361168466,0.8193832563022764,0.8193832563022764,0,za0075.png
0.9999999666666678,0.9999999666666678,0.9999999666666678,0.7073170674201864,0.406366446533344,0.3065256363386165,0.1376471253922123,0.8281938289506879,0.8281938289506879,0,a0331.png
0.25,0.25,0.25,1.2631578781163435,0.4378974604561816,0.2190707966102554,0.0688303500433422,0.8414096879233054,0.8414096879233054,1,N0255.png
0.9999999767441866,0.99999997826087,0.9999999775025284,2.68749983203126,0.4066088600524212,0.1661498762754796,0.0702410518606211,0.8149779699780706,0.8149779699780706,0,zc0711.png
0.25,0.25,0.25,0.6830985867387424,0.2423132296221664,0.1238312264200793,0.0264973556329969,0.850220260571717,0.850220260571717,1,Y1027.png
0.25,0.25,0.25,0.8674698690666282,0.5175749543094951,0.2437068185249975,0.1070517589513484,0.8546255468959227,0.8546255468959227,1,T0524.png
0.9999999800000005,0.9999999800000005,0.9999999800000005,0.5514705841803633,0.3859869562960955,0.2080235049191929,0.0846485638642131,0.889867837489569,0.889867837489569,1,Q0102.png
0.25,0.25,0.25,0.6470587854671302,0.4328174753973766,0.1638650073078851,0.0842058364704375,0.2951541837217877,0.2951541837217877,0,i1034.png
0.25,0.25,0.25,0.4033149148988126,0.3549276582934378,0.1524319998198049,0.0365899851004623,0.8766519785169516,0.8766519785169516,1,ZB1341.png
0.9999999666666678,0.9999999666666678,0.9999999666666678,0.672131142031712,0.3931486611265005,0.2904313204665582,0.1477285318518634,0.8370044015990996,0.8370044015990996,0,a0178.png
0.9999999791666672,0.9999999791666672,0.9999999791666672,0.4799999904000002,0.4738914858177585,0.1599279550540372,0.0446259696816253,0.8414096879233054,0.8414096879233054,0,x1129.png
0.9999999750000008,0.9999999772727278,0.9999999761363644,0.1999999971428571,0.4238862692327988,0.1317615353615849,0.052744136869167,0.8986784101379806,0.8986784101379806,1,J0346.png
0.9999999655172426,0.9999999655172426,0.9999999655172426,0.4189189132578525,0.4784390611454855,0.1704780637142837,0.0894275071049547,0.889867837489569,0.889867837489569,1,R0042.png
0.9999999666666678,0.9999999666666678,0.9999999666666678,0.4885057443189325,0.3450028431372549,0.1849743494889183,0.0404499999989887,0.8810572648411574,0.8810572648411574,1,O0820.png
0.25,0.25,0.25,0.2222222172839507,0.4283784992262255,0.1335068356404327,0.044834960961508,0.8678414058685401,0.8678414058685401,1,X0197.png
0.999999956521741,0.9999999736842112,0.9999999651029762,0.7499998125000469,0.6050460044849758,0.1853549788307763,0.0482619936784365,0.7797356793844243,0.7797356793844243,1,K0081.png
0.9999999767441866,0.9999999756097568,0.9999999761769716,0.5614034989227457,0.4171065828463429,0.2227287804928085,0.075397891842832,0.806167397329659,0.806167397329659,1,ZC0559.png
0.25,0.25,0.25,1.745454513719009,0.4540235864311002,0.203655597711688,0.0966254340251566,0.8458149742475112,0.8458149742475112,1,P0199.png
0.9999999677419364,0.9999999677419364,0.9999999677419364,1.2837837664353546,0.4350466661287285,0.2193101146767008,0.0711906161621681,0.8325991152748937,0.8325991152748937,1,N0261.png
0.9999999756097568,0.999999974358975,0.999999974984366,0.6769230665088759,0.465833571168661,0.2125712681274975,0.046599599790395,0.8414096879233054,0.8414096879233054,1,F0180.png
0.9999999772727278,0.9999999761904768,0.9999999767316023,0.4268292656900654,0.3834948265020294,0.1662304820968378,0.0641659725097832,0.8634361195443343,0.8634361195443343,1,ZB0365.png
0.25,0.25,0.25,1.0957446691942057,0.2433927517467427,0.0799051044671438,0.0201784651988059,0.9030836964621864,0.9030836964621864,1,M0087.png
0.9999999687500012,0.9999999687500012,0.9999999687500012,0.6094674520149855,0.3473446944512486,0.1871652162325315,0.0395478881608673,0.9030836964621864,0.9030836964621864,1,O0165.png
0.999999958333335,0.999999958333335,0.999999958333335,0.7119999943040001,0.4372571382893229,0.3161657371922495,0.1228372442883147,0.8942731238137748,0.8942731238137748,0,a0295.png
0.9999999629629645,0.9999999772727278,0.999999970117846,0.2073170706424747,0.476813397268781,0.1819444295923321,0.0580029758726218,0.8546255468959227,0.8546255468959227,1,N0290.png
0.999999974358975,0.9999999767441866,0.9999999755515808,0.3376623332771126,0.3589776470588235,0.1483255797001554,0.0412999999989675,0.8810572648411574,0.8810572648411574,0,m0266.png
0.9999999777777784,0.9999999777777784,0.9999999777777784,0.639240502283288,0.3139470921657443,0.2171652381857057,0.0767060221262665,0.8854625511653632,0.8854625511653632,0,y0963.png
0.25,0.25,0.25,1.095238077853364,0.4220059072516224,0.1963138232956642,0.0708743858876513,0.850220260571717,0.850220260571717,1,P0415.png
0.9999999666666678,0.9999999629629645,0.999999964814816,0.9999996666667778,0.6756391167933732,0.1949617417678268,0.0687244468003893,0.7885462520328359,0.7885462520328359,1,K0608.png
0.9999999545454564,0.9999999545454564,0.9999999545454564,0.6470587854671302,0.6237962087882245,0.2367903137693638,0.0902493074767244,0.8370044015990996,0.8370044015990996,0,n0232.png
0.9999999846153848,0.9999999846153848,0.9999999846153848,0.7708333253038195,0.3008206374107313,0.145501302249962,0.0596228979092037,0.8942731238137748,0.8942731238137748,1,A0877.png
0.9999999767441866,0.9999999767441866,0.9999999767441866,0.3048780450624628,0.4615080694340659,0.1927488354939966,0.057280527711168,0.8678414058685401,0.8678414058685401,1,D0133.png
0.9999999800000005,0.9999999803921572,0.9999999801960788,2.95454532024794,0.5357853905812527,0.1994898198838046,0.0500635911651617,0.8193832563022764,0.8193832563022764,1,L0245.png
0.25,0.25,0.25,0.4999999974747475,0.3859767210628767,0.200991513883646,0.0678757269649047,0.8722466921927459,0.8722466921927459,0,q0320.png
0.99999997826087,0.99999997826087,0.99999997826087,0.5690607703366808,0.2977704834408077,0.2138027335995268,0.0431473277395808,0.907488982786392,0.907488982786392,0,e0633.png
0.9999999696969708,0.9999999696969708,0.9999999696969708,1.0833332881944462,0.6139064135949959,0.1868828326525102,0.06357217643256,0.850220260571717,0.850220260571717,1,V0230.png
0.9999999615384628,0.9999999629629645,0.9999999622507136,0.4166666641865079,0.333067857473922,0.149325142139775,0.0607410707640716,0.8854625511653632,0.8854625511653632,1,ZB0390.png
0.9999999687500012,0.9999999714285724,0.9999999700892868,0.4999999973958333,0.3714984170751634,0.1595474239398268,0.0423448350682957,0.8458149742475112,0.8458149742475112,1,U0401.png
0.9999999772727278,0.99999997826087,0.9999999777667988,0.2499999955357143,0.4043652006435355,0.1355979062739478,0.047911969413589,0.889867837489569,0.889867837489569,1,X1640.png
0.25,0.25,0.25,0.8660714208386481,0.3084747811336247,0.2125532927668051,0.0641672866387456,0.8546255468959227,0.8546255468959227,1,E0060.png
0.25,0.25,0.25,0.6187499961328126,0.3167168116956901,0.2097548442844045,0.0747507021547901,0.8678414058685401,0.8678414058685401,0,y0921.png
0.999999985294118,0.9999999772727278,0.9999999812834228,0.6666666419753096,0.408865359181246,0.1634004934124503,0.0619624264355488,0.8281938289506879,0.8281938289506879,0,zc1045.png
0.9999999705882362,0.9999999736842112,0.9999999721362238,0.4031413591458567,0.442333157752897,0.2349480887267431,0.0804352353165234,0.8634361195443343,0.8634361195443343,0,zb1240.png
0.9999999777777784,0.9999999777777784,0.9999999777777784,0.5664739851648902,0.3101925464063176,0.1765036570151451,0.033059142023296,0.8634361195443343,0.8634361195443343,1,O0150.png
0.9999999642857156,0.9999999642857156,0.9999999642857156,0.7656249880371095,0.5451189959490741,0.2356100560739153,0.1105957031219999,0.8458149742475112,0.8458149742475112,1,T0411.png
0.9999999846153848,0.9999999846153848,0.9999999846153848,0.8749999908854168,0.4136303064915286,0.2027618582653901,0.0944245451952487,0.907488982786392,0.907488982786392,1,P0008.png
0.25,0.25,0.25,0.2352941130334487,0.4090254207286308,0.135718457967272,0.0497967223037348,0.8766519785169516,0.8766519785169516,1,X1249.png
0.9999999807692312,0.9999999821428576,0.9999999814560444,3.958333168402784,0.5390755479146392,0.1989468223555574,0.0455754318175421,0.8325991152748937,0.8325991152748937,1,L0445.png
0.9999999750000008,0.9999999772727278,0.9999999761363644,0.4034090886169938,0.3442251873049459,0.1537519480611553,0.0480558633294324,0.8678414058685401,0.8678414058685401,1,ZB1501.png
0.999999974358975,0.9999999655172426,0.9999999699381088,0.799999840000032,0.622545301676465,0.1896495129455213,0.0573023978005523,0.806167397329659,0.806167397329659,1,K0046.png
0.9999999777777784,0.9999999777777784,0.9999999777777784,0.6751592313684126,0.2114262888057673,0.0860953187813132,0.0188450394191764,0.9295154144074212,0.9295154144074212,1,M0721.png
0.25,0.25,0.25,1.2058823174740496,0.7254110755590856,0.3105766550394623,0.0913190239353933,0.8678414058685401,0.8678414058685401,1,ZA0864.png
0.9999999655172426,0.99999997826087,0.9999999718890564,1.0624999335937542,0.6046632448281682,0.2494688203026144,0.0862737804207069,0.8546255468959227,0.8546255468959227,0,n0157.png
0.25,0.25,0.25,0.7425742500735223,0.3170364705882353,0.1711301290508876,0.0573749999985656,0.8810572648411574,0.8810572648411574,1,A0696.png
0.25,0.25,0.25,4.57142791836744,0.6146140549883865,0.2002902781221182,0.0979491888557813,0.8722466921927459,0.8722466921927459,0,r0487.png
0.9999999761904768,0.9999999736842112,0.999999974937344,0.4189189132578525,0.4126959137197611,0.2196807943551025,0.0681081081061181,0.8149779699780706,0.8149779699780706,1,ZC1015.png
0.25,0.25,0.25,0.5777777745679012,0.327237426035503,0.1822455238850678,0.0318740754430502,0.9162995554348036,0.9162995554348036,1,O1282.png
0.9999999615384628,0.9999999615384628,0.9999999615384628,0.5987654284026825,0.3186906987260841,0.2264407707050712,0.0456477840353478,0.8546255468959227,0.8546255468959227,0,e0376.png
0.999999974358975,0.999999974358975,0.999999974358975,0.2777777700617286,0.485979045693363,0.1563579534782798,0.0483135355188664,0.8678414058685401,0.8678414058685401,0,x0796.png
0.999999974358975,0.9999999833333336,0.9999999788461544,1.333332888889037,0.6681132897603486,0.195450506349836,0.0652469135782331,0.7929515383570417,0.7929515383570417,1,K0244.png
0.25,0.25,0.25,0.7468354335843617,0.3844962322698327,0.1444431976850949,0.0256054140040502,0.8766519785169516,0.8766519785169516,1,W1176.png
0.9999999729729736,0.9999999772727278,0.9999999751228508,2.8124998242187607,0.3977739630823974,0.1625978999472865,0.0692048676728141,0.8105726836538648,0.8105726836538648,0,zc1354.png
0.9999999777777784,0.9999999777777784,0.9999999777777784,0.4319526601659606,0.3467674615820717,0.1528983642803744,0.0570753577261919,0.850220260571717,0.850220260571717,1,ZB1594.png
0.9999999729729736,0.9999999777777784,0.999999975375376,0.5754189911987766,0.3431995401610545,0.2055259661579701,0.0421811669327415,0.907488982786392,0.907488982786392,0,o0581.png
0.9999999761904768,0.9999999677419364,0.9999999719662068,0.9827586122175982,0.3317133812713115,0.2288566406580665,0.0533680063643119,0.9999999955947136,0.9999999955947136,1,E0818.png
0.9999999677419364,0.9999999677419364,0.9999999677419364,0.6592592543758574,0.3786676429576013,0.2864593741894639,0.1237373737342174,0.8722466921927459,0.8722466921927459,0,a0937.png
0.9999999600000016,0.9999999687500012,0.9999999643750012,0.4999999975961539,0.4060730653208028,0.2222448459591726,0.0698271079865517,0.9162995554348036,0.9162995554348036,0,zb1214.png
0.9999999615384628,0.9999999615384628,0.9999999615384628,0.5819209006671135,0.3026827635277788,0.2193848755561178,0.0367876264119741,0.9030836964621864,0.9030836964621864,0,e0358.png
0.9999999833333336,0.9999999833333336,0.9999999833333336,0.791666658420139,0.3203373890886612,0.167198705985426,0.0571174548236947,0.8986784101379806,0.8986784101379806,1,A0673.png
0.25,0.25,0.25,0.588235259515573,0.4380215286344356,0.1635644088876353,0.087331226633918,0.2599118931281414,0.2599118931281414,0,i0659.png
0.25,0.25,0.25,0.6965517193341261,0.2148465836682678,0.0856732770983739,0.0272277227716099,0.889867837489569,0.889867837489569,1,M0751.png
0.9999999677419364,0.9999999677419364,0.9999999677419364,0.2238805936734239,0.4297408236651061,0.1381522966990099,0.0528162245277581,0.8986784101379806,0.8986784101379806,1,J0401.png
0.25,0.25,0.25,0.4259259232967535,0.3442411764705882,0.1512128237743669,0.0647249999983818,0.8810572648411574,0.8810572648411574,1,ZB1318.png
0.9999999767441866,0.9999999767441866,0.9999999767441866,1.7924527963688153,0.451113790668622,0.2197394759670781,0.0920221606622708,0.8370044015990996,0.8370044015990996,0,za0024.png
0.25,0.25,0.25,0.3846153550295881,0.4172634714655893,0.1347798158691417,0.0764828303651189,0.2731277521007588,0.2731277521007588,0,i0071.png
0.9999999736842112,0.9999999736842112,0.9999999736842112,0.387499997578125,0.4596955128205128,0.2235656269272136,0.0696190828386275,0.9162995554348036,0.9162995554348036,0,zb0580.png
0.9999999714285724,0.9999999772727278,0.99999997435065,0.5567567537472607,0.3157152488598057,0.1909199056569315,0.0419988102310053,0.9030836964621864,0.9030836964621864,0,o0066.png
0.25,0.25,0.25,2.363636256198352,0.4528209677968409,0.2064705336028401,0.0672471788176202,0.8458149742475112,0.8458149742475112,1,N0607.png
0.25,0.25,0.25,0.1944444417438272,0.6196934740974579,0.2414613717572039,0.0849920214975786,0.8325991152748937,0.8325991152748937,0,n0246.png
0.9999999615384628,0.9999999615384628,0.9999999615384628,2.034482688466114,0.4410549250170685,0.2074619602285845,0.070793846812779,0.850220260571717,0.850220260571717,1,N0062.png
0.9999999756097568,0.9999999777777784,0.9999999766937676,2.9999998000000136,0.4090086652630372,0.166662639443235,0.0735427319189614,0.8149779699780706,0.8149779699780706,0,zc0350.png
0.9999999777777784,0.9999999821428576,0.999999979960318,0.5872092989115738,0.3239220927845408,0.2288775868108456,0.0407910695269723,0.8854625511653632,0.8854625511653632,0,e0061.png
0.9999999750000008,0.9999999750000008,0.9999999750000008,2.739130315689986,0.5964756521954268,0.1867981610802014,0.0619345485768226,0.850220260571717,0.850220260571717,0,w0830.png
0.25,0.25,0.25,0.7037036984910837,0.2469472837145832,0.1243309007333323,0.0252512527637733,0.8325991152748937,0.8325991152748937,1,Y0658.png
0.999999974358975,0.999999974358975,0.999999974358975,1.71428568367347,0.4737158370379208,0.2395549025467681,0.1154025383044488,0.8414096879233054,0.8414096879233054,0,za0395.png
0.25,0.25,0.25,0.5794392469211286,0.4319818899782135,0.2137959543893592,0.0650499131926798,0.8458149742475112,0.8458149742475112,0,q0054.png
0.25,0.25,0.25,1.0649350511047395,0.4141360289182654,0.2068095848820423,0.082955247118501,0.850220260571717,0.850220260571717,1,P0666.png
0.25,0.25,0.25,2.349999882500006,0.4599647628387445,0.2024381039904389,0.0681360573419921,0.850220260571717,0.850220260571717,1,N0681.png
0.9999999803921572,0.9999999807692312,0.9999999805806944,2.8695650926276044,0.5346518815953029,0.1995668860300216,0.0548239720488869,0.806167397329659,0.806167397329659,1,L0244.png
0.9999999666666678,0.9999999666666678,0.9999999666666678,0.6111111073388203,0.3280104321869952,0.2295612929426171,0.0392177072318478,0.8678414058685401,0.8678414058685401,0,e0635.png
0.9999999750000008,0.9999999756097568,0.9999999753048788,0.8051947947377299,0.3854263218672359,0.15312819881047,0.0356692444964742,0.9030836964621864,0.9030836964621864,1,W1038.png
0.9999999787234048,0.9999999767441866,0.9999999777337956,0.499999750000125,0.5104504689176496,0.1761426422718077,0.0264639781817008,0.8766519785169516,0.8766519785169516,0,i0135.png
0.99999997826087,0.9999999787234048,0.9999999784921374,0.2499999947916668,0.4302689071470275,0.1362767298675589,0.0399495061993527,0.8854625511653632,0.8854625511653632,1,X0139.png
0.99999997826087,0.99999997826087,0.99999997826087,0.6305732443912533,0.3043659010385094,0.2148930414634288,0.076369758185992,0.8722466921927459,0.8722466921927459,0,y0580.png
0.9999999729729736,0.9999999761904768,0.9999999745817252,0.432432426588751,0.4126932783339778,0.2214986918277063,0.0660043827592109,0.8149779699780706,0.8149779699780706,1,ZC1018.png
0.9999999761904768,0.9999999761904768,0.9999999761904768,0.9452054665040348,0.3812143837668542,0.1450096416963085,0.0342704011947159,0.8678414058685401,0.8678414058685401,1,W0655.png
0.25,0.25,0.25,0.2112676026582028,0.4476762561649084,0.1415488174472668,0.0512526926575083,0.9999999955947136,0.9999999955947136,1,J0133.png
0.25,0.25,0.25,0.7058823114186875,0.4074269041643713,0.1560123227735359,0.0829864724029691,0.2731277521007588,0.2731277521007588,0,i0956.png
0.9999999729729736,0.999999972222223,0.9999999725975984,0.999999000001,0.4843569605127369,0.1133417333184585,0.037645429361838,0.8370044015990996,0.8370044015990996,0,k0165.png
0.9999999761904768,0.99999997826087,0.9999999772256736,2.799999813333346,0.4066815856777493,0.1632628584846983,0.070504489600942,0.8105726836538648,0.8105726836538648,0,zc0270.png
0.25,0.25,0.25,0.7435897245233405,0.562325698657932,0.1839789220207514,0.0526939627392436,0.8678414058685401,0.8678414058685401,0,d0121.png
0.9999999736842112,0.99999997826087,0.9999999759725406,2.7058821937716355,0.3988320657700626,0.1629222462128357,0.0693644996327431,0.8149779699780706,0.8149779699780706,0,zc1695.png
0.9999999615384628,0.9999999772727278,0.9999999694055954,0.4610389580452015,0.4571388759585467,0.205678718472093,0.0954810495601967,0.8634361195443343,0.8634361195443343,0,u0026.png
0.9999999761904768,0.9999999761904768,0.9999999761904768,1.6226414788180854,0.4769887104361635,0.2353741110902202,0.1111391058449892,0.8325991152748937,0.8325991152748937,0,za0387.png
0.25,0.25,0.25,1.8181817630854011,0.4413862506808279,0.2056597929142658,0.0631239149288432,0.8458149742475112,0.8458149742475112,1,N0037.png
0.25,0.25,0.25,0.6012269901765216,0.3083148565548668,0.1979212126993511,0.0722094960414356,0.8634361195443343,0.8634361195443343,0,y0194.png
0.9999999800000005,0.9999999800000005,0.9999999800000005,0.7479674735937604,0.3500276835687015,0.1913520463066377,0.0410267013220396,0.8105726836538648,0.8105726836538648,0,l0316.png
0.9999999642857156,0.9999999642857156,0.9999999642857156,0.5026454999860026,0.2570331836438279,0.140878449346358,0.0443716581270297,0.8325991152748937,0.8325991152748937,0,h0278.png
0.99999997826087,0.99999997826087,0.99999997826087,1.130434758034027,0.3880012724627151,0.1492194730371581,0.035707283598772,0.889867837489569,0.889867837489569,1,W0815.png
0.9999999696969708,0.9999999714285724,0.9999999705627716,0.3947368395083103,0.4603658810462961,0.2229842332391179,0.0741097459372628,0.8634361195443343,0.8634361195443343,0,zb0592.png
0.9999999736842112,0.999999972222223,0.9999999729532172,0.1818181776859505,0.4903096181533191,0.1501789344928902,0.0640596572389645,0.9295154144074212,0.9295154144074212,0,v0310.png
0.9999999629629645,0.9999999772727278,0.999999970117846,0.3463687131487781,0.3954388626567678,0.1587415630584706,0.057721343529672,0.8854625511653632,0.8854625511653632,1,ZB1006.png
0.25,0.25,0.25,0.5681818149535124,0.3187205116131451,0.1731000541391079,0.0323224160997873,0.8766519785169516,0.8766519785169516,1,O0543.png
0.25,0.25,0.25,0.4181818156473829,0.3455941008882185,0.1526849085797305,0.0563839579209366,0.8590308332201285,0.8590308332201285,1,ZB1277.png
0.9999999777777784,0.9999999777777784,0.9999999777777784,0.6666664444445185,0.4824409801543449,0.1613464656268787,0.0228459691586137,0.8854625511653632,0.8854625511653632,0,i0522.png
0.9999999767441866,0.9999999750000008,0.9999999758720935,0.70886075052075,0.3813363190874231,0.1437633540972261,0.0338357961428223,0.8854625511653632,0.8854625511653632,1,W1177.png
0.25,0.25,0.25,0.8431372383698581,0.3573666431180826,0.1623755207703307,0.0421936443785531,0.4273127734479613,0.4273127734479613,1,O0094.png
0.25,0.25,0.25,0.2631578878116345,0.6133610243527251,0.2023809484349564,0.104163811296177,0.8414096879233054,0.8414096879233054,0,r0508.png
0.9999999687500012,0.9999999687500012,0.9999999687500012,0.7246376759084227,0.3705946078431372,0.2835466649853049,0.12919999999677,0.8810572648411574,0.8810572648411574,0,a0630.png
0.9999999714285724,0.9999999787234048,0.9999999750759884,0.142857136054422,0.4947773717838535,0.1134953633938541,0.0413092657168133,0.907488982786392,0.907488982786392,0,j0211.png
0.999999956521741,0.999999956521741,0.999999956521741,0.1944444417438272,0.5814878634424296,0.2255888526521744,0.0810116754731102,0.806167397329659,0.806167397329659,0,n0709.png
0.9999999767441866,0.9999999756097568,0.9999999761769716,0.7733333230222224,0.3798765403622482,0.1461039167795539,0.0317370845987712,0.889867837489569,0.889867837489569,1,W1007.png
0.9999999545454564,0.9999999818181822,0.9999999681818194,4.999999736842119,0.5396825810656674,0.2001767165851707,0.0467036011067395,0.8370044015990996,0.8370044015990996,1,L0077.png
0.9999999687500012,0.9999999687500012,0.9999999687500012,0.7499999943181819,0.3751982939069621,0.284118217512266,0.1286299569654299,0.8678414058685401,0.8678414058685401,0,a0920.png
0.9999999750000008,0.9999999756097568,0.9999999753048788,0.432432426588751,0.4183454029059639,0.2246963550441623,0.0664579395065436,0.8105726836538648,0.8105726836538648,1,ZC0042.png
0.25,0.25,0.25,0.4374999726562517,0.5099638865471685,0.1586980038936828,0.0443058340129129,0.8854625511653632,0.8854625511653632,0,x0511.png
0.9999999795918372,0.9999999772727278,0.9999999784322824,0.6034482654577885,0.4833677335198892,0.1684441224151954,0.0475985932495476,0.850220260571717,0.850220260571717,0,x1315.png
0.9999999772727278,0.9999999729729736,0.9999999751228508,0.0689655148632581,0.501032770720287,0.1162724976572984,0.0416625820987731,0.889867837489569,0.889867837489569,0,j0158.png
0.999999972222223,0.9999999803921572,0.9999999763071902,0.4507042190041659,0.4139808586156356,0.2180378400289016,0.0675944934166286,0.8017621110054532,0.8017621110054532,1,ZC0477.png
0.9999999545454564,0.9999999545454564,0.9999999545454564,0.3697916647406684,0.3520122351131917,0.1628472827696948,0.055843906188585,0.8986784101379806,0.8986784101379806,1,ZB0355.png
0.9999999629629645,0.9999999629629645,0.9999999629629645,1.689655143281808,0.225117087651387,0.1547971278420039,0.0514369012897897,0.8634361195443343,0.8634361195443343,1,H0233.png
0.9999999756097568,0.9999999861111112,0.999999980860434,1.1632652942523949,0.5681101713522064,0.375667558181458,0.1474703564954206,0.9999999955947136,0.9999999955947136,1,ZA0162.png
0.9999999629629645,0.9999999705882362,0.9999999667756004,1.0326086844281666,0.3550361197110423,0.1267803613271954,0.0232963988913214,0.8370044015990996,0.8370044015990996,1,W0190.png
0.9999999615384628,0.9999999600000016,0.9999999607692324,1.428571403061225,0.303154507264809,0.1435267569367305,0.0460746907143578,0.8193832563022764,0.8193832563022764,0,h0022.png
0.9999999777777784,0.9999999767441866,0.9999999772609824,0.2926829196906605,0.4024543243126826,0.1630952069814621,0.0712799167513215,0.8193832563022764,0.8193832563022764,0,zc1410.png
0.9999999545454564,0.999999956521741,0.9999999555335988,0.5794392469211286,0.4121112898284313,0.2090782031811942,0.0693901909703399,0.8458149742475112,0.8458149742475112,0,q0038.png
0.9999999642857156,0.9999999545454564,0.999999959415586,0.71969696424472,0.2569550812014556,0.137708020865038,0.0410526315778101,0.8370044015990996,0.8370044015990996,0,h0508.png
0.25,0.25,0.25,0.142857136054422,0.7823149509412753,0.3025740740142963,0.1178460850931135,0.7797356793844243,0.7797356793844243,1,ZA1056.png
0.9999999791666672,0.9999999629629645,0.9999999710648158,0.514999997425,0.4245167864735601,0.2206914413594566,0.0634594112041091,0.9999999955947136,0.9999999955947136,0,zb0315.png
0.9999999714285724,0.9999999772727278,0.99999997435065,0.7499998125000469,0.6767588911746173,0.1934958412137385,0.0609936200360056,0.8105726836538648,0.8105726836538648,1,K0632.png
0.25,0.25,0.25,0.3782383400091277,0.443843998443964,0.1917966767421426,0.0436790249390942,0.850220260571717,0.850220260571717,1,G0445.png
0.9999999677419364,0.9999999642857156,0.999999966013826,0.4999999974489796,0.1498775020212166,0.1158228958989889,0.0295710120775309,0.8634361195443343,0.8634361195443343,1,H0106.png
0.999999958333335,0.9999999600000016,0.9999999591666684,0.682539677122701,0.378290139648439,0.2772999422332575,0.1340707133041405,0.850220260571717,0.850220260571717,0,a1153.png
0.9999999714285724,0.9999999772727278,0.99999997435065,0.5402843576289841,0.4048627481422036,0.2274264951426876,0.0625084903634359,0.9999999955947136,0.9999999955947136,0,zb1020.png
0.9999999666666678,0.9999999666666678,0.9999999666666678,0.834782601436673,0.3173074959150326,0.2111737671024177,0.0694986979147813,0.8458149742475112,0.8458149742475112,1,E0030.png
0.9999999615384628,0.9999999615384628,0.9999999615384628,0.1041666644965278,0.482436336703078,0.12873200732717,0.0505574778919031,0.8986784101379806,0.8986784101379806,0,j0692.png
0.999999974358975,0.999999956521741,0.999999965440358,0.102040814244065,0.4850367418803616,0.1345358653335188,0.0548230565617384,0.889867837489569,0.889867837489569,0,j0667.png
0.9999999833333336,0.9999999824561407,0.9999999828947372,1.8260868771266572,0.5629647875447146,0.195437039672488,0.0513807152543181,0.8281938289506879,0.8281938289506879,1,L0493.png
0.9999999677419364,0.9999999677419364,0.9999999677419364,0.7007873960567922,0.3709159842142943,0.280159175655708,0.1375196475009013,0.8678414058685401,0.8678414058685401,0,a1014.png
0.9999999795918372,0.9999999795918372,0.9999999795918372,0.4878048661511008,0.4946481521546308,0.1584873244919383,0.0465784316344981,0.850220260571717,0.850220260571717,0,x1042.png
0.9999999836065576,0.9999999836065576,0.9999999836065576,4.523809308390033,0.5397233175818804,0.1971318334579979,0.0467036011067395,0.8370044015990996,0.8370044015990996,1,L0693.png
0.9999999629629645,0.9999999791666672,0.9999999710648158,0.591715972830083,0.312583411688455,0.2275188534891221,0.0391151738582582,0.8766519785169516,0.8766519785169516,0,e0304.png
0.25,0.25,0.25,0.6985294066284603,0.2480992396958783,0.1331908791236661,0.0295344475230387,0.8325991152748937,0.8325991152748937,1,Y0613.png
0.999999985294118,0.999999985294118,0.999999985294118,0.8333333246527779,0.3132697383687202,0.1581948263518173,0.0560974482235554,0.9162995554348036,0.9162995554348036,1,A0021.png
0.9999999677419364,0.9999999677419364,0.9999999677419364,1.8113207205411184,0.4865263733848025,0.24268793434115,0.1098105863296014,0.8414096879233054,0.8414096879233054,0,za0548.png
0.25,0.25,0.25,1.0416666521990745,0.410282471065153,0.2003139937685993,0.0797873768401893,0.850220260571717,0.850220260571717,1,P0540.png
0.9999999772727278,0.9999999807692312,0.9999999790209796,0.4545454515938607,0.3929341778353221,0.2047378214057686,0.0872813801287975,0.9030836964621864,0.9030836964621864,1,Q0266.png
0.9999999729729736,0.9999999761904768,0.9999999745817252,1.555555530864198,0.442033337200758,0.2334882463309852,0.1034845496356743,0.8590308332201285,0.8590308332201285,0,za0288.png
0.9999999772727278,0.9999999795918372,0.9999999784322824,0.5428571389795919,0.3887625573236151,0.2126749229472883,0.0920274250614582,0.8854625511653632,0.8854625511653632,1,Q0120.png
0.9999999642857156,0.9999999642857156,0.9999999642857156,0.6368715048219469,0.347173398265359,0.2388331114481979,0.0341749306209285,0.9999999955947136,0.9999999955947136,0,e1015.png
0.9999999615384628,0.9999999545454564,0.9999999580419596,0.3888888780864201,0.6180987621386003,0.2163202726487454,0.0975896531424767,0.8325991152748937,0.8325991152748937,0,r0273.png
0.9999999615384628,0.9999999729729736,0.9999999672557184,0.735537184003825,0.2924482202930408,0.1987628929332964,0.0620186845075742,0.7841409657086301,0.7841409657086301,1,E0753.png
0.9999999791666672,0.9999999791666672,0.9999999791666672,0.238095232426304,0.4310951960784314,0.1379980176364075,0.0448999999988775,0.8810572648411574,0.8810572648411574,1,X0195.png
0.9999999714285724,0.999999972222223,0.9999999718253976,1.4166666076388912,0.614344693554084,0.1748350961800588,0.0612096969029716,0.850220260571717,0.850220260571717,1,V0647.png
0.9999999545454564,0.9999999545454564,0.9999999545454564,0.5124999935937501,0.4625754229643246,0.1900361635955334,0.0738932291646621,0.8458149742475112,0.8458149742475112,1,R0241.png
0.25,0.25,0.25,0.7959183592253228,0.3040154468446118,0.1479426500110097,0.068650052171403,0.8942731238137748,0.8942731238137748,1,A0810.png
0.9999999777777784,0.9999999777777784,0.9999999777777784,0.2923076900591716,0.4061248586841828,0.2077110979062326,0.0685439267195454,0.9999999955947136,0.9999999955947136,0,m0432.png
0.9999999795918372,0.9999999800000005,0.9999999797959188,0.3913043444234405,0.4576615214052461,0.1684810381392991,0.06177595918637,0.8546255468959227,0.8546255468959227,0,x1167.png
0.9999999714285724,0.9999999714285724,0.9999999714285724,0.5359115992491071,0.350009880061492,0.1886937660699788,0.0391549556203967,0.9162995554348036,0.9162995554348036,1,O0830.png
0.999999974358975,0.9999999761904768,0.999999975274726,1.5384615147929,0.4440416685853149,0.2306644274071161,0.1082295901591316,0.8766519785169516,0.8766519785169516,0,za0351.png
0.9999999714285724,0.9999999750000008,0.9999999732142866,0.4473684181094183,0.4407576992015643,0.2046831761694663,0.0910526315764251,0.8370044015990996,0.8370044015990996,0,u0191.png
0.25,0.25,0.25,0.4999999583333368,0.4190670877395289,0.1414030309565273,0.0728447315498229,0.2951541837217877,0.2951541837217877,0,i0362.png
0.999999972222223,0.9999999736842112,0.9999999729532172,0.1282051249178173,0.4672311308423697,0.1808661618560595,0.071027964833957,0.9999999955947136,0.9999999955947136,0,v0951.png
0.9999999729729736,0.9999999750000008,0.9999999739864872,0.4508670494169535,0.4428777764886362,0.2358968851471581,0.0848126232719312,0.8590308332201285,0.8590308332201285,0,zb0522.png
0.25,0.25,0.25,0.2702702666179694,0.4612318056702667,0.1998813063773909,0.0688072162992615,0.850220260571717,0.850220260571717,1,N0949.png
0.9999999687500012,0.999999972222223,0.999999970486112,1.3382352744377166,0.5977240977557763,0.3682900145330771,0.1557628385128253,0.8678414058685401,0.8678414058685401,1,ZA0090.png
0.9999999729729736,0.9999999750000008,0.9999999739864872,0.784615372544379,0.4581611473370303,0.2207874807220028,0.0445052609192128,0.8546255468959227,0.8546255468959227,1,F0380.png
0.9999999750000008,0.999999974358975,0.999999974679488,0.9999997500000624,0.4830664538032334,0.1279026720295177,0.0387970615233446,0.8722466921927459,0.8722466921927459,0,k0440.png
0.25,0.25,0.25,0.5025906709710328,0.4474030885945615,0.1919900140856397,0.0443501838963636,0.850220260571717,0.850220260571717,1,G0102.png
0.9999999756097568,0.9999999696969708,0.9999999726533636,0.7142856122449125,0.5028067070734484,0.1161560515214058,0.0480584390607444,0.8986784101379806,0.8986784101379806,0,j0152.png
0.25,0.25,0.25,2.319999907200004,0.4457274455488566,0.1976607913707827,0.0642659279760591,0.8370044015990996,0.8370044015990996,1,N0392.png
0.25,0.25,0.25,0.5999999963636364,0.3205105547075951,0.2272691066501458,0.0375943724384139,0.8678414058685401,0.8678414058685401,0,e0836.png
0.9999999714285724,0.9999999736842112,0.9999999725563918,0.9999996666667778,0.4868362373113769,0.117721950725951,0.0408119885205438,0.8546255468959227,0.8546255468959227,0,k0192.png
0.9999999750000008,0.9999999750000008,0.9999999750000008,0.152173911389414,0.3865545941155601,0.1324616193933936,0.0285388975513344,0.8854625511653632,0.8854625511653632,1,I0775.png
0.9999999777777784,0.9999999777777784,0.9999999777777784,0.6298342506638992,0.3611451233057798,0.2032862694171927,0.0251314793606487,0.9999999955947136,0.9999999955947136,1,O1407.png
0.9999999777777784,0.9999999777777784,0.9999999777777784,0.3888888780864201,0.4319430066524271,0.1354456554777845,0.0452959085159947,0.8854625511653632,0.8854625511653632,1,X0018.png
0.9999999761904768,0.9999999846153848,0.9999999804029308,0.5178571336096941,0.415985296336733,0.221525354491268,0.0671401086445467,0.8281938289506879,0.8281938289506879,1,ZC0664.png
0.9999999777777784,0.9999999795918372,0.9999999786848076,0.3958333250868057,0.4965380455508805,0.1635389516385729,0.0533000318829498,0.8546255468959227,0.8546255468959227,0,x1383.png
0.25,0.25,0.25,0.4199999916000002,0.4133319301644783,0.1384984486611169,0.0449465738642058,0.889867837489569,0.889867837489569,1,X0433.png
0.9999999736842112,0.9999999777777784,0.9999999757309948,0.816513753976938,0.2718004510224743,0.200227455099728,0.0625236712516562,0.7841409657086301,0.7841409657086301,1,E0519.png
0.999999972222223,0.999999972222223,0.999999972222223,0.9174311842437506,0.3516724424170314,0.1465053071358562,0.0292164339276983,0.8766519785169516,0.8766519785169516,1,W0142.png
0.9999999772727278,0.99999997826087,0.9999999777667988,0.4133333278222223,0.3653255220075959,0.1588445602335248,0.0485357759698706,0.9999999955947136,0.9999999955947136,0,m0016.png
0.9999999523809546,0.999999958333335,0.9999999553571448,0.7922077819193795,0.51533720447905,0.2476251877062178,0.1224715916379584,0.8678414058685401,0.8678414058685401,1,T0748.png
0.9999999761904768,0.9999999750000008,0.9999999755952388,0.3378378332724617,0.3807907857020359,0.1648999371219983,0.0536495210315064,0.8634361195443343,0.8634361195443343,0,m0155.png
0.9999999787234048,0.9999999787234048,0.9999999787234048,0.612903222511273,0.3472510244564359,0.1985340895427918,0.0241417454244378,0.9999999955947136,0.9999999955947136,1,O1404.png
0.9999999714285724,0.9999999777777784,0.9999999746031754,1.684210496768237,0.4645550364242919,0.2425643494599898,0.0970594618029226,0.8458149742475112,0.8458149742475112,0,za0944.png
0.25,0.25,0.25,0.2739725989866767,0.4641686701269691,0.1997552633776727,0.0696801074512847,0.8414096879233054,0.8414096879233054,1,N0968.png
0.9999999772727278,0.9999999807692312,0.9999999790209796,0.5738636331030476,0.3084776099989759,0.1767360733092116,0.029429964604108,0.8854625511653632,0.8854625511653632,1,O1158.png
0.9999999772727278,0.9999999772727278,0.9999999772727278,0.6298701257800642,0.3132088820386808,0.2156562672632051,0.0644312598978648,0.850220260571717,0.850220260571717,0,y1448.png
0.999999974358975,0.9999999729729736,0.9999999736659744,0.8955223746936959,0.4116323072438852,0.2266684270323379,0.0491027686781136,0.8325991152748937,0.8325991152748937,1,F0248.png
0.9999999791666672,0.9999999791666672,0.9999999791666672,0.1860465094645755,0.4399242916324674,0.1462810143619104,0.0487104348997902,0.9999999955947136,0.9999999955947136,1,J0261.png
0.25,0.25,0.25,0.4033149148988126,0.3429328431372548,0.1606425383053244,0.0599249999985018,0.8810572648411574,0.8810572648411574,1,ZB0183.png
0.9999999705882362,0.9999999787234048,0.9999999746558204,0.2083333311631944,0.3874711437363888,0.1691239216380707,0.0417851191049459,0.889867837489569,0.889867837489569,0,b0046.png
0.9999999545454564,0.9999999696969708,0.9999999621212136,0.4210526094182837,0.5607172504696797,0.1860533416669857,0.0528336331162491,0.850220260571717,0.850220260571717,0,d0677.png
0.25,0.25,0.25,1.0476190226757376,0.4979387657758699,0.2233825787605067,0.0787113740939194,0.8590308332201285,0.8590308332201285,0,p0036.png
0.9999999761904768,0.9999999714285724,0.9999999738095248,1.1481481056241445,0.6264490490073581,0.1842944694321865,0.068903581839106,0.8634361195443343,0.8634361195443343,1,V0350.png
0.999999972222223,0.999999972222223,0.999999972222223,0.3480176196122572,0.3783861286562792,0.1752055606449638,0.0717071940058664,0.9999999955947136,0.9999999955947136,1,ZB1121.png
0.9999999629629645,0.999999958333335,0.9999999606481496,0.6035502922866847,0.3365268104863824,0.1861438786803283,0.0384867383329251,0.8942731238137748,0.8942731238137748,1,O0179.png
0.9999999767441866,0.9999999795918372,0.999999978168012,0.4078947314750693,0.4110631687578078,0.2175501089994794,0.0633518005522617,0.8370044015990996,0.8370044015990996,1,ZC0084.png
0.9999999705882362,0.9999999696969708,0.9999999701426034,0.9999997500000624,0.664723795691116,0.1958812435303344,0.0625925925906607,0.7929515383570417,0.7929515383570417,1,K0336.png
0.9999999803921572,0.9999999803921572,0.9999999803921572,0.8932038748232634,0.3439019777638429,0.1921981442261352,0.0394457881680717,0.806167397329659,0.806167397329659,0,l0386.png
0.999999956521741,0.9999999750000008,0.9999999657608708,0.7674418545159546,0.3145889475063568,0.2358982967234122,0.1129476583993228,0.8722466921927459,0.8722466921927459,1,C0292.png
0.9999999666666678,0.9999999600000016,0.9999999633333349,0.4374999726562517,0.6101280190663863,0.1976035392042552,0.0711577636919658,0.8281938289506879,0.8281938289506879,0,w0447.png
0.999999958333335,0.9999999655172426,0.9999999619252888,2.1860464607896173,0.2479311462022563,0.1538977704959291,0.0582277048421732,0.8281938289506879,0.8281938289506879,1,H0325.png
0.25,0.25,0.25,0.6714285666326532,0.2485854436840376,0.128736163632016,0.0325373472150142,0.8281938289506879,0.8281938289506879,1,Y0564.png
0.9999999736842112,0.9999999736842112,0.9999999736842112,1.017857133769133,0.3429045665890024,0.2355965910673723,0.0560849230519496,0.9999999955947136,0.9999999955947136,1,E0821.png
0.9999999791666672,0.9999999761904768,0.999999977678572,2.74999982812501,0.4021252640942955,0.1679532045975132,0.0758506616234685,0.8105726836538648,0.8105726836538648,0,zc0083.png
0.9999999756097568,0.9999999767441866,0.9999999761769716,0.5508021360919672,0.315595152278639,0.190047003729986,0.046115407494441,0.9030836964621864,0.9030836964621864,0,o0263.png
0.9999999687500012,0.9999999687500012,0.9999999687500012,0.3832599102059035,0.326762504571003,0.1715269186097238,0.0636534766817975,0.9999999955947136,0.9999999955947136,1,ZB0030.png
0.9999999777777784,0.9999999777777784,0.9999999777777784,0.664473679838989,0.3244801067177189,0.2196789519229709,0.0747475737654458,0.889867837489569,0.889867837489569,0,y0815.png
0.9999999800000005,0.9999999800000005,0.9999999800000005,0.4523809416099776,0.4967255338872106,0.1614063453054231,0.0482965985651078,0.850220260571717,0.850220260571717,0,x1300.png
0.25,0.25,0.25,2.923076698224869,0.5745666634000539,0.2375011553309259,0.0847303206975028,0.8634361195443343,0.8634361195443343,0,n0995.png
0.9999999523809546,0.9999999615384628,0.9999999569597088,0.1724137901307967,0.6128362898206552,0.2237265046150866,0.1000328466033613,0.806167397329659,0.806167397329659,0,r0201.png
0.9999999833333336,0.9999999833333336,0.9999999833333336,0.2857142789115648,0.4243362578759245,0.158262316083117,0.0462087796670585,0.911894269110598,0.911894269110598,1,B0041.png
0.25,0.25,0.25,0.4444443950617339,0.4322571069950471,0.1472909010579244,0.0637975778408742,0.2995594700459935,0.2995594700459935,0,i0062.png
0.9999999629629645,0.9999999705882362,0.9999999667756004,0.896551708680143,0.3806442759395425,0.1303279609249244,0.024007161457682,0.8458149742475112,0.8458149742475112,1,W0402.png
0.25,0.25,0.25,0.8095238030990175,0.2985851653384302,0.2028301877677909,0.0595500982780569,0.8942731238137748,0.8942731238137748,1,E0208.png
0.9999999841269844,0.9999999841269844,0.9999999841269844,0.4950980367887351,0.4103506569871316,0.2286455716699092,0.0854959630890644,0.8986784101379806,0.8986784101379806,1,P0945.png
0.9999999615384628,0.9999999615384628,0.9999999615384628,0.3243243199415632,0.3693639148545962,0.1538289811572685,0.0424231711309708,0.8766519785169516,0.8766519785169516,0,m0162.png
0.999999974358975,0.9999999642857156,0.9999999693223453,0.3697916647406684,0.4445400729417366,0.2146830241917891,0.0521375369846919,0.8722466921927459,0.8722466921927459,0,s0424.png
0.9999999729729736,0.9999999787234048,0.9999999758481892,0.626582274515302,0.3152433309637596,0.2072163529722847,0.0781004406174315,0.8678414058685401,0.8678414058685401,0,y0438.png
0.9999999714285724,0.99999997826087,0.9999999748447213,0.0810810788897005,0.5048538144638569,0.1257109558154989,0.0470119709669381,0.907488982786392,0.907488982786392,0,j0143.png
0.999999956521741,0.999999956521741,0.999999956521741,0.4199999958,0.3293273823596687,0.1357501188213305,0.0544309381419853,0.889867837489569,0.889867837489569,1,S0461.png
0.9999999750000008,0.9999999767441866,0.9999999758720935,0.4102564049967128,0.4104852861898028,0.2164083412374109,0.0577012691522244,0.8414096879233054,0.8414096879233054,1,ZC0359.png
0.25,0.25,0.25,1.899999968333334,0.4824445705235848,0.2336014683926999,0.072735741037615,0.9999999955947136,0.9999999955947136,0,n1083.png
0.9999999677419364,0.9999999677419364,0.9999999677419364,0.8124999492187531,0.5947382988447014,0.2347344828654974,0.0783061033792503,0.8766519785169516,0.8766519785169516,0,n0487.png
0.99999997826087,0.9999999787234048,0.9999999784921374,0.5914634110276621,0.3156878010674322,0.1779293166976513,0.0343364922539038,0.850220260571717,0.850220260571717,1,O0319.png
0.25,0.25,0.25,1.557377023649557,0.4474892184020422,0.2463661085610592,0.1001108033213265,0.8370044015990996,0.8370044015990996,0,za0859.png
0.999999983870968,0.999999983870968,0.999999983870968,4.363636165289265,0.5394514791744938,0.1975091269919021,0.0462432499096449,0.8414096879233054,0.8414096879233054,1,L0694.png
0.9999999705882362,0.9999999545454564,0.9999999625668464,0.2380952267573701,0.6503468843158565,0.194330797548238,0.0657529283883059,0.8017621110054532,0.8017621110054532,1,K0493.png
0.9999999772727278,0.9999999772727278,0.9999999772727278,0.5722543319522871,0.3366011219350272,0.1813543166539915,0.0341415650999989,0.8678414058685401,0.8678414058685401,1,O1008.png
0.25,0.25,0.25,1.403508747306864,0.4635283254576068,0.2267474543450853,0.0981163434875868,0.8370044015990996,0.8370044015990996,0,za0239.png
0.9999999736842112,0.9999999545454564,0.999999964114834,0.0888888869135803,0.4880058367017275,0.1327723437719343,0.0550004712966584,0.907488982786392,0.907488982786392,0,j0338.png
0.9999999545454564,0.9999999687500012,0.9999999616477288,0.6447368378635735,0.3966028541594152,0.2033830564739947,0.0692176199850304,0.8590308332201285,0.8590308332201285,0,q0390.png
0.25,0.25,0.25,0.5762711831849086,0.3275340100368328,0.1812854053692965,0.0253828047265067,0.8942731238137748,0.8942731238137748,1,O0442.png
0.25,0.25,0.25,0.4634146313206425,0.2948355481397033,0.1242425240324057,0.0366822603391826,0.8854625511653632,0.8854625511653632,1,ZB0713.png
0.9999999736842112,0.9999999750000008,0.999999974342106,0.5287958087497602,0.3135641662917487,0.1835991548259106,0.0485631543761648,0.8854625511653632,0.8854625511653632,0,o0488.png
0.25,0.25,0.25,0.791666658420139,0.3102308489964033,0.1463963780270161,0.0546181582827612,0.9162995554348036,0.9162995554348036,1,A0075.png
0.9999999615384628,0.9999999777777784,0.9999999696581208,1.0869565059861377,0.5988270085016656,0.3779914014403713,0.155548475635831,0.889867837489569,0.889867837489569,1,ZA0207.png
0.9999999821428576,0.999999983870968,0.9999999830069128,1.5263157091412785,0.5844316488142364,0.1949944771760638,0.0485458183698762,0.8414096879233054,0.8414096879233054,1,L0131.png
0.25,0.25,0.25,0.6842105218144044,0.2306628978460156,0.0927325958724965,0.0241779271389255,0.911894269110598,0.911894269110598,1,M0633.png
0.9999999687500012,0.9999999761904768,0.999999972470239,1.730769164201186,0.607297160021142,0.1804771472606479,0.0620907297814045,0.8590308332201285,0.8590308332201285,1,V0298.png
0.9999999736842112,0.9999999523809546,0.999999963032583,0.9999997500000624,0.6424379537841204,0.1974587924165787,0.0602850950807275,0.7973568246812475,0.7973568246812475,1,K0149.png
0.999999974358975,0.9999999777777784,0.9999999760683768,0.5843373458774859,0.3190957135325168,0.1780549196059635,0.035524497820291,0.8546255468959227,0.8546255468959227,1,O0300.png
0.25,0.25,0.25,2.499999875000006,0.4552011447577058,0.2044234264105544,0.0672189349094748,0.8590308332201285,0.8590308332201285,1,N0470.png
0.9999999791666672,0.9999999761904768,0.999999977678572,0.5611111079938272,0.3121099238636735,0.1696960974231162,0.0288942260555608,0.889867837489569,0.889867837489569,1,O0109.png
0.25,0.25,0.25,1.4339622370950522,0.4698847650980846,0.2297788186232906,0.1061972482337207,0.8193832563022764,0.8193832563022764,0,za0196.png
0.9999999655172426,0.999999956521741,0.9999999610194918,2.1860464607896173,0.2354420197232356,0.1445883236065264,0.0561339972822506,0.8281938289506879,0.8281938289506879,1,H0276.png
0.999999956521741,0.999999956521741,0.999999956521741,0.7027026837107383,0.5614478953992378,0.1837432945518686,0.0500657064070172,0.8678414058685401,0.8678414058685401,0,d0124.png
0.9999999629629645,0.9999999629629645,0.9999999629629645,0.5026177984156136,0.2603105242535598,0.1408901234919891,0.0455031386188563,0.8414096879233054,0.8414096879233054,0,h0056.png
0.999999956521741,0.999999956521741,0.999999956521741,0.1904761882086168,0.3785615078373799,0.1208932618308794,0.0283918561472398,0.8942731238137748,0.8942731238137748,1,I1137.png
0.9999999821428576,0.9999999800000005,0.999999981071429,0.5611510750996326,0.3820542392037689,0.2087192723837504,0.0830310753827313,0.889867837489569,0.889867837489569,1,Q0091.png
0.9999999642857156,0.9999999642857156,0.9999999642857156,0.7659574386600273,0.300641862745098,0.1454882886875854,0.0636999999984075,0.8810572648411574,0.8810572648411574,1,A1074.png
0.9999999677419364,0.9999999767441866,0.9999999722430616,0.2068965445897743,0.4834021400055221,0.1202125769262605,0.0415161949541861,0.8325991152748937,0.8325991152748937,0,k0025.png
0.9999999523809546,0.999999958333335,0.9999999553571448,0.2258064491848768,0.3414921646650702,0.1404534206609461,0.0465258647064961,0.8722466921927459,0.8722466921927459,1,S0239.png
0.9999999777777784,0.9999999777777784,0.9999999777777784,0.4285714251700681,0.3220600980392157,0.1355657244520287,0.04879999999878,0.8810572648411574,0.8810572648411574,1,S0388.png
0.25,0.25,0.25,0.1954022966045713,0.3742061098085873,0.1183876163753336,0.020939916715742,0.9030836964621864,0.9030836964621864,1,I1224.png
0.9999999787234048,0.9999999787234048,0.9999999787234048,0.4038461460798818,0.4688816267247639,0.1588586487185653,0.0466534027128187,0.8722466921927459,0.8722466921927459,0,x1245.png
0.9999999687500012,0.9999999736842112,0.9999999712171062,0.8636363557851241,0.3107890934767259,0.2248577715377055,0.0667590027682338,0.8370044015990996,0.8370044015990996,1,E0569.png
0.25,0.25,0.25,0.4153005441786855,0.3322883569661567,0.1560926506715307,0.0667336535617406,0.889867837489569,0.889867837489569,1,ZB0893.png
0.25,0.25,0.25,1.062499988932292,0.2426496973260661,0.0833389110988076,0.0209775086500149,0.8986784101379806,0.8986784101379806,1,M0061.png
0.9999999600000016,0.9999999600000016,0.9999999600000016,0.4999999687500019,0.6255010880091681,0.1992955924762597,0.0647264823069458,0.8017621110054532,0.8017621110054532,0,w0505.png
0.25,0.25,0.25,0.4117646816609011,0.4921766665850013,0.1535221673953898,0.0436016243220636,0.8634361195443343,0.8634361195443343,0,x0731.png
0.9999999756097568,0.9999999736842112,0.999999974646984,0.5130890025492723,0.4282126115752424,0.23499389620025,0.0760620574740716,0.8634361195443343,0.8634361195443343,0,zb1077.png
0.9999999545454564,0.9999999705882362,0.9999999625668464,0.2352941148788927,0.3739771144626798,0.1285245338965367,0.0301249256387834,0.9030836964621864,0.9030836964621864,1,I0672.png
0.9999999736842112,0.9999999761904768,0.999999974937344,0.5454545383707203,0.3794190654179165,0.1420352896503583,0.0376459068763007,0.8678414058685401,0.8678414058685401,1,W1192.png
0.9999999687500012,0.9999999791666672,0.999999973958334,0.5892857107780612,0.310262173874162,0.2223860092376156,0.0441392460500363,0.8678414058685401,0.8678414058685401,0,e0646.png
0.9999999756097568,0.9999999767441866,0.9999999761769716,0.5368421024376732,0.2992670616881893,0.1796259048379563,0.0419790465195602,0.8986784101379806,0.8986784101379806,0,o0094.png
0.999999974358975,0.99999997826087,0.9999999763099224,3.066666462222236,0.4058696115497238,0.1698408494013894,0.0778591682396662,0.8105726836538648,0.8105726836538648,0,zc0126.png
0.999999982758621,0.999999982758621,0.999999982758621,3.888888672839518,0.5367013980988395,0.2003821440793255,0.0503526419224663,0.8193832563022764,0.8193832563022764,1,L0311.png
0.9999999750000008,0.9999999750000008,0.9999999750000008,0.3033707831081934,0.4451530598067256,0.1767820749137041,0.0799814476002993,0.8678414058685401,0.8678414058685401,1,R0158.png
0.9999999600000016,0.9999999772727278,0.9999999686363648,1.1481481268861458,0.4707879411764706,0.2471903534610607,0.0761249999980968,0.8810572648411574,0.8810572648411574,0,zb1130.png
0.9782608482986772,0.9782608482986772,0.9782608482986772,0.3999999733333351,0.532629378281925,0.1600529684420183,0.045371720115437,0.8634361195443343,0.8634361195443343,0,x0451.png
0.9999999714285724,0.9999999761904768,0.9999999738095248,1.7037036406035688,0.6145748229847494,0.1787165742589342,0.0658908420121014,0.8458149742475112,0.8458149742475112,1,V0098.png
0.999999956521741,0.9999999761904768,0.999999966356109,0.2222222172839507,0.4097964772221845,0.1435096691273535,0.0527681660886974,0.8986784101379806,0.8986784101379806,1,X0675.png
0.9999999729729736,0.9999999666666678,0.9999999698198208,0.175438593413358,0.494637573964497,0.1539140139313569,0.0651580991109199,0.9162995554348036,0.9162995554348036,0,v0830.png
0.9999999729729736,0.9999999767441866,0.9999999748585802,0.1372548992695118,0.4837676330936655,0.1304037591830935,0.0497221480732431,0.8942731238137748,0.8942731238137748,0,j0437.png
0.9999999629629645,0.9814814633058988,0.9907407131344316,0.7499998125000469,0.6427883225571294,0.192682824257753,0.0509141967567866,0.7973568246812475,0.7973568246812475,1,K0447.png
0.9999999642857156,0.9999999642857156,0.9999999642857156,0.2533333299555556,0.4588446484265071,0.2007563824091739,0.0689788451114695,0.8678414058685401,0.8678414058685401,1,N0114.png
0.999999972222223,0.9999999795918372,0.9999999759070302,0.5229357774177258,0.3952293378295641,0.222478958091087,0.0654000659809932,0.9999999955947136,0.9999999955947136,0,zb1106.png
0.9999999629629645,0.9999999545454564,0.9999999587542104,1.473684132963993,0.621529860643529,0.1736109446543093,0.065007515317811,0.8193832563022764,0.8193832563022764,1,V0271.png
0.9999999736842112,0.9999999736842112,0.9999999736842112,0.5838150255270808,0.3520720475955488,0.1952772130120402,0.0313884437734143,0.907488982786392,0.907488982786392,1,O0508.png
0.9999999791666672,0.9999999791666672,0.9999999791666672,0.5987654284026825,0.3000649149020858,0.2045684399768909,0.0694016367289456,0.8546255468959227,0.8546255468959227,0,y1250.png
0.25,0.25,0.25,0.7080291919121957,0.2587504652052773,0.1312347783269192,0.0264973556329969,0.850220260571717,0.850220260571717,1,Y0186.png
0.999999972222223,0.9999999807692312,0.999999976495727,0.3647058780622838,0.3828083168824713,0.1654999969143554,0.0390141663079464,0.8766519785169516,0.8766519785169516,0,b0077.png
0.999999972222223,0.999999972222223,0.999999972222223,0.3246753204587621,0.3515693386461535,0.1397763226583114,0.0348250171543273,0.889867837489569,0.889867837489569,0,m0329.png
0.9999999729729736,0.9999999736842112,0.9999999733285924,0.7187499887695314,0.4699237692738908,0.2318278761965128,0.049553618874228,0.8546255468959227,0.8546255468959227,1,F0368.png
0.25,0.25,0.25,0.6912751631458043,0.2373963210507284,0.0841610437947456,0.0173706127301042,0.9030836964621864,0.9030836964621864,1,M0177.png
0.25,0.25,0.25,0.2641509384122464,0.4011686761781765,0.1317088853255854,0.0416821365797459,0.8854625511653632,0.8854625511653632,1,X1124.png
0.9999999795918372,0.9999999795918372,0.9999999795918372,0.9999999893617024,0.3627119594441912,0.189602621636751,0.0390345734782511,0.8237885426264822,0.8237885426264822,0,l0004.png
0.25,0.25,0.25,0.611464964258185,0.2827346601588471,0.2136761497653925,0.0609084180789751,0.8414096879233054,0.8414096879233054,1,E0534.png
0.9999999600000016,0.9999999600000016,0.9999999600000016,0.6976744131963224,0.4185621161462983,0.3052550792504081,0.1210057498321942,0.907488982786392,0.907488982786392,0,a0260.png
0.25,0.25,0.25,0.0833333310185185,0.4933899301991993,0.1219993912440424,0.0504795429024977,0.8722466921927459,0.8722466921927459,0,j0650.png
0.9999999787234048,0.9999999800000005,0.9999999793617026,0.6644295257420837,0.2855388905893956,0.1884145648193961,0.0487960412190389,0.8722466921927459,0.8722466921927459,1,E0812.png
0.25,0.25,0.25,0.7950819606960495,0.2943614686814252,0.1987080021826839,0.0622276543718188,0.8546255468959227,0.8546255468959227,1,E0083.png
0.25,0.25,0.25,0.6490066182184993,0.3957154290287543,0.2062253462715647,0.0718710953750554,0.8634361195443343,0.8634361195443343,0,q0118.png
0.25,0.25,0.25,0.538461528106509,0.2770413189497252,0.0913643367336985,0.0401384082989427,0.3744493375574919,0.3744493375574919,1,Q0021.png
0.9999999666666678,0.9999999821428576,0.9999999744047626,0.3454545391735538,0.6429963100922801,0.2134802560010624,0.0421704283016908,0.9999999955947136,0.9999999955947136,1,V0360.png
0.25,0.25,0.25,0.6760563332672089,0.2451026135280501,0.1197842085828711,0.0210774739577615,0.8458149742475112,0.8458149742475112,1,Y0711.png
0.9999999767441866,0.9999999756097568,0.9999999761769716,0.1041666644965278,0.4847865944379448,0.1327813537975244,0.0471533603533049,0.907488982786392,0.907488982786392,0,j0393.png
0.25,0.25,0.25,0.6249999609375024,0.3900792738970588,0.1221664427541746,0.0739746093569397,0.2819383247491703,0.2819383247491703,0,i0490.png
0.9999999767441866,0.9999999787234048,0.9999999777337956,3.058823349480979,0.4037993096435067,0.1622806093460382,0.0735719503265574,0.8149779699780706,0.8149779699780706,0,zc0869.png
0.9999999791666672,0.9999999791666672,0.9999999791666672,0.2352941130334487,0.4097843137254902,0.1328663867940853,0.0452749999988681,0.8810572648411574,0.8810572648411574,1,X0534.png
0.99999997826087,0.9999999795918372,0.9999999789263536,0.6035502922866847,0.3191703228773247,0.2369687805470524,0.0411380238359972,0.8986784101379806,0.8986784101379806,0,e0439.png
0.9999999600000016,0.9999999600000016,0.9999999600000016,0.9487179365548984,0.5131473950604747,0.2494109599778931,0.1177304233523736,0.8678414058685401,0.8678414058685401,1,T0903.png
0.999999974358975,0.9999999787234048,0.99999997654119,0.1851851828989483,0.4303251718586843,0.1387824301957452,0.0581545857974723,0.9162995554348036,0.9162995554348036,1,J0347.png
0.9999999666666678,0.9999999666666678,0.9999999666666678,0.5706214657027036,0.3237407732578935,0.1734218223709117,0.0373505606287628,0.8854625511653632,0.8854625511653632,1,O0522.png
0.9999999642857156,0.9999999642857156,0.9999999642857156,0.3611111010802472,0.5947759491608278,0.221229096027601,0.1023822714653079,0.8370044015990996,0.8370044015990996,0,r0180.png
0.999999972222223,0.999999972222223,0.999999972222223,0.231884054610376,0.5667042528922926,0.2323114317679923,0.0841274238203842,0.8370044015990996,0.8370044015990996,0,n0956.png
0.9999999736842112,0.9999999787234048,0.999999976203808,0.4722222156635803,0.4161706328964699,0.2202393482935585,0.0769453115944922,0.8193832563022764,0.8193832563022764,1,ZC0882.png
0.9999999761904768,0.9999999761904768,0.9999999761904768,0.2272727221074381,0.4095885292892667,0.1361972776309025,0.0510724698029187,0.8634361195443343,0.8634361195443343,1,X0609.png
0.9999999705882362,0.9999999767441866,0.9999999736662114,0.3376623332771126,0.3765838553799067,0.162895678790538,0.0503412149161298,0.8986784101379806,0.8986784101379806,0,m0147.png
0.9999999629629645,0.9999999629629645,0.9999999629629645,2.1333332859259277,0.2339331083438007,0.1480156925740658,0.0558372851606086,0.8414096879233054,0.8414096879233054,1,H0279.png
0.25,0.25,0.25,0.2142857112244898,0.4058140345719218,0.1319338843736154,0.0437572087648078,0.8986784101379806,0.8986784101379806,1,X0335.png
0.25,0.25,0.25,0.3421052586565097,0.3663558703954296,0.1508758390736811,0.0391151738582582,0.8766519785169516,0.8766519785169516,0,m0173.png
0.9999999777777784,0.9767441633315312,0.9883720705546548,0.255999997952,0.3875864705882352,0.1315874289653348,0.0423249999989418,0.8810572648411574,0.8810572648411574,1,X0989.png
0.9999999615384628,0.9999999814814818,0.9999999715099724,2.5555554135802545,0.5764927790944354,0.1961852522254217,0.0498245812570782,0.8281938289506879,0.8281938289506879,1,L0133.png
0.999999958333335,0.9999999615384628,0.999999959935899,0.740157474486949,0.281904796776112,0.1360274571532656,0.0420439112708792,0.8281938289506879,0.8281938289506879,0,h0074.png
0.25,0.25,0.25,0.7333332844444478,0.5608015366567404,0.1866198533302919,0.0466535174215212,0.8590308332201285,0.8590308332201285,0,d0217.png
0.25,0.25,0.25,0.3725490123029605,0.4237213463273489,0.1699324763311516,0.0448485318937909,0.9999999955947136,0.9999999955947136,1,B0134.png
0.9999999500000024,0.9999999756097568,0.9999999628048796,0.2833333286111112,0.3907388933418677,0.1654087099810896,0.0567591412592697,0.889867837489569,0.889867837489569,1,B0272.png
0.25,0.25,0.25,0.2083333304398148,0.6150416598772473,0.2452039578543573,0.0872853185571389,0.8370044015990996,0.8370044015990996,0,n0210.png
0.9999999666666678,0.9999999629629645,0.999999964814816,2.2999999425000017,0.2440555617331999,0.146769674955102,0.0555883742894734,0.8105726836538648,0.8105726836538648,1,H0318.png
0.25,0.25,0.25,0.7463768061856754,0.3680000702326363,0.2810021914108968,0.127486096707336,0.907488982786392,0.907488982786392,0,a0717.png
0.9999999714285724,0.9999999736842112,0.9999999725563918,1.2608695103969778,0.6146086863899023,0.1790227559137489,0.0653859212294764,0.8281938289506879,0.8281938289506879,1,V0037.png
0.999999972222223,0.9999999803921572,0.9999999763071902,0.1799999982,0.3824543372640376,0.1642462234135878,0.036836613360265,0.8942731238137748,0.8942731238137748,0,b0052.png
0.9999999714285724,0.9999999777777784,0.9999999746031754,0.4807692215236688,0.471814044628268,0.1624355744473802,0.0481770833320264,0.8458149742475112,0.8458149742475112,0,x1522.png
0.25,0.25,0.25,0.5025380685150352,0.3875797962772936,0.2015206603967893,0.0685408023894318,0.8678414058685401,0.8678414058685401,0,q0316.png
0.25,0.25,0.25,0.2608695595463139,0.3999836928905371,0.1393940138519425,0.0498750030927483,0.8854625511653632,0.8854625511653632,1,X0814.png
0.9999999655172426,0.9999999767441866,0.9999999711307146,0.5025125602888816,0.3359767603412669,0.1858507927267632,0.0376758162663145,0.8766519785169516,0.8766519785169516,1,U0151.png
0.9999999545454564,0.9999999545454564,0.9999999545454564,0.1884057943709305,0.4206833754940828,0.1240146530484345,0.0479028307353879,0.8766519785169516,0.8766519785169516,1,J0220.png
0.9999999655172426,0.9999999655172426,0.9999999655172426,0.5988023916239378,0.3223550009382809,0.2199731475838037,0.0382566096806076,0.8766519785169516,0.8766519785169516,0,e0777.png
0.9999999767441866,0.9999999767441866,0.9999999767441866,0.5975609719660916,0.2926663522551878,0.2073940779987794,0.0723136193233987,0.8634361195443343,0.8634361195443343,0,y1017.png
0.9999999761904768,0.9999999787234048,0.9999999774569408,0.4415584358239164,0.4145696304778136,0.2209747901187385,0.0648766410121979,0.8281938289506879,0.8281938289506879,1,ZC0393.png
0.9999999787234048,0.9999999772727278,0.9999999779980664,0.399999980000001,0.5025589827767841,0.1567801343296698,0.0425864223229231,0.8634361195443343,0.8634361195443343,0,x0273.png
0.25,0.25,0.25,0.5660377251690996,0.1922167755991285,0.089654673282424,0.0516666666523148,0.2643171794523472,0.2643171794523472,1,E0317.png
0.9999999729729736,0.99999997826087,0.999999975616922,2.274999943125001,0.4249871546251636,0.1843599851471183,0.0397295012667633,0.8017621110054532,0.8017621110054532,0,l0008.png
0.9999999767441866,0.9999999677419364,0.9999999722430616,0.0869565198487713,0.489083722847231,0.1321869353241956,0.0473654444328549,0.907488982786392,0.907488982786392,0,j0355.png
0.9999999777777784,0.9999999545454564,0.9999999661616176,0.2698412655580751,0.3908518294856998,0.1733247222226358,0.0511944730142018,0.9999999955947136,0.9999999955947136,1,B0237.png
0.25,0.25,0.25,0.2195121897679953,0.4279671845670217,0.1514281938621358,0.0493319876958541,0.8986784101379806,0.8986784101379806,1,X0190.png
0.9999999777777784,0.9999999777777784,0.9999999777777784,0.8189655101813318,0.3151375807940905,0.2051972879679618,0.0777285318538025,0.8370044015990996,0.8370044015990996,0,y0400.png
0.999999974358975,0.9999999756097568,0.999999974984366,0.4010695165718207,0.4440377171276674,0.2127981198292692,0.0511765930848819,0.8634361195443343,0.8634361195443343,0,s0316.png
0.25,0.25,0.25,0.4166666550925929,0.5859890939882898,0.2113557203674029,0.0980631510390065,0.8458149742475112,0.8458149742475112,0,r0091.png
0.9999999761904768,0.9999999761904768,0.9999999761904768,0.426900582298827,0.332199276013529,0.1499644395158643,0.0574227923522784,0.8766519785169516,0.8766519785169516,1,ZB0383.png
0.25,0.25,0.25,0.1975308617588782,0.4214570466947684,0.1360938985397942,0.0533035976851949,0.889867837489569,0.889867837489569,1,J0452.png
0.99999997826087,0.99999997826087,0.99999997826087,0.5025380685150352,0.3935181802886838,0.2066376385410544,0.0690819139872431,0.8678414058685401,0.8678414058685401,0,q0134.png
0.9999999600000016,0.99999997826087,0.9999999691304358,0.2674418573553273,0.4752355201850151,0.1914132542060061,0.0527497194150405,0.8722466921927459,0.8722466921927459,1,D0076.png
0.9999999687500012,0.9999999687500012,0.9999999687500012,0.3734939736536508,0.3949484946514061,0.1592881172504826,0.0615498418513021,0.8722466921927459,0.8722466921927459,1,ZB0999.png
0.999999981132076,0.999999981132076,0.999999981132076,0.7380952322373394,0.3328040791188644,0.1924638032890081,0.0402337472595987,0.8149779699780706,0.8149779699780706,0,l0230.png
0.9999999729729736,0.9999999756097568,0.9999999742913652,0.3968253947257916,0.4397310335047891,0.2031215330644256,0.0529914529900594,0.8590308332201285,0.8590308332201285,0,s0064.png
0.9999999629629645,0.9999999696969708,0.9999999663299676,2.261904708049888,0.4524394119787833,0.2025968743988224,0.0518462529030025,0.8325991152748937,0.8325991152748937,0,g0103.png
0.999999985294118,0.999999985294118,0.999999985294118,0.8041237030502711,0.3164457863114488,0.1558292869835473,0.0661764705866451,0.8986784101379806,0.8986784101379806,1,A0506.png
0.9999999714285724,0.9999999756097568,0.9999999735191644,0.5642458069036547,0.3265458403732044,0.2024657959078806,0.0446769924506255,0.889867837489569,0.889867837489569,0,o0015.png
0.9999999736842112,0.9999999791666672,0.9999999764254393,0.0784313710111496,0.4808153679371156,0.131793620297511,0.0444942677504508,0.9162995554348036,0.9162995554348036,0,j0236.png
0.25,0.25,0.25,1.0842105149030472,0.2449252662397499,0.0782368133756736,0.0183224271262743,0.9030836964621864,0.9030836964621864,1,M0143.png
0.999999982758621,0.999999982758621,0.999999982758621,4.318181621900835,0.5431741969764586,0.2031106837448894,0.0480949581465217,0.8325991152748937,0.8325991152748937,1,L0398.png
0.25,0.25,0.25,0.3697916647406684,0.4241715175653595,0.1936126765416325,0.048149956595916,0.8458149742475112,0.8458149742475112,1,G0363.png
0.99999997826087,0.99999997826087,0.99999997826087,0.612499996171875,0.3196995124580444,0.2058353754483747,0.0691638900440138,0.8634361195443343,0.8634361195443343,0,y1493.png
0.9999999545454564,0.9999999642857156,0.999999959415586,0.2117647033910035,0.3764975091367908,0.1208020878189594,0.0260262573958481,0.9162995554348036,0.9162995554348036,1,I1243.png
0.25,0.25,0.25,3.0555553858024784,0.6056109887589244,0.2463899250647404,0.0855471668920727,0.8678414058685401,0.8678414058685401,0,n0257.png
0.9999999666666678,0.9999999666666678,0.9999999666666678,4.19999979000001,0.5594840388412309,0.1669817176328012,0.0660264756926533,0.8458149742475112,0.8458149742475112,0,w0787.png
0.9999999756097568,0.9999999777777784,0.9999999766937676,0.4266666609777779,0.4075782893510505,0.2151234454914639,0.0641127206862802,0.8281938289506879,0.8281938289506879,1,ZC0959.png
0.9999999523809546,0.9999999523809546,0.9999999523809546,3.666665444444852,0.7717631736922967,0.3066254689906831,0.1191355575190276,0.7973568246812475,0.7973568246812475,1,ZA0907.png
0.9999999545454564,0.999999974358975,0.9999999644522156,0.2318840568508016,0.3704644536056622,0.1512637159228883,0.0404210133249219,0.911894269110598,0.911894269110598,1,U0356.png
0.9999999800000005,0.9999999677419364,0.9999999738709684,0.5181818158264463,0.3876865073883772,0.2094453152711012,0.0567835587716279,0.9999999955947136,0.9999999955947136,0,zb0004.png
0.9999999729729736,0.9999999800000005,0.9999999764864872,0.2555555527160494,0.3938221646778878,0.1795074958935673,0.040928019035314,0.9030836964621864,0.9030836964621864,0,b0021.png
0.9999999714285724,0.999999958333335,0.9999999648809536,0.8791208694602103,0.3592888744402001,0.1351727142027115,0.0289084918687185,0.8546255468959227,0.8546255468959227,1,W0495.png
0.9999999705882362,0.999999972222223,0.9999999714052296,0.3793103426476417,0.4611243892691856,0.2457968690595449,0.0969888231401186,0.8590308332201285,0.8590308332201285,0,zb0533.png
0.9999999714285724,0.9999999761904768,0.9999999738095248,0.3466666620444445,0.3615927696438834,0.1539820830815265,0.0435496519938351,0.889867837489569,0.889867837489569,0,m0281.png
0.9999999687500012,0.9999999677419364,0.9999999682459688,0.230769226331361,0.4882557425123067,0.1533202582444505,0.0512783544778143,0.8986784101379806,0.8986784101379806,0,v0472.png
0.999999958333335,0.999999958333335,0.999999958333335,0.6911764604238756,0.5302986274509803,0.2335993822236667,0.1143499999971412,0.8810572648411574,0.8810572648411574,1,T0062.png
0.9999999818181822,0.999999981132076,0.999999981475129,5.166666379629645,0.53764245668206,0.1990876694172573,0.0517111804817981,0.8193832563022764,0.8193832563022764,1,L0149.png
0.999999958333335,0.9999999629629645,0.9999999606481496,0.2580645078043707,0.5508862660217789,0.1825572321653001,0.0450926331509419,0.8678414058685401,0.8678414058685401,0,d0994.png
0.25,0.25,0.25,1.188679222855109,0.4535173203754911,0.200840124524194,0.0921367016539467,0.850220260571717,0.850220260571717,1,P0203.png
0.9999999629629645,0.9999999629629645,0.9999999629629645,0.689393934171258,0.3775518104395109,0.2874306784499047,0.1196816651331578,0.8722466921927459,0.8722466921927459,0,a0485.png
0.25,0.25,0.25,2.4761903582766496,0.4604705349772321,0.2045212352791184,0.070308963329835,0.8281938289506879,0.8281938289506879,1,N0655.png
0.25,0.25,0.25,1.71428568367347,0.4577377103633318,0.2387125535996166,0.1064663797564083,0.8414096879233054,0.8414096879233054,0,za0491.png
0.25,0.25,0.25,0.7164179051013589,0.2423449004612124,0.1294467429644085,0.0311669088009877,0.8414096879233054,0.8414096879233054,1,Y0893.png
0.9999999714285724,0.9999999729729736,0.9999999722007732,0.8529411639273359,0.4096228442310286,0.2195025277327448,0.0443792659180291,0.8414096879233054,0.8414096879233054,1,F0221.png
0.9999999714285724,0.9999999714285724,0.9999999714285724,2.1428569897959293,0.6194254577770524,0.1911931274618129,0.0723204994776182,0.8193832563022764,0.8193832563022764,0,w0663.png
0.9999999600000016,0.9999999600000016,0.9999999600000016,0.1830985889704424,0.5516665534908425,0.2375595859619637,0.0805390748723311,0.850220260571717,0.850220260571717,0,n0688.png
0.25,0.25,0.25,0.9193548312955256,0.341294888581682,0.2288688608706441,0.0518154825428047,0.9999999955947136,0.9999999955947136,1,E0300.png
0.9999999696969708,0.9999999803921572,0.999999975044564,0.2199999978,0.3849494232606795,0.1703794329741184,0.0317654821370589,0.907488982786392,0.907488982786392,0,b0096.png
0.9999999677419364,0.9999999629629645,0.9999999653524504,0.4823529383391003,0.4525830504377328,0.2403556988932628,0.0913487086807485,0.8546255468959227,0.8546255468959227,0,zb0210.png
0.9999999736842112,0.9999999767441866,0.999999975214199,1.610169464234416,0.4628115169250141,0.241755056096054,0.1023487584305492,0.8325991152748937,0.8325991152748937,0,za0894.png
0.9999999615384628,0.9999999615384628,0.9999999615384628,1.4249999821875003,0.5577639699556199,0.3746416529210196,0.1493916047245358,0.9999999955947136,0.9999999955947136,1,ZA0036.png
0.9999999500000024,0.9999999500000024,0.9999999500000024,1.3906249782714848,0.6539624915393798,0.3492663467018178,0.142925683691247,0.8766519785169516,0.8766519785169516,1,ZA0273.png
0.25,0.25,0.25,0.1971830958143226,0.608683939901746,0.2384156572416066,0.0877136596029886,0.8149779699780706,0.8149779699780706,0,n0144.png
0.25,0.25,0.25,0.4378698198942614,0.3395730392156862,0.150842016865485,0.0585249999985368,0.8810572648411574,0.8810572648411574,1,ZB1626.png
0.9999999714285724,0.99999997826087,0.9999999748447213,0.230769226331361,0.4117404901960784,0.1321175182528297,0.0484999999987875,0.8810572648411574,0.8810572648411574,1,X0579.png
0.25,0.25,0.25,0.7812499918619793,0.297636581386419,0.1494963909089544,0.0623407508053497,0.8942731238137748,0.8942731238137748,1,A0904.png
0.9999999756097568,0.9999999767441866,0.9999999761769716,2.999999833333342,0.3975521849353328,0.1634652746516349,0.071146822496095,0.8149779699780706,0.8149779699780706,0,zc1523.png
0.9999999772727278,0.9999999807692312,0.9999999790209796,0.6190476131519275,0.3972710921370332,0.2038667313737249,0.0857108863751169,0.9030836964621864,0.9030836964621864,1,Q0391.png
0.999999974358975,0.999999974358975,0.999999974358975,0.1829268270374777,0.3889816355739592,0.1534759552569276,0.0315091210605799,0.8854625511653632,0.8854625511653632,1,I0986.png
0.9999999615384628,0.9999999615384628,0.9999999615384628,0.7096773964620194,0.5705923185600771,0.186748530420535,0.0491201582661099,0.8634361195443343,0.8634361195443343,0,d0648.png
0.25,0.25,0.25,0.5999999600000027,0.4172430501089325,0.1459432538433417,0.0615111111001758,0.330396474315434,0.330396474315434,0,i0496.png
0.9999999600000016,0.9999999756097568,0.9999999678048792,0.2325581368307193,0.3736745098039216,0.127324919919876,0.0292249999992693,0.8810572648411574,0.8810572648411574,1,I0675.png
0.999999958333335,0.999999972222223,0.999999965277779,0.3854166646592882,0.3266037424585218,0.1493430359495344,0.057992788460198,0.9162995554348036,0.9162995554348036,1,ZB0395.png
0.999999956521741,0.999999956521741,0.999999956521741,0.8732394243205716,0.5338615434052715,0.2355248954738402,0.1030782050932279,0.8766519785169516,0.8766519785169516,1,T0580.png
0.9999999767441866,0.9999999761904768,0.9999999764673316,0.9347825985349718,0.4290417510009592,0.2054898042192062,0.0988628565802651,0.889867837489569,0.889867837489569,1,P0084.png
0.9999999767441866,0.9999999767441866,0.9999999767441866,0.7777777711301045,0.3427340166835965,0.1908804745573075,0.0387030551854032,0.8017621110054532,0.8017621110054532,0,l0105.png
0.9999999772727278,0.9999999772727278,0.9999999772727278,0.6874999946289063,0.3768444392878782,0.2825391173663633,0.134779750160821,0.8590308332201285,0.8590308332201285,0,a1128.png
0.9999999696969708,0.9999999696969708,0.9999999696969708,0.7803030243916438,0.4143110732620009,0.3064207358804645,0.1226493818990733,0.9999999955947136,0.9999999955947136,0,a0469.png
0.25,0.25,0.25,0.246575339088009,0.4748316576194377,0.1946584640543571,0.0705196030749944,0.8237885426264822,0.8237885426264822,1,N0512.png
0.9999999761904768,0.9999999772727278,0.9999999767316023,0.1785714264455782,0.3819945244997333,0.134216077897423,0.0266082522703247,0.8854625511653632,0.8854625511653632,1,I0924.png
0.9999999886363636,0.9999999886363636,0.9999999886363636,0.612903222511273,0.2974235334452825,0.2207407718449088,0.028139494264819,0.9999999955947136,0.9999999955947136,0,e0619.png
0.9999999696969708,0.9999999729729736,0.9999999713349722,1.2499999553571444,0.6075404879833878,0.1897423957502783,0.0695529513870021,0.8458149742475112,0.8458149742475112,1,V0252.png
0.25,0.25,0.25,0.33749999578125,0.3725916212464814,0.1545213045239773,0.0404137996031573,0.907488982786392,0.907488982786392,0,m0148.png
0.25,0.25,0.25,0.7833333268055557,0.2813688875278495,0.2105565893598889,0.0575486645524686,0.8281938289506879,0.8281938289506879,1,E0662.png
0.9999999687500012,0.9999999687500012,0.9999999687500012,0.7499999943181819,0.3684098861460715,0.2804498837423026,0.1210845832027067,0.8722466921927459,0.8722466921927459,0,a0714.png
0.25,0.25,0.25,0.7142856632653098,0.4230198599182556,0.1499177200545756,0.0695592286341691,0.290748897397582,0.290748897397582,0,i0294.png
0.9999999729729736,0.99999997826087,0.999999975616922,0.2452830142399431,0.407636862745098,0.1357959651398033,0.0513499999987162,0.8810572648411574,0.8810572648411574,1,X1359.png
0.9999999767441866,0.9999999756097568,0.9999999761769716,0.432432426588751,0.4165476341428203,0.2205958761655134,0.0621203213778416,0.8325991152748937,0.8325991152748937,1,ZC0465.png
0.9999999705882362,0.9999999629629645,0.9999999667756004,0.2179487151545036,0.4720620274253492,0.1750474802403263,0.0792003075721068,0.8986784101379806,0.8986784101379806,0,v0545.png
0.9999999615384628,0.9999999750000008,0.9999999682692318,0.9431818074638432,0.3658768046937962,0.1344761947755959,0.0258261966757275,0.850220260571717,0.850220260571717,1,W0601.png
0.9999999600000016,0.9999999600000016,0.9999999600000016,0.679999972800001,0.5569776763891152,0.1871200361339558,0.0513019390567506,0.8370044015990996,0.8370044015990996,0,d0062.png
0.9999999629629645,0.9999999629629645,0.9999999629629645,0.837398367175623,0.3770508217564242,0.2921780838014812,0.1243545508596227,0.9030836964621864,0.9030836964621864,0,a0432.png
0.25,0.25,0.25,0.6933333287111112,0.2279188783501566,0.0856205448290982,0.0235068417154329,0.9162995554348036,0.9162995554348036,1,M0392.png
0.9999999772727278,0.9999999777777784,0.999999977525253,0.8985507116152072,0.424088002547958,0.2216273017830534,0.0525301957504026,0.8634361195443343,0.8634361195443343,1,F0013.png
0.999999956521741,0.9999999772727278,0.9999999668972344,0.2261904734977324,0.3783314863815576,0.1330834960930383,0.0287629757778555,0.8986784101379806,0.8986784101379806,1,I0666.png
0.9999999833333336,0.9999999833333336,0.9999999833333336,4.523809308390033,0.545022178967609,0.2038658371637857,0.0538618739661862,0.8325991152748937,0.8325991152748937,1,L0547.png
0.9999999600000016,0.9999999787234048,0.9999999693617032,0.1911764677768166,0.4430148187394272,0.1365430794309104,0.0569618831549839,0.9295154144074212,0.9295154144074212,1,J0057.png
0.9999999705882362,0.9999999736842112,0.9999999721362238,0.598837205820714,0.3350423067501837,0.1856406493433077,0.0381677572864207,0.9030836964621864,0.9030836964621864,1,O0167.png
0.9999999615384628,0.9999999803921572,0.99999997096531,0.5892857107780612,0.3095118345266889,0.2241824829203968,0.0364248546057436,0.8722466921927459,0.8722466921927459,0,e0368.png
0.25,0.25,0.25,0.6845637537948741,0.2276394981298108,0.0842182241474955,0.0223252202183424,0.8942731238137748,0.8942731238137748,1,M0453.png
0.9999999814814818,0.9999999814814818,0.9999999814814818,3.27586195600476,0.5459192181673767,0.2012162659738745,0.0543377844949934,0.8325991152748937,0.8325991152748937,1,L0573.png
0.9999999655172426,0.9999999803921572,0.9999999729547,0.6031745999832032,0.3415905530447541,0.1936474739677814,0.0328746919204161,0.9999999955947136,0.9999999955947136,1,O1313.png
0.9999999545454564,0.9999999545454564,0.9999999545454564,0.6249999609375024,0.5654768921375256,0.1852991825807771,0.0526232741603517,0.8590308332201285,0.8590308332201285,0,d0307.png
0.25,0.25,0.25,2.257142792653063,0.482623402002725,0.2367755710042188,0.1060238177793379,0.8193832563022764,0.8193832563022764,0,za1012.png
0.25,0.25,0.25,2.177777729382717,0.4480984230426864,0.2106952752049459,0.0658319450211934,0.8634361195443343,0.8634361195443343,1,N0735.png
0.25,0.25,0.25,0.2567567532870709,0.458261774097394,0.2019411387938714,0.0667169929178801,0.8634361195443343,0.8634361195443343,1,N0163.png
0.25,0.25,0.25,0.6874999570312527,0.4056410845588235,0.1538409600275099,0.0678710937334299,0.2819383247491703,0.2819383247491703,0,i0947.png
0.999999958333335,0.9999999772727278,0.9999999678030314,0.3007518774379558,0.3887928328194403,0.2079459783221966,0.0706204273308113,0.9999999955947136,0.9999999955947136,0,m0470.png
0.25,0.25,0.25,0.693430651872769,0.244496116452121,0.1237750789752121,0.0199168975063734,0.8370044015990996,0.8370044015990996,1,Y0835.png
0.9999999855072468,0.9999999855072468,0.9999999855072468,0.5827338087573107,0.3067187761292145,0.1627667633344216,0.0671992941851975,0.889867837489569,0.889867837489569,1,A0257.png
0.9999999696969708,0.9999999666666678,0.9999999681818192,0.2203389793162884,0.486135101229841,0.1541052448365731,0.0667760724836636,0.9162995554348036,0.9162995554348036,0,v0311.png
0.25,0.25,0.25,0.6217948678090073,0.3106565829639326,0.2042831152118705,0.0681360573419921,0.850220260571717,0.850220260571717,0,y0280.png
0.25,0.25,0.25,0.4782608487712674,0.3635130718954248,0.1375364982103104,0.0630555555380401,0.2643171794523472,0.2643171794523472,0,i0838.png
0.9999999642857156,0.9999999824561407,0.9999999733709282,0.6211180085644844,0.3238160454454754,0.2279166602561997,0.0433574909713553,0.8766519785169516,0.8766519785169516,0,e1042.png
0.9999999777777784,0.9999999777777784,0.9999999777777784,0.6357615851936319,0.3969896769471677,0.2023526233771209,0.0633951822899469,0.8458149742475112,0.8458149742475112,0,q0366.png
0.9999999687500012,0.9999999677419364,0.9999999682459688,0.8333331944444675,0.6264579706886487,0.1966048591193299,0.0654841888361705,0.806167397329659,0.806167397329659,1,K0364.png
0.9999999729729736,0.9999999729729736,0.9999999729729736,0.3463414617251636,0.3488887800212292,0.1684945159037226,0.0688637715629062,0.9030836964621864,0.9030836964621864,1,ZB0812.png
0.25,0.25,0.25,1.959999921600003,0.4562214765569614,0.2062342818589258,0.0709410377985542,0.8414096879233054,0.8414096879233054,1,N0838.png
0.999999972222223,0.9999999756097568,0.99999997391599,0.5674157271493498,0.314686276431953,0.1764276974523139,0.0292373296728448,0.889867837489569,0.889867837489569,1,O0615.png
0.25,0.25,0.25,0.2452830142399431,0.401721564841872,0.1337080044873368,0.0457166901798045,0.8854625511653632,0.8854625511653632,1,X1108.png
0.9999999714285724,0.9999999750000008,0.9999999732142866,0.794871788078019,0.2949315229378823,0.2117028107378919,0.0655953250528679,0.8149779699780706,0.8149779699780706,1,E0667.png
0.25,0.25,0.25,0.6513157851887119,0.4012223766571227,0.2087419438281273,0.0685923368273186,0.8678414058685401,0.8678414058685401,0,q0089.png
0.9999999677419364,0.999999982758621,0.9999999752502788,0.5872092989115738,0.3114982960148082,0.2233561005063259,0.0422997745308719,0.889867837489569,0.889867837489569,0,e0293.png
0.9999999696969708,0.9999999714285724,0.9999999705627716,0.2549019557862362,0.4875622915997782,0.1604451694693104,0.0672716246250697,0.9295154144074212,0.9295154144074212,0,v0516.png
0.9999999666666678,0.9999999777777784,0.999999972222223,0.4999999975,0.3346781372549019,0.1840433907116955,0.0370999999990725,0.8810572648411574,0.8810572648411574,1,U0144.png
0.999999958333335,0.9999999545454564,0.9999999564393958,0.8666666584126985,0.335754281141516,0.2316369395462241,0.0973626501562738,0.9999999955947136,0.9999999955947136,1,C0111.png
0.25,0.25,0.25,0.7142856122449125,0.4535216804476302,0.1663140975468924,0.0752951659444653,0.2951541837217877,0.2951541837217877,0,i0663.png
0.25,0.25,0.25,0.5686274398308345,0.1886323997127321,0.0802046882241889,0.0557094490441029,0.2511013204797299,0.2511013204797299,1,E0121.png
0.9999999761904768,0.9999999787234048,0.9999999774569408,2.937499816406261,0.3989351021615779,0.1609721516110339,0.0709946530032475,0.8325991152748937,0.8325991152748937,0,zc1180.png
0.9999999787234048,0.9999999787234048,0.9999999787234048,0.776859497711905,0.3397491545282667,0.1898541553318177,0.0421570846524966,0.8281938289506879,0.8281938289506879,0,l0124.png
0.9999999777777784,0.999999972222223,0.9999999750000008,0.5352112650929048,0.3941261326669658,0.2228837298821367,0.066758524324812,0.9999999955947136,0.9999999955947136,0,zb1122.png
0.25,0.25,0.25,0.2112676026582028,0.4080609472145706,0.1632414301184607,0.0415688253208568,0.9999999955947136,0.9999999955947136,1,X1218.png
0.9999999714285724,0.999999972222223,0.9999999718253976,0.799999840000032,0.4791822181099031,0.129923344608569,0.0358433414806078,0.8546255468959227,0.8546255468959227,0,k0397.png
0.9999999615384628,0.9999999705882362,0.9999999660633496,0.4999999975728155,0.3157157537348052,0.1677754607467073,0.0381280045235618,0.907488982786392,0.907488982786392,1,U0129.png
0.9999999761904768,0.9999999772727278,0.9999999767316023,3.071428352040832,0.4102761638681937,0.1674014327310741,0.0776228733436429,0.8105726836538648,0.8105726836538648,0,zc0497.png
0.999999956521741,0.999999956521741,0.999999956521741,0.6086956483931948,0.304017219132551,0.2140910261984439,0.065884006662175,0.8634361195443343,0.8634361195443343,0,y1087.png
0.25,0.25,0.25,0.5454544958677732,0.433401309742647,0.1504558221585429,0.0676269531084895,0.2819383247491703,0.2819383247491703,0,i0283.png
0.9999999615384628,0.9999999756097568,0.99999996857411,0.5838150255270808,0.3291826886443793,0.1809613452865014,0.0328457216397404,0.8854625511653632,0.8854625511653632,1,O0625.png
0.999999956521741,0.9999999787234048,0.9999999676225728,2.8124998242187607,0.5370175621268916,0.2245461218016414,0.0858496459786065,0.8634361195443343,0.8634361195443343,0,n1060.png
0.9999999729729736,0.9999999666666678,0.9999999698198208,0.1818181763085401,0.5046781592298588,0.1620192889067798,0.0608900422899632,0.8986784101379806,0.8986784101379806,0,v0217.png
0.9999999756097568,0.9999999777777784,0.9999999766937676,2.74999982812501,0.3962568493694159,0.1619342239227938,0.0728407908407665,0.8193832563022764,0.8193832563022764,0,zc1500.png
0.9999999729729736,0.9999999615384628,0.9999999672557184,1.9387754706372355,0.2354943623539951,0.1535373619992249,0.0606366003174424,0.8325991152748937,0.8325991152748937,1,H0583.png
0.25,0.25,0.25,0.5838150255270808,0.3176703546941907,0.180767141432153,0.0318061434115045,0.8854625511653632,0.8854625511653632,1,O0597.png
0.25,0.25,0.25,1.175257719842704,0.5759879359766573,0.3740765205829133,0.1333229831719357,0.9999999955947136,0.9999999955947136,1,ZA0270.png
0.9999999687500012,0.9999999687500012,0.9999999687500012,0.6693548333116546,0.4097440506775515,0.2922934482492433,0.1363343554295051,0.8678414058685401,0.8678414058685401,0,a0110.png
0.99999997826087,0.9999999814814818,0.999999979871176,0.6273291886501293,0.3406148459730418,0.2360915134297621,0.0387861686582315,0.8854625511653632,0.8854625511653632,0,e0507.png
0.25,0.25,0.25,0.6808510590010564,0.2578901399654184,0.1242744920591728,0.0242866149495823,0.8414096879233054,0.8414096879233054,1,Y0266.png
0.25,0.25,0.25,0.2599999948000001,0.4024390255507672,0.1332566314880418,0.0429517823765936,0.8942731238137748,0.8942731238137748,1,X1036.png
0.25,0.25,0.25,0.1807228893888808,0.4339854637740648,0.1396881791282239,0.0573175570011594,0.911894269110598,0.911894269110598,1,J0125.png
0.9999999629629645,0.9999999642857156,0.99999996362434,2.214285661564628,0.2380285022701556,0.1455716193846854,0.0535281227157479,0.8149779699780706,0.8149779699780706,1,H0167.png
0.25,0.25,0.25,0.8115941911363161,0.5404266380676661,0.2331234297516536,0.1055528900758679,0.8766519785169516,0.8766519785169516,1,T0587.png
0.9999999714285724,0.999999958333335,0.9999999648809536,0.9999997500000624,0.638015442863536,0.1967855829458914,0.06173771283475,0.8017621110054532,0.8017621110054532,1,K0124.png
0.25,0.25,0.25,0.3571428316326549,0.5098759072333733,0.154275395222435,0.044891518736492,0.8590308332201285,0.8590308332201285,0,x0016.png
0.25,0.25,0.25,0.693430651872769,0.2440351723679869,0.1257885621423569,0.0275748159338323,0.8325991152748937,0.8325991152748937,1,Y1003.png
0.9999999772727278,0.9999999772727278,0.9999999772727278,0.2452830142399431,0.4029997316121567,0.1283219553728139,0.0421771738312869,0.8854625511653632,0.8854625511653632,1,X1132.png
0.999999981132076,0.9999999821428576,0.9999999816374668,2.434782502835543,0.5398850735405072,0.1992125520581096,0.0523709823434707,0.8281938289506879,0.8281938289506879,1,L0048.png
0.9999999687500012,0.9999999666666678,0.9999999677083344,1.9999999591836743,0.2313970486153645,0.1512951973037934,0.0484173261128587,0.8634361195443343,0.8634361195443343,1,H0178.png
0.9999999677419364,0.999999974358975,0.9999999710504556,0.2515337407881365,0.4980577212009179,0.2421370810440334,0.0833843485337367,0.8722466921927459,0.8722466921927459,0,zb0220.png
0.9999999750000008,0.9999999756097568,0.9999999753048788,0.70886075052075,0.3810173403278702,0.1471138377473226,0.0376201396573573,0.8678414058685401,0.8678414058685401,1,W1123.png
0.9999999814814818,0.9999999803921572,0.9999999809368196,0.6190476131519275,0.3954747757520617,0.2062645786102517,0.0784295062444157,0.9030836964621864,0.9030836964621864,1,Q0376.png
0.999999972222223,0.9999999545454564,0.9999999633838398,2.214285661564628,0.2641645397384666,0.1608995880934662,0.0725200876531038,0.8149779699780706,0.8149779699780706,1,H0565.png
0.9999999642857156,0.9999999791666672,0.9999999717261914,0.15662650413703,0.4057747058823529,0.1430911097520762,0.0284749999992881,0.8810572648411574,0.8810572648411574,1,I0155.png
0.9999999791666672,0.9999999772727278,0.9999999782196975,0.3749999921875002,0.4687428032437464,0.157749769935907,0.0439660558089346,0.8634361195443343,0.8634361195443343,0,x1260.png
0.9999999545454564,0.9999999772727278,0.999999965909092,0.4343434299561269,0.3254419607843137,0.1292292503047702,0.0506249999987343,0.8810572648411574,0.8810572648411574,1,S0509.png
0.9999999803921572,0.9999999803921572,0.9999999803921572,0.5892857107780612,0.28291540879182,0.1947074155403247,0.0717018671545836,0.8722466921927459,0.8722466921927459,0,y0974.png
0.999999956521741,0.9999999687500012,0.9999999626358712,1.1481481056241445,0.6032795050212667,0.1905279677513618,0.0669305983614908,0.8546255468959227,0.8546255468959227,1,V0306.png
0.9999999545454564,0.9999999843750004,0.9999999694602284,0.5026177984156136,0.1523792938682559,0.1153598889614563,0.0307831473909491,0.8414096879233054,0.8414096879233054,1,H0088.png
0.9999999750000008,0.9999999761904768,0.9999999755952388,0.853211001346688,0.3207202918165763,0.2182439265234895,0.0704416695551381,0.8193832563022764,0.8193832563022764,1,E0969.png
0.9999999756097568,0.9999999777777784,0.9999999766937676,0.5254237199080726,0.4117293804764892,0.2147082922607637,0.059023706709971,0.8237885426264822,0.8237885426264822,1,ZC0589.png
0.999999972222223,0.9999999705882362,0.9999999714052296,0.7142856632653098,0.4913352047333711,0.1783108330093732,0.0664480195605106,0.9999999955947136,0.9999999955947136,0,v0342.png
0.25,0.25,0.25,0.1463414616299821,0.4202704901960784,0.1647106008870972,0.0290999999992725,0.8810572648411574,0.8810572648411574,1,I0178.png
0.25,0.25,0.25,2.190476086167805,0.4520814102651547,0.2033289386668035,0.0664021232171299,0.8678414058685401,0.8678414058685401,1,N0157.png
0.9999999696969708,0.9999999687500012,0.999999969223486,0.2599999948000001,0.4848253054775483,0.158366434323585,0.064307420839518,0.889867837489569,0.889867837489569,0,v0456.png
0.25,0.25,0.25,0.4999999974489796,0.3924154355619799,0.2031136330015314,0.0658579758416842,0.8634361195443343,0.8634361195443343,0,q0337.png
0.999999974358975,0.9999999772727278,0.9999999758158514,0.99999950000025,0.47443,0.11202368933559,0.0394999999990125,0.8810572648411574,0.8810572648411574,0,k0253.png
0.25,0.25,0.25,0.4999999973958333,0.1405998944716775,0.1101722712527466,0.0305175781241721,0.8458149742475112,0.8458149742475112,1,H0020.png
0.9999999756097568,0.9999999756097568,0.9999999756097568,0.6769230665088759,0.4638943142361111,0.2151406175231358,0.0490722656236688,0.8458149742475112,0.8458149742475112,1,F0163.png
0.9999999629629645,0.9999999875000002,0.9999999752314824,0.611764702283737,0.3285660223154817,0.231640193778568,0.0372004014087329,0.911894269110598,0.911894269110598,0,e0845.png
0.9999999545454564,0.9999999777777784,0.9999999661616176,0.1999999976470588,0.3752205397193281,0.1205243912189546,0.027405976057418,0.907488982786392,0.907488982786392,1,I1140.png
0.25,0.25,0.25,0.6965517193341261,0.2310988225393372,0.0794247060433154,0.0198509937867911,0.8854625511653632,0.8854625511653632,1,M0306.png
0.9999999736842112,0.99999997826087,0.9999999759725406,0.5099009875747476,0.4182629313247937,0.2204713116289795,0.0685827398150831,0.9999999955947136,0.9999999955947136,0,zb0335.png
0.9999999868421054,0.9999999868421054,0.9999999868421054,0.985915479071613,0.4080357704332795,0.2019928445692002,0.0789452043507868,0.8414096879233054,0.8414096879233054,1,P0501.png
0.25,0.25,0.25,0.8571428448979594,0.5125679863782248,0.2320762955681082,0.1125312369816604,0.8634361195443343,0.8634361195443343,1,T0235.png
0.9999999736842112,0.999999972222223,0.9999999729532172,0.1578947326869807,0.4820534715079534,0.1755854707929559,0.0605872421343207,0.9999999955947136,0.9999999955947136,0,v0222.png
0.9999999687500012,0.999999972222223,0.999999970486112,0.3959390842845732,0.4450682806040038,0.2370541674168887,0.0832281171871672,0.8678414058685401,0.8678414058685401,0,zb0761.png
0.9999999600000016,0.9999999714285724,0.999999965714287,0.155172411117717,0.558995810289928,0.1836702321128376,0.0489151873754394,0.8590308332201285,0.8590308332201285,0,d0430.png
0.25,0.25,0.25,0.6470588193002692,0.396517888765442,0.2053900028940971,0.0631554536302621,0.8678414058685401,0.8678414058685401,0,q0170.png
0.9999999777777784,0.9999999772727278,0.999999977525253,0.7863247796040618,0.4054998917419051,0.2690140992720562,0.1089095460787341,0.9999999955947136,0.9999999955947136,0,c0370.png
0.999999958333335,0.999999958333335,0.999999958333335,0.7684210445429364,0.299264681855489,0.1452265382344658,0.0506567983518611,0.889867837489569,0.889867837489569,1,A1083.png
0.9999999545454564,0.9999999545454564,0.9999999545454564,0.3886010342559532,0.3423978041368493,0.1517814448662175,0.0549701009691459,0.889867837489569,0.889867837489569,1,ZB0902.png
0.9999999761904768,0.9999999677419364,0.9999999719662068,6.714284755102177,0.5330670450562961,0.1806867530648485,0.0762095130882375,0.9999999955947136,0.9999999955947136,0,w0307.png
0.999999974358975,0.9999999729729736,0.9999999736659744,0.3418367329498126,0.356003421776874,0.1464050267922783,0.0484433569333495,0.8634361195443343,0.8634361195443343,1,U0457.png
0.9999999545454564,0.9999999750000008,0.9999999647727288,0.1807228893888808,0.4032258821896106,0.1510053616745807,0.0322261557675909,0.8634361195443343,0.8634361195443343,1,I0589.png
0.9999999750000008,0.9999999791666672,0.999999977083334,0.5747126403752147,0.3136674509803921,0.1763334971190339,0.0317749999992056,0.8810572648411574,0.8810572648411574,1,O0541.png
0.9999999629629645,0.9999999629629645,0.9999999629629645,0.124999996875,0.5607002616957367,0.1877885055371342,0.0532281393805857,0.8590308332201285,0.8590308332201285,0,d0481.png
0.25,0.25,0.25,0.6808510590010564,0.2388779318150871,0.1237644849581611,0.0259060329854083,0.8458149742475112,0.8458149742475112,1,Y1109.png
0.9999999600000016,0.9999999600000016,0.9999999600000016,0.4999999722222237,0.5659897632522397,0.1855706966230703,0.0511245314439003,0.8634361195443343,0.8634361195443343,0,d0625.png
0.9999999523809546,0.9999999523809546,0.9999999523809546,0.5245901610678133,0.3575852736928104,0.1729508356990144,0.0532226562485562,0.8458149742475112,0.8458149742475112,1,U0506.png
0.25,0.25,0.25,0.4999999974489796,0.3916224653126556,0.2028657686233513,0.0701530612226636,0.8634361195443343,0.8634361195443343,0,q0416.png
0.9999999696969708,0.9999999545454564,0.9999999621212136,0.2346938751561849,0.3336898572205793,0.1347789124499399,0.0565827578511278,0.8854625511653632,0.8854625511653632,1,S0195.png
0.25,0.25,0.25,0.7978723319375284,0.3012161764705882,0.1527010041057109,0.0635749999984106,0.8810572648411574,0.8810572648411574,1,A0786.png
0.9999999850746272,0.9999999850746272,0.9999999850746272,0.7599999924,0.3259244847254785,0.1762290868171369,0.0569660916107801,0.9030836964621864,0.9030836964621864,1,A0638.png
0.9999999736842112,0.9999999736842112,0.9999999736842112,1.5833333069444449,0.4516074086144153,0.2406656037486292,0.0901108033216035,0.8370044015990996,0.8370044015990996,0,za0876.png
0.25,0.25,0.25,0.350515462110745,0.4412991107804584,0.1911512071622231,0.0459666276956646,0.8546255468959227,0.8546255468959227,1,G0333.png
0.9999999642857156,0.9999999677419364,0.999999966013826,0.1830985889704424,0.5510002374060312,0.2335531806149895,0.0816129292039621,0.850220260571717,0.850220260571717,0,n0889.png
0.9999999750000008,0.9999999750000008,0.9999999750000008,1.0253164427175134,0.4969491482598032,0.2434762929193602,0.1301779913519778,0.850220260571717,0.850220260571717,1,T0957.png
0.25,0.25,0.25,0.611464964258185,0.3094696084074922,0.2051593300013452,0.0709410377985542,0.8414096879233054,0.8414096879233054,0,y1084.png
0.9999999761904768,0.9999999761904768,0.9999999761904768,0.2999999950000001,0.3902546672359206,0.1654975595761063,0.0561551512853201,0.907488982786392,0.907488982786392,1,B0271.png
0.25,0.25,0.25,0.8749999878472224,0.508681431756376,0.2325511375953232,0.1117503123669369,0.8634361195443343,0.8634361195443343,1,T0224.png
0.9999999772727278,0.9999999772727278,0.9999999772727278,0.8135593151393279,0.3111377343349828,0.1975600197870745,0.0685562347504576,0.8414096879233054,0.8414096879233054,0,y0419.png
0.25,0.25,0.25,0.5624999648437522,0.4297310807777846,0.1578553442564933,0.0754422476390628,0.2731277521007588,0.2731277521007588,0,i0585.png
0.9999999761904768,0.9999999772727278,0.9999999767316023,1.3235293728373714,0.3888094262030914,0.1477234779965997,0.0328731097953222,0.8590308332201285,0.8590308332201285,1,W0765.png
0.25,0.25,0.25,1.155172393876338,0.4283423330269608,0.1952631668502809,0.0650770399287902,0.8458149742475112,0.8458149742475112,1,P0386.png
0.9999999848484852,0.9999999848484852,0.9999999848484852,0.9761904645691613,0.4306767310394406,0.2018529120980652,0.0921968434444614,0.889867837489569,0.889867837489569,1,P0062.png
0.9999999705882362,0.9999999705882362,0.9999999705882362,0.4472049661664288,0.4479270899798683,0.2101739316767905,0.0946637870345151,0.8942731238137748,0.8942731238137748,0,u0313.png
0.999999974358975,0.9999999772727278,0.9999999758158514,0.6666664444445185,0.4801054002139975,0.1208178852234493,0.0351610782370766,0.8590308332201285,0.8590308332201285,0,k0362.png
0.9999999666666678,0.9999999642857156,0.9999999654761916,0.1527777756558642,0.5877172485109933,0.2341968286981121,0.0867756903551727,0.8281938289506879,0.8281938289506879,0,n0400.png
0.9999999545454564,0.9999999629629645,0.9999999587542104,0.4134615344859468,0.3173440361725863,0.1400958140712165,0.050301760055294,0.8766519785169516,0.8766519785169516,1,S0028.png
0.999999974358975,0.9999999756097568,0.999999974984366,0.3249999959375,0.3599352941176471,0.1318377818924944,0.0262499999993437,0.8810572648411574,0.8810572648411574,0,m0353.png
0.25,0.25,0.25,0.5471698009967962,0.1871900252868152,0.0850170021494334,0.0458602646827146,0.2511013204797299,0.2511013204797299,1,E0371.png
0.9999999736842112,0.9999999666666678,0.9999999701754396,0.2684210512188366,0.4426442887404269,0.1870122528988805,0.0534903047076595,0.8370044015990996,0.8370044015990996,0,s0478.png
0.999999974358975,0.9999999677419364,0.9999999710504556,0.2791878158416862,0.4405410307594913,0.1887089027939641,0.0482620010809796,0.8678414058685401,0.8678414058685401,0,s0481.png
0.99999997826087,0.9999999795918372,0.9999999789263536,0.2368420990304711,0.5055891505846257,0.157856939435444,0.0510716633780125,0.8590308332201285,0.8590308332201285,0,x0298.png
0.25,0.25,0.25,0.6470587854671302,0.3802789186680589,0.139237937686097,0.059644970400084,0.2863436110733762,0.2863436110733762,0,i0544.png
0.9999999841269844,0.9999999841269844,0.9999999841269844,0.8659793725156766,0.4143440305764751,0.202633343201757,0.0948673587059095,0.8986784101379806,0.8986784101379806,1,P0005.png
0.9999999642857156,0.9999999705882362,0.9999999674369758,1.5999999466666683,0.5961575549513756,0.1855486946491321,0.0683603713889307,0.8722466921927459,0.8722466921927459,1,V0608.png
0.25,0.25,0.25,0.387755100062474,0.3409971131309667,0.1696404938978457,0.0585693461042646,0.8634361195443343,0.8634361195443343,1,ZB0807.png
0.25,0.25,0.25,0.1764705861591695,0.45275201970792,0.1489677282164941,0.050437617651217,0.9999999955947136,0.9999999955947136,1,J0146.png
0.9999999714285724,0.9999999772727278,0.99999997435065,0.8061224407538526,0.3835470923063103,0.2743668829295136,0.1406705539321983,0.8634361195443343,0.8634361195443343,0,a0972.png
0.9999999729729736,0.9999999777777784,0.999999975375376,0.4430379718795065,0.4411380676402505,0.2032482340179418,0.0885687934003752,0.8458149742475112,0.8458149742475112,0,u0211.png
0.25,0.25,0.25,0.4715909064114153,0.4308208703341998,0.2142527321599331,0.0828659589729498,0.9999999955947136,0.9999999955947136,0,u0103.png
0.25,0.25,0.25,0.3571428316326549,0.5387735015295195,0.1599934050117248,0.047573079873083,0.8854625511653632,0.8854625511653632,0,x0507.png
0.99999997826087,0.9999999761904768,0.9999999772256736,0.279069760951866,0.3978376276904503,0.1619898743621119,0.0751590074330329,0.806167397329659,0.806167397329659,0,zc1570.png
0.99999997826087,0.9999999761904768,0.9999999772256736,0.2777777700617286,0.4083541729328693,0.1719736749402921,0.0760555149722116,0.8149779699780706,0.8149779699780706,0,zc0113.png
0.9999999772727278,0.999999981132076,0.999999979202402,0.1884057943709305,0.4686534405335811,0.1643684298771221,0.0572493159180801,0.9999999955947136,0.9999999955947136,1,J0058.png
0.9999999814814818,0.9999999814814818,0.9999999814814818,3.3103447134363893,0.5327708057538413,0.2035889277282094,0.0497793371878572,0.8414096879233054,0.8414096879233054,1,L0822.png
0.99999997826087,0.9999999772727278,0.9999999777667988,3.499999708333358,0.4031966746694053,0.1601853966307616,0.0718869233416612,0.8193832563022764,0.8193832563022764,0,zc0769.png
0.9999999761904768,0.9999999761904768,0.9999999761904768,0.8979591653477722,0.3805471643680791,0.1427796427053766,0.0315648432056593,0.8678414058685401,0.8678414058685401,1,W0957.png
0.25,0.25,0.25,0.447058820899654,0.3798928786297383,0.169911998111496,0.0428389373580325,0.889867837489569,0.889867837489569,1,ZB0929.png
0.9999999795918372,0.9999999795918372,0.9999999795918372,0.4777777724691359,0.3440120127251208,0.1491515753451757,0.052359669356681,0.8986784101379806,0.8986784101379806,1,S0251.png
0.9999999736842112,0.999999974358975,0.9999999740215932,0.499999750000125,0.4816664420870388,0.1129454629321548,0.037640566429674,0.8634361195443343,0.8634361195443343,0,k0141.png
0.9999999761904768,0.99999997826087,0.9999999772256736,2.933333137777791,0.4104576658653967,0.1663448217538048,0.0693471360327905,0.8237885426264822,0.8237885426264822,0,zc0469.png
0.9999999772727278,0.9999999761904768,0.9999999767316023,2.6666664888889007,0.4036859944063092,0.166863990471745,0.0725557827882984,0.7973568246812475,0.7973568246812475,0,zc0023.png
0.25,0.25,0.25,0.2236842075831025,0.4605770028118898,0.2012341925542176,0.066945405611617,0.8986784101379806,0.8986784101379806,1,N0713.png
0.9999999655172426,0.9999999756097568,0.9999999705634997,0.4999999975247525,0.3367975265785169,0.1640397278589387,0.0367611018518586,0.889867837489569,0.889867837489569,1,U0173.png
0.9999999696969708,0.9999999696969708,0.9999999696969708,0.6874999570312527,0.6028174752261585,0.2336349705251411,0.0837970450348456,0.8414096879233054,0.8414096879233054,0,n0431.png
0.9999999545454564,0.9999999545454564,0.9999999545454564,0.1807228893888808,0.3753243984089769,0.1245443835931573,0.0280547293271135,0.9030836964621864,0.9030836964621864,1,I1129.png
0.9999999756097568,0.99999997826087,0.9999999769353134,0.8706896476664686,0.3182080039758286,0.215217017031072,0.0632410088843533,0.8854625511653632,0.8854625511653632,1,E0270.png
0.9999999787234048,0.9999999787234048,0.9999999787234048,0.4999999974747475,0.385518084389148,0.2006293040210218,0.0700693806736539,0.8722466921927459,0.8722466921927459,0,q0318.png
0.25,0.25,0.25,0.4224598907889845,0.3319912778644714,0.1544609655902787,0.061394655900101,0.8986784101379806,0.8986784101379806,1,ZB0482.png
0.999999956521741,0.9999999666666678,0.9999999615942043,0.5026454999860026,0.2608967866982184,0.1399771305768682,0.0408163265294696,0.8325991152748937,0.8325991152748937,0,h0290.png
0.9999999807692312,0.9999999807692312,0.9999999807692312,0.4078212267719485,0.3394849962459675,0.1632423874549894,0.0665082547445234,0.8854625511653632,0.8854625511653632,1,ZB0023.png
0.9999999629629645,0.9999999629629645,0.9999999629629645,0.6196318980390682,0.3618945560947579,0.1995556999518125,0.0387614167956545,0.8854625511653632,0.8854625511653632,1,O0916.png
0.9999999696969708,0.9999999714285724,0.9999999705627716,2.149999892500005,0.6226303328514771,0.1621116808634039,0.0647743383723778,0.8105726836538648,0.8105726836538648,1,V0614.png
0.9999999803921572,0.9999999791666672,0.9999999797794122,0.4999998750000312,0.4859214059834509,0.1721159246867543,0.0228579507959548,0.907488982786392,0.907488982786392,0,i0894.png
0.25,0.25,0.25,0.599999940000006,0.4123812384400145,0.1379576517565863,0.0849234076632831,0.268722465776553,0.268722465776553,0,i0097.png
0.9999999756097568,0.9999999800000005,0.9999999778048786,0.5892857107780612,0.3180282115680666,0.1766084427747909,0.0295292329091311,0.8678414058685401,0.8678414058685401,1,O0303.png
0.25,0.25,0.25,0.2549019557862362,0.4105166544610197,0.1409821025050902,0.0497255171049474,0.889867837489569,0.889867837489569,1,X1316.png
0.25,0.25,0.25,0.8169013969450508,0.5109900082481973,0.230066951334505,0.1099021241120912,0.8634361195443343,0.8634361195443343,1,T0189.png
0.9999999830508478,0.9999999830508478,0.9999999830508478,3.99999983333334,0.5333600345520152,0.1984309754666355,0.0536024305541014,0.8458149742475112,0.8458149742475112,1,L0730.png
0.999999972222223,0.999999972222223,0.999999972222223,1.3928570931122466,0.6150946989038671,0.1823032702514868,0.0666232638870816,0.8458149742475112,0.8458149742475112,1,V0209.png
0.9999999791666672,0.9999999629629645,0.9999999710648158,1.0212765740153922,0.3859278064863329,0.1456220205821842,0.0346393225172268,0.8722466921927459,0.8722466921927459,1,W0929.png
0.25,0.25,0.25,0.3502824838967091,0.3875419033082583,0.1610682439039252,0.0617640238073188,0.8678414058685401,0.8678414058685401,1,ZB1033.png
0.25,0.25,0.25,0.8113207394090427,0.3322492229635524,0.1446602950209528,0.0402358654133153,0.4096916281511382,0.4096916281511382,1,O0084.png
0.9999999859154932,0.99999997826087,0.9999999820881816,0.8085106296966954,0.3137463308747993,0.1563004925333914,0.0572205100813603,0.8942731238137748,0.8942731238137748,1,A0654.png
0.9999999523809546,0.9999999756097568,0.9999999639953556,0.5740740687585735,0.4130612270680776,0.2090479740859024,0.0633037128496522,0.850220260571717,0.850220260571717,0,q0040.png
0.999999974358975,0.999999958333335,0.999999966346155,0.7173912991493384,0.3241683021540418,0.2400567967173306,0.0938424650521925,0.8722466921927459,0.8722466921927459,1,C0129.png
0.25,0.25,0.25,0.7519999939840001,0.2813491376632138,0.138152839518954,0.0371208691705205,0.8281938289506879,0.8281938289506879,0,h0169.png
0.999999982758621,0.999999981132076,0.9999999819453484,3.047618902494338,0.5700391542076365,0.2013634020996786,0.046583242349134,0.8325991152748937,0.8325991152748937,1,L0105.png
0.25,0.25,0.25,0.3571428316326549,0.5378306011645023,0.1600531939462847,0.0466077572325782,0.8854625511653632,0.8854625511653632,0,x0435.png
0.999999972222223,0.999999972222223,0.999999972222223,0.5025640999868508,0.3337829859096827,0.1823262246867429,0.0392899408273691,0.8590308332201285,0.8590308332201285,1,U0086.png
0.99999997826087,0.99999997826087,0.99999997826087,0.4210526260387812,0.4122517952405045,0.2194273342119544,0.0610004526918005,0.8281938289506879,0.8281938289506879,1,ZC0242.png
0.99999997826087,0.99999997826087,0.99999997826087,0.6062499962109376,0.309398594198344,0.2007340645993376,0.0740959488825446,0.850220260571717,0.850220260571717,0,y0900.png
0.25,0.25,0.25,0.5294117335640156,0.4019650811383721,0.1419670904703306,0.0520452885222707,0.3259911879912282,0.3259911879912282,0,i0821.png
0.25,0.25,0.25,2.454545342975212,0.4607061191823668,0.2027744493114022,0.0671595168662234,0.8634361195443343,0.8634361195443343,1,N0699.png
0.25,0.25,0.25,0.2533333299555556,0.4502995098039216,0.2060986139390068,0.0644749999983881,0.8810572648411574,0.8810572648411574,1,N0136.png
0.25,0.25,0.25,0.4929577395358065,0.533462771906028,0.2247971337187205,0.1172329354117632,0.8722466921927459,0.8722466921927459,1,T0673.png
0.99999997826087,0.99999997826087,0.99999997826087,0.6184210485630194,0.3214098518538243,0.2053322389595388,0.0788252602965475,0.8281938289506879,0.8281938289506879,0,y0292.png
0.9999999736842112,0.9999999615384628,0.9999999676113372,0.7692307100591762,0.5121264963710057,0.1626892038550602,0.0755019323198345,0.907488982786392,0.907488982786392,0,v0201.png
0.9999999666666678,0.9999999666666678,0.9999999666666678,0.6999999950000001,0.3760968673183559,0.2915932573677264,0.1170085381060753,0.8634361195443343,0.8634361195443343,0,a0496.png
0.25,0.25,0.25,0.499999950000005,0.4444594070718818,0.157337189491416,0.0770031217281469,0.2731277521007588,0.2731277521007588,0,i0157.png
0.9999999767441866,0.9999999714285724,0.9999999740863794,1.5833333069444449,0.4455395326855021,0.2238195179586837,0.1010050110550935,0.8325991152748937,0.8325991152748937,0,za0009.png
0.25,0.25,0.25,0.3333333111111126,0.5309874970396322,0.1572096581017245,0.0458142440637803,0.8634361195443343,0.8634361195443343,0,x0684.png
0.99999997826087,0.99999997826087,0.99999997826087,0.6375838883383632,0.322161896308592,0.2104427661290616,0.0742420424939323,0.8325991152748937,0.8325991152748937,0,y0708.png
0.25,0.25,0.25,0.7499999531250029,0.429605162377451,0.1621893337580615,0.0876464843536019,0.2819383247491703,0.2819383247491703,0,i1028.png
0.9999999615384628,0.9999999677419364,0.9999999646401996,0.4793814408279307,0.430166361368652,0.2358484259030921,0.0915347008159332,0.8546255468959227,0.8546255468959227,0,zb0723.png
0.9999999795918372,0.9999999795918372,0.9999999795918372,0.4399999956000001,0.3250674193802607,0.1294481824906815,0.04470149985186,0.889867837489569,0.889867837489569,1,S0380.png
0.9999999777777784,0.9999999807692312,0.9999999792735048,0.6176470527681661,0.4017279364648589,0.2094189346338493,0.0863850442116881,0.8986784101379806,0.8986784101379806,1,Q0351.png
0.9999999787234048,0.9999999787234048,0.9999999787234048,0.1647058804152249,0.3816410784313725,0.1370118519570174,0.026199999999345,0.8810572648411574,0.8810572648411574,1,I0849.png
0.99999997826087,0.99999997826087,0.99999997826087,0.6153846114398422,0.3163147510038801,0.2086809940264437,0.0727776102608816,0.8414096879233054,0.8414096879233054,0,y1062.png
0.25,0.25,0.25,3.999999500000063,0.6091662371370102,0.1993554607329119,0.0985328653291954,0.8766519785169516,0.8766519785169516,0,r0484.png
0.25,0.25,0.25,0.1976744163061114,0.37936734741459,0.1190357917653862,0.0248974738521949,0.8942731238137748,0.8942731238137748,1,I1198.png
0.9999999772727278,0.9999999791666672,0.9999999782196975,0.8749999817708337,0.4054028303752456,0.1486098963419377,0.028301442171074,0.907488982786392,0.907488982786392,1,W0437.png
0.25,0.25,0.25,2.538461440828406,0.4551314651569901,0.2058467489683204,0.0688303500433422,0.8414096879233054,0.8414096879233054,1,N0589.png
0.9999999814814818,0.9999999803921572,0.9999999809368196,2.454545342975212,0.5386736313180965,0.1979874559079107,0.0488788107822043,0.8325991152748937,0.8325991152748937,1,L0053.png
0.9999999772727278,0.9999999772727278,0.9999999772727278,0.4266666609777779,0.4119161584959923,0.2187462614783717,0.0681020823882949,0.8281938289506879,0.8281938289506879,1,ZC0949.png
0.9999999666666678,0.9999999736842112,0.9999999701754396,0.2941176412918109,0.5055648139071334,0.1641960216889573,0.0659004019197652,0.889867837489569,0.889867837489569,0,v0359.png
0.9999999787234048,0.99999997826087,0.9999999784921374,0.4285714183673472,0.4095992156862745,0.1355337136867177,0.0476999999988075,0.8810572648411574,0.8810572648411574,1,X0471.png
0.9999999523809546,0.9999999523809546,0.9999999523809546,0.7058823425605538,0.5251642154968096,0.2347447961969357,0.1158236491505624,0.8678414058685401,0.8678414058685401,1,T0080.png
0.9999999600000016,0.9999999777777784,0.99999996888889,0.4795918318408997,0.3258490196078431,0.1334883169466365,0.0474999999988125,0.8810572648411574,0.8810572648411574,1,S0419.png
0.9999999777777784,0.9999999777777784,0.9999999777777784,0.9999997500000624,0.663305440519403,0.1975946486393663,0.0644547759912916,0.8017621110054532,0.8017621110054532,1,K0157.png
0.9999999655172426,0.9999999750000008,0.9999999702586216,0.3774509785419069,0.3326060489555299,0.1603671219420539,0.0652873894640213,0.8986784101379806,0.8986784101379806,1,ZB0036.png
0.9999999655172426,0.9999999655172426,0.9999999655172426,0.6187499961328126,0.3330279665268669,0.233367487094332,0.0439331082984891,0.8678414058685401,0.8678414058685401,0,e0257.png
0.25,0.25,0.25,0.6785714237244899,0.24248612242681,0.1239241241102698,0.0229362880880073,0.8370044015990996,0.8370044015990996,1,Y1157.png
0.25,0.25,0.25,0.5128204996712693,0.3791886816088522,0.1324913120524607,0.0451503749893904,0.8766519785169516,0.8766519785169516,1,X0241.png
0.9999999818181822,0.9999999818181822,0.9999999818181822,0.3333333209876548,0.454671441438459,0.2018264688736607,0.0274214519973719,0.9999999955947136,0.9999999955947136,0,b0261.png
0.9999999791666672,0.9999999791666672,0.9999999791666672,0.3243243155588023,0.4325516175554645,0.1362882587543466,0.0491882841115002,0.8942731238137748,0.8942731238137748,1,X0064.png
0.9999999756097568,0.9999999756097568,0.9999999756097568,0.3999999977142857,0.3377183741346637,0.1593736780736928,0.0690335305701766,0.8590308332201285,0.8590308332201285,1,ZB0108.png
0.9999999818181822,0.9999999795918372,0.9999999807050096,3.619047446712026,0.5333723031140398,0.1981511675192783,0.0479328302676178,0.8546255468959227,0.8546255468959227,1,L0315.png
0.9999999772727278,0.9999999642857156,0.9999999707792216,2.0652173464083186,0.4511505562444456,0.2045919926863514,0.0506704739494787,0.8325991152748937,0.8325991152748937,0,g0111.png
0.9999999848484852,0.9999999848484852,0.9999999848484852,0.4974619264088227,0.4078471791715991,0.2303671497117435,0.0951583395579592,0.8678414058685401,0.8678414058685401,1,P0838.png
0.9999999787234048,0.9999999787234048,0.9999999787234048,0.6477272690470042,0.3670233285730213,0.2044570380803589,0.0300219293983965,0.9999999955947136,0.9999999955947136,1,O1360.png
0.25,0.25,0.25,1.3265305851728453,0.4683303153764901,0.2164037433575047,0.1041760977788542,0.8281938289506879,0.8281938289506879,0,za0034.png
0.9999999615384628,0.9999999642857156,0.9999999629120891,0.3513513418553691,0.5998614823429661,0.2217845833475058,0.1010232396779678,0.8193832563022764,0.8193832563022764,0,r0184.png
0.999999985714286,0.999999985714286,0.999999985714286,0.9999999868421054,0.4189493496280826,0.207215645694682,0.075608152529241,0.8590308332201285,0.8590308332201285,1,P0630.png
0.99999997826087,0.9999999761904768,0.9999999772256736,2.937499816406261,0.4023938949541035,0.1636851896343007,0.0705540166185442,0.8370044015990996,0.8370044015990996,0,zc1225.png
0.9999999772727278,0.9999999761904768,0.9999999767316023,0.9369369284960636,0.4635807972590344,0.2831704681562155,0.112693822893658,0.9999999955947136,0.9999999955947136,0,c0175.png
0.9999999736842112,0.9999999767441866,0.999999975214199,3.1333331244444587,0.4001528523754279,0.1654671165214939,0.0716143170176299,0.8149779699780706,0.8149779699780706,0,zc1371.png
0.9999999791666672,0.9999999791666672,0.9999999791666672,0.2399999952000001,0.4085259803921569,0.1343655921315282,0.0460249999988493,0.8810572648411574,0.8810572648411574,1,X0468.png
0.9999999772727278,0.99999997826087,0.9999999777667988,2.6470586678200783,0.3985662303330111,0.1623239149007741,0.0671033845618234,0.8325991152748937,0.8325991152748937,0,zc1620.png
0.9999999729729736,0.9999999750000008,0.9999999739864872,1.571428546485261,0.430836489817654,0.2343277992836157,0.1036099873713929,0.8678414058685401,0.8678414058685401,0,za0314.png
0.9999999767441866,0.9999999767441866,0.9999999767441866,0.6199999958666667,0.322114990058921,0.2059284161265045,0.0793155278043902,0.8193832563022764,0.8193832563022764,0,y0828.png
0.9999999523809546,0.9999999523809546,0.9999999523809546,1.1911764530709346,0.5972204143655927,0.3677731076872387,0.1563575158992015,0.8854625511653632,0.8854625511653632,1,ZA0091.png
0.9999999666666678,0.9999999876543212,0.9999999771604944,0.6035502922866847,0.3036577294413603,0.2138666701095776,0.0405251280050346,0.8942731238137748,0.8942731238137748,0,e0933.png
0.25,0.25,0.25,0.8484848356290177,0.508889148966392,0.2288619239940649,0.112616059582884,0.8722466921927459,0.8722466921927459,1,T0210.png
0.999999956521741,0.999999958333335,0.999999957427538,0.4399999824000007,0.5686843409579039,0.1867964903775106,0.0484681388325267,0.8678414058685401,0.8678414058685401,0,d0646.png
0.25,0.25,0.25,0.693430651872769,0.2441020042365976,0.1241879881222948,0.023573407201563,0.8370044015990996,0.8370044015990996,1,Y1123.png
0.9999999800000005,0.9999999800000005,0.9999999800000005,0.3499999825000008,0.5005251965508304,0.155537463610012,0.0419490324398477,0.8678414058685401,0.8678414058685401,0,x0262.png
0.99999997826087,0.99999997826087,0.99999997826087,0.2641509384122464,0.4042966321450983,0.1367497268564902,0.0505928071074826,0.8854625511653632,0.8854625511653632,1,X0946.png
0.9999999772727278,0.99999997826087,0.9999999777667988,0.3373493935259109,0.3602071123481912,0.1338695925926999,0.0281836176824351,0.907488982786392,0.907488982786392,0,m0393.png
0.9999999655172426,0.999999956521741,0.9999999610194918,0.2608695538752368,0.4912098287988782,0.1598942965084998,0.0705017301021121,0.8986784101379806,0.8986784101379806,0,v0642.png
0.9999999824561407,0.9999999814814818,0.9999999819688112,2.434782502835543,0.5474286285158783,0.1977921234468136,0.0524621371167531,0.8325991152748937,0.8325991152748937,1,L0167.png
0.9999999750000008,0.9999999787234048,0.9999999768617028,2.9999998000000136,0.4051902204271043,0.1643724032649499,0.0692476260023594,0.8149779699780706,0.8149779699780706,0,zc0828.png
0.25,0.25,0.25,0.4430379690754688,0.4219845414160177,0.2258512317053133,0.0526021108016964,0.8325991152748937,0.8325991152748937,1,ZC0704.png
0.9999999824561407,0.9999999824561407,0.9999999824561407,0.4999999958333334,0.3434171246353212,0.1568370034992287,0.0477460592068496,0.8986784101379806,0.8986784101379806,1,S0314.png
0.999999972222223,0.9999999714285724,0.9999999718253976,0.4221105506426605,0.4395589215686274,0.2353789002277478,0.0767499999980812,0.8810572648411574,0.8810572648411574,0,zb0750.png
0.999999956521741,0.9999999705882362,0.9999999635549884,0.6814814764334706,0.3965976470588235,0.2995090502924313,0.1231749999969206,0.8810572648411574,0.8810572648411574,0,a0459.png
0.25,0.25,0.25,2.2857142312925185,0.455013971817723,0.2085451302359466,0.0668018968759956,0.8414096879233054,0.8414096879233054,1,N0731.png
0.9999999642857156,0.9999999642857156,0.9999999642857156,0.1403508747306864,0.5465769050781203,0.1858650681254166,0.0496657628379375,0.850220260571717,0.850220260571717,0,d0552.png
0.9999999787234048,0.9999999787234048,0.9999999787234048,0.569230764852071,0.4006544117647059,0.2071255101961136,0.0851749999978706,0.8810572648411574,0.8810572648411574,1,Q0169.png
0.9999999523809546,0.999999974358975,0.9999999633699648,0.6405228716305694,0.3924237666138119,0.2016171483700375,0.0677975016418725,0.8590308332201285,0.8590308332201285,0,q0346.png
0.9999999705882362,0.9999999696969708,0.9999999701426034,0.401098898895061,0.3263858629871701,0.1495879738534386,0.0612947658386569,0.8722466921927459,0.8722466921927459,1,ZB0394.png
0.9999999642857156,0.9999999787234048,0.99999997150456,0.4962405977726271,0.4563429242226542,0.2032290567880166,0.0903123585307177,0.8281938289506879,0.8281938289506879,0,u0034.png
0.9999999750000008,0.9999999750000008,0.9999999750000008,0.598837205820714,0.3542349908434521,0.2163339640673154,0.0520642474705041,0.9030836964621864,0.9030836964621864,0,o0694.png
0.999999972222223,0.9999999767441866,0.9999999744832048,2.733333151111123,0.405799359127988,0.1626787313917251,0.0647351742851761,0.8281938289506879,0.8281938289506879,0,zc0209.png
0.9999999729729736,0.9999999807692312,0.9999999768711024,0.6036585329045212,0.3314905841940898,0.2352449524301121,0.04981634526962,0.8722466921927459,0.8722466921927459,0,e0003.png
0.9999999687500012,0.9999999777777784,0.9999999732638898,0.7428571375510205,0.3112014419994701,0.2346967424669254,0.1017993418725804,0.911894269110598,0.911894269110598,1,C0355.png
0.9999999655172426,0.9999999729729736,0.999999969245108,0.1749999956250001,0.4795267389884013,0.179307893040273,0.0771604339289107,0.9999999955947136,0.9999999955947136,0,v0616.png
0.25,0.25,0.25,1.0677965920712442,0.427444278492647,0.1986490699667435,0.0795355902756202,0.8458149742475112,0.8458149742475112,1,P0335.png
0.9999999875000002,0.9999999875000002,0.9999999875000002,1.0270270131482837,0.4090060763888889,0.2017301586434722,0.0836859809005076,0.8458149742475112,0.8458149742475112,1,P0550.png
0.9999999795918372,0.9999999777777784,0.9999999786848076,0.2499999951923077,0.4107134351430024,0.1377926927140803,0.0500239892919364,0.8766519785169516,0.8766519785169516,1,X1306.png
0.25,0.25,0.25,0.6690140797956755,0.2433881097020427,0.12301391012381,0.0232356317005896,0.8325991152748937,0.8325991152748937,1,Y0807.png
0.9999999750000008,0.999999972222223,0.9999999736111118,0.2541436450047312,0.4675048039215686,0.1902568508780341,0.0535499999986612,0.8810572648411574,0.8810572648411574,0,s0440.png
0.9999999761904768,0.9999999761904768,0.9999999761904768,0.6490066182184993,0.3929416664625034,0.2028671379289143,0.0653633902523593,0.8634361195443343,0.8634361195443343,0,q0266.png
0.99999997826087,0.99999997826087,0.99999997826087,0.255319143503848,0.4076925368716254,0.1446232120331919,0.0468091363580333,0.889867837489569,0.889867837489569,1,X1187.png
0.25,0.25,0.25,0.5128204996712693,0.3757392156862745,0.1381670262662226,0.0475499999988112,0.8810572648411574,0.8810572648411574,1,X0287.png
0.25,0.25,0.25,1.065573753023381,0.4370368801260116,0.2049165481424425,0.0913296398866667,0.8370044015990996,0.8370044015990996,1,P0260.png
0.9999999523809546,0.9999999523809546,0.9999999523809546,2.052631470914133,0.7548571591981469,0.3059055096049494,0.1296005032992193,0.8237885426264822,0.8237885426264822,1,ZA0750.png
0.9999999756097568,0.9999999756097568,0.9999999756097568,0.8290598219738476,0.3944787230034943,0.278401755972698,0.0981389120670275,0.9999999955947136,0.9999999955947136,0,c0416.png
0.9999999687500012,0.9999999761904768,0.999999972470239,0.3657142836244898,0.481378143893981,0.2421514939465575,0.084786324784095,0.8590308332201285,0.8590308332201285,0,zb0466.png
0.9999999696969708,0.999999974358975,0.9999999720279727,1.666666555555563,0.6206063718122236,0.1697849509492689,0.0657012371353422,0.8193832563022764,0.8193832563022764,1,V0134.png
0.9999999729729736,0.9999999615384628,0.9999999672557184,0.588235259515573,0.561518910180344,0.2140104894496055,0.0557411945235083,0.8854625511653632,0.8854625511653632,0,w0430.png
0.25,0.25,0.25,0.5199999896000003,0.1792377305951966,0.0832945138166688,0.0617603550067454,0.2290748888587009,0.2290748888587009,1,E0293.png
0.9999999750000008,0.999999974358975,0.999999974679488,0.0952380929705216,0.4946964011196195,0.1378548484308367,0.0486085428982847,0.9162995554348036,0.9162995554348036,0,j0604.png
0.9999999814814818,0.9999999807692312,0.9999999811253564,3.3684208753462697,0.5624087961985046,0.200366490712592,0.0477508840205106,0.8414096879233054,0.8414096879233054,1,L0283.png
0.25,0.25,0.25,0.7812499918619793,0.3130586602279222,0.1483671528128231,0.061487209992588,0.9030836964621864,0.9030836964621864,1,A0201.png
0.9999999736842112,0.9999999795918372,0.9999999766380244,0.369696967456382,0.4734276469299093,0.2323243205962778,0.0774490466777791,0.8590308332201285,0.8590308332201285,0,zb0550.png
0.9999999787234048,0.9999999787234048,0.9999999787234048,0.607361959464037,0.3127728104305702,0.2087419431945759,0.075008374344224,0.8678414058685401,0.8678414058685401,0,y0801.png
0.9999999687500012,0.9999999756097568,0.9999999721798788,0.5024154565100702,0.3220126856782527,0.182763008642293,0.0351000023329576,0.911894269110598,0.911894269110598,1,U0115.png
0.25,0.25,0.25,0.5740740687585735,0.4031882140611346,0.2065847041406276,0.0671855476867142,0.8634361195443343,0.8634361195443343,0,q0125.png
0.9999999772727278,0.9999999761904768,0.9999999767316023,0.9999997500000624,0.4813707932036986,0.1674061817259325,0.0229050805914104,0.907488982786392,0.907488982786392,0,i0444.png
0.9999999677419364,0.9999999677419364,0.9999999677419364,0.1999999966666667,0.4810268397662455,0.1568815813387397,0.0646519928598536,0.9030836964621864,0.9030836964621864,0,v0288.png
0.9999999705882362,0.9999999687500012,0.9999999696691186,1.5999999360000026,0.6074291961682632,0.1826820747707413,0.0641399416892924,0.8634361195443343,0.8634361195443343,1,V0281.png
0.9999999818181822,0.9999999821428576,0.99999998198052,0.5961538404215977,0.3904036705359528,0.1973743889567362,0.0859229487284108,0.889867837489569,0.889867837489569,1,Q0553.png
0.9999999736842112,0.99999997826087,0.9999999759725406,0.5306122421907539,0.3076079192771783,0.178912878979099,0.0370515902358299,0.9162995554348036,0.9162995554348036,0,o0058.png
0.999999956521741,0.9999999761904768,0.999999966356109,0.4343434299561269,0.3111909052832398,0.1314541841374646,0.0506583524427153,0.8678414058685401,0.8678414058685401,1,S0095.png
0.25,0.25,0.25,1.833333272222224,0.4466853256059368,0.2029974629819122,0.0639105902760441,0.8458149742475112,0.8458149742475112,1,N0044.png
0.9999999772727278,0.9999999761904768,0.9999999767316023,3.0624998085937616,0.3997025451524656,0.1628594036017615,0.0692476260023594,0.8149779699780706,0.8149779699780706,0,zc1681.png
0.9999999777777784,0.9999999777777784,0.9999999777777784,0.6298701257800642,0.3135235634697917,0.2078243590919346,0.0745523369734878,0.850220260571717,0.850220260571717,0,y0649.png
0.9999999824561407,0.9999999824561407,0.9999999824561407,3.27586195600476,0.540973042166112,0.2018596204639772,0.0504185213165807,0.8325991152748937,0.8325991152748937,1,L0807.png
0.9999999756097568,0.9999999777777784,0.9999999766937676,0.833333326388889,0.3133310784313725,0.2033455764147174,0.0600749999984981,0.8810572648411574,0.8810572648411574,1,E0092.png
0.9999999736842112,0.9999999750000008,0.999999974342106,1.4705882136678203,0.3785149019607843,0.1439225942320672,0.0298249999992543,0.8810572648411574,0.8810572648411574,1,W0700.png
0.25,0.25,0.25,0.6808510590010564,0.2441145027951697,0.1229088443532073,0.0266440064683905,0.8414096879233054,0.8414096879233054,1,Y0669.png
0.9999999615384628,0.9999999642857156,0.9999999629120891,0.1249999977678571,0.56129376285401,0.1858015754579828,0.0505248463032423,0.850220260571717,0.850220260571717,0,d0594.png
0.9999999705882362,0.9999999705882362,0.9999999705882362,0.1578947340720222,0.5516703435649543,0.1869849365177903,0.0462025826184272,0.850220260571717,0.850220260571717,0,d0569.png
0.25,0.25,0.25,0.65151514164371,0.5260464011303321,0.2336313502754951,0.1214262939706284,0.8546255468959227,0.8546255468959227,1,T0072.png
0.9999999750000008,0.9999999750000008,0.9999999750000008,0.232558134126555,0.3982220341222477,0.1527121323977796,0.0538001020147171,0.850220260571717,0.850220260571717,1,X0715.png
0.9999999791666672,0.9999999791666672,0.9999999791666672,0.4334975348103569,0.3331845936947906,0.1706981726156983,0.060375160764387,0.8942731238137748,0.8942731238137748,1,ZB0676.png
0.99999997826087,0.99999997826087,0.99999997826087,0.6258064475754422,0.3142457471882365,0.2065155828908516,0.0791529386736328,0.8546255468959227,0.8546255468959227,0,y0634.png
0.25,0.25,0.25,0.7007299218924823,0.2407339625085526,0.1271415838835732,0.0273018831713137,0.8414096879233054,0.8414096879233054,1,Y0864.png
0.9999999761904768,0.9999999807692312,0.999999978479854,0.5764705848442907,0.3072085977248042,0.1701446549635051,0.0326426488954434,0.8634361195443343,0.8634361195443343,1,O0277.png
0.25,0.25,0.25,1.0967741581685757,0.3819340523021416,0.2008386575661577,0.147248830441691,0.2951541837217877,0.2951541837217877,1,C0110.png
0.25,0.25,0.25,0.7980769154031067,0.4476540160334967,0.1933385038446951,0.045328776040437,0.8458149742475112,0.8458149742475112,1,G0244.png
0.25,0.25,0.25,0.2499999947916668,0.378347317396778,0.1307160973985248,0.0403931180305557,0.8986784101379806,0.8986784101379806,1,X0251.png
0.25,0.25,0.25,0.4642856977040822,0.5604276256396409,0.1845717927263429,0.0548202636297667,0.850220260571717,0.850220260571717,0,d0083.png
0.25,0.25,0.25,0.7142856122449125,0.4451536380147522,0.1530847081249035,0.0623818525388822,0.3039647563701993,0.3039647563701993,0,i0611.png
0.9999999800000005,0.9999999800000005,0.9999999800000005,2.2173912079395124,0.5658206218015326,0.2007092969295286,0.0491867528890796,0.8325991152748937,0.8325991152748937,1,L0601.png
0.9999999736842112,0.999999974358975,0.9999999740215932,0.9999996666667778,0.4798998424854706,0.1169747160590401,0.039168975068167,0.8370044015990996,0.8370044015990996,0,k0229.png
0.9999999800000005,0.9999999800000005,0.9999999800000005,0.2950819623757055,0.3926900287219848,0.1676711626366838,0.0563244905791925,0.8986784101379806,0.8986784101379806,1,B0221.png
0.25,0.25,0.25,3.3333332222222256,0.5378477450980392,0.2440269938339541,0.0738999999981525,0.8810572648411574,0.8810572648411574,0,n0660.png
0.9999999629629645,0.9999999787234048,0.9999999708431846,0.4270833288845487,0.3196757408936199,0.1380770319630213,0.0532412564032266,0.8854625511653632,0.8854625511653632,1,S0355.png
0.9999999677419364,0.9999999677419364,0.9999999677419364,0.372093018929151,0.5016881425578555,0.1925264626642933,0.083792375449931,0.8942731238137748,0.8942731238137748,1,R0262.png
0.25,0.25,0.25,0.5022026409594598,0.265547175224764,0.1530245830830287,0.0344854353852299,0.9999999955947136,0.9999999955947136,1,ZB0718.png
0.9999999736842112,0.9999999736842112,0.9999999736842112,0.9999997500000624,0.6645374125981753,0.1999413298840205,0.0561526385685257,0.8017621110054532,0.8017621110054532,1,K0301.png
0.9999999687500012,0.9999999545454564,0.9999999616477288,0.6718749947509766,0.3741896078431372,0.2756179867807998,0.1306249999967343,0.8810572648411574,0.8810572648411574,0,a0022.png
0.9999999600000016,0.9999999600000016,0.9999999600000016,0.7092198531261004,0.2197885674307095,0.0980586862170237,0.0336102623662632,0.8766519785169516,0.8766519785169516,1,M0243.png
0.25,0.25,0.25,0.4074073923182447,0.5637504742936624,0.1833281397478164,0.0518951789519983,0.8678414058685401,0.8678414058685401,0,d0335.png
0.25,0.25,0.25,0.7058823477508651,0.2420668078091684,0.1255749245691476,0.0243962610667362,0.8414096879233054,0.8414096879233054,1,Y0866.png
0.25,0.25,0.25,0.5227272697572314,0.3628696685574032,0.1935569599723487,0.0396832877735959,0.907488982786392,0.907488982786392,1,O0454.png
0.9999999696969708,0.9999999545454564,0.9999999621212136,0.6639999946880001,0.4033726989472389,0.2895911096679667,0.1380746985555809,0.889867837489569,0.889867837489569,0,a0097.png
0.25,0.25,0.25,0.921052619459834,0.5222702551045911,0.248484301530915,0.1146350154843717,0.8414096879233054,0.8414096879233054,1,T0468.png
0.999999974358975,0.9999999787234048,0.99999997654119,0.3499999825000008,0.5062221402536995,0.1564731997891318,0.0481188224028026,0.8546255468959227,0.8546255468959227,0,x0294.png
0.9999999795918372,0.9999999791666672,0.9999999793792522,0.8151260435703694,0.3710011381369485,0.2635207092735152,0.0950920840673195,0.9999999955947136,0.9999999955947136,0,c0410.png
0.9999999687500012,0.9999999756097568,0.9999999721798788,0.5508021360919672,0.3294189727922463,0.2175697016406772,0.0499575831829117,0.907488982786392,0.907488982786392,0,o0327.png
0.9999999714285724,0.999999972222223,0.9999999718253976,2.461538272189364,0.6234335472532155,0.1598828387519726,0.0617077863269095,0.8281938289506879,0.8281938289506879,1,V0375.png
0.9999999795918372,0.9999999795918372,0.9999999795918372,0.1744186026230395,0.3999970588235294,0.147162120554397,0.0314249999992143,0.8810572648411574,0.8810572648411574,1,I0587.png
0.9999999800000005,0.9999999800000005,0.9999999800000005,0.3964757691785208,0.3455774951017493,0.173629614260369,0.0570746569881605,0.9999999955947136,0.9999999955947136,1,ZB0636.png
0.25,0.25,0.25,0.333333324786325,0.6150882729344669,0.2081353593154815,0.1009301966012798,0.8678414058685401,0.8678414058685401,0,r0490.png
0.9999999761904768,0.9999999795918372,0.999999977891157,0.4155844101872155,0.4111760479225984,0.2178212842654242,0.0608885529503404,0.8325991152748937,0.8325991152748937,1,ZC0966.png
0.25,0.25,0.25,0.6037735792096832,0.4104985787717864,0.2126103656690769,0.0710177951369624,0.8458149742475112,0.8458149742475112,0,q0073.png
0.9999999687500012,0.9999999772727278,0.9999999730113645,0.0909090888429752,0.4831884849121088,0.130318660183077,0.0547293277797803,0.9030836964621864,0.9030836964621864,0,j0241.png
0.25,0.25,0.25,0.6052631539127424,0.3081775168785302,0.1991691840116604,0.074621517510985,0.806167397329659,0.806167397329659,0,y1237.png
0.25,0.25,0.25,1.1454545246280996,0.6574875365970302,0.3437897121844053,0.1445092206985244,0.9030836964621864,0.9030836964621864,1,ZA0035.png
0.9999999761904768,0.9999999750000008,0.9999999755952388,0.8990825605588756,0.3528382781684102,0.1384590534441398,0.0264993752596184,0.8634361195443343,0.8634361195443343,1,W0079.png
0.9999999677419364,0.9999999705882362,0.9999999691650864,1.1666666018518554,0.6189131011405602,0.1730522506619079,0.0655278066809594,0.8193832563022764,0.8193832563022764,1,V0585.png
0.999999972222223,0.999999974358975,0.9999999732905992,0.9913043392060492,0.3452666098168973,0.239075142323008,0.0582778629498286,0.9999999955947136,0.9999999955947136,1,E0983.png
0.99999997826087,0.99999997826087,0.99999997826087,1.1363636105371908,0.3925895098039216,0.1499628098658414,0.0363499999990912,0.8810572648411574,0.8810572648411574,1,W0804.png
0.9999999523809546,0.9999999736842112,0.999999963032583,0.5026454999860026,0.2652391546467695,0.142398067980988,0.0407043475815149,0.8325991152748937,0.8325991152748937,0,h0177.png
0.999999974358975,0.9999999750000008,0.999999974679488,0.6969696864095503,0.4638775932397711,0.2265527512743333,0.0468468952174059,0.850220260571717,0.850220260571717,1,F0322.png
0.9999999772727278,0.9999999772727278,0.9999999772727278,0.4772727164256201,0.4695378427505124,0.158024749380228,0.0453911900053809,0.8590308332201285,0.8590308332201285,0,x1243.png
0.9999999756097568,0.9999999756097568,0.9999999756097568,0.3749999979619565,0.3870704439320106,0.165459235047768,0.0641873150872737,0.9162995554348036,0.9162995554348036,1,ZB1105.png
0.9999999642857156,0.9999999821428576,0.9999999732142864,0.5892857107780612,0.3074323269465997,0.2235440733029436,0.0408668092442251,0.8678414058685401,0.8678414058685401,0,e0429.png
0.9999999642857156,0.9999999523809546,0.999999958333335,0.1884057943709305,0.6140725700431064,0.2222703141466215,0.093166484698268,0.8325991152748937,0.8325991152748937,0,r0214.png
0.9999999750000008,0.9999999777777784,0.9999999763888896,0.401129941236554,0.3675675351254674,0.1591534273361941,0.0502244668898524,0.8722466921927459,0.8722466921927459,1,ZB1227.png
0.25,0.25,0.25,1.0810810518626743,0.4888664993770066,0.2220647106065276,0.0751698032141756,0.850220260571717,0.850220260571717,0,p0211.png
0.9999999777777784,0.9999999787234048,0.9999999782505916,2.799999813333346,0.4070744458942472,0.1620968042303409,0.0726007243075882,0.8281938289506879,0.8281938289506879,0,zc0849.png
0.25,0.25,0.25,0.5875706181493185,0.3157081937071311,0.182109570659612,0.0269317837049421,0.911894269110598,0.911894269110598,1,O0137.png
0.9999999795918372,0.9999999795918372,0.9999999795918372,0.3896103845505145,0.3230071638497571,0.1336417435230914,0.0442113518271686,0.889867837489569,0.889867837489569,1,S0389.png
0.9999999767441866,0.9999999787234048,0.9999999777337956,0.4458598697715932,0.4454777829499146,0.2094754000923298,0.0957153269446138,0.8634361195443343,0.8634361195443343,0,u0272.png
0.9999999545454564,0.999999958333335,0.9999999564393958,0.5294117335640156,0.5012210487005453,0.169369862642955,0.0674232618327611,0.9162995554348036,0.9162995554348036,0,v0170.png
0.9999999696969708,0.9999999777777784,0.9999999737373746,0.1764705861591695,0.3973447643028674,0.1376434364597211,0.0319833046171471,0.8942731238137748,0.8942731238137748,1,I0234.png
0.25,0.25,0.25,0.3243243199415632,0.3745381134702401,0.1586573246440888,0.0471531886904101,0.8590308332201285,0.8590308332201285,0,m0132.png
0.25,0.25,0.25,0.7692307593688364,0.4570286277776417,0.1889367631610873,0.0478706788825523,0.8634361195443343,0.8634361195443343,1,G0001.png
0.25,0.25,0.25,0.590909064049588,0.5479730477260348,0.18370665368682,0.0462239583320794,0.8458149742475112,0.8458149742475112,0,d0161.png
0.9999999777777784,0.999999974358975,0.9999999760683768,2.8124998242187607,0.4050889405300775,0.1685656440115297,0.0760846845210043,0.806167397329659,0.806167397329659,0,zc0107.png
0.9843749846191407,0.9843749846191407,0.9843749846191407,0.7812499918619793,0.2995342174942553,0.1464929557077369,0.0607257584756519,0.9030836964621864,0.9030836964621864,1,A0930.png
0.9999999714285724,0.9999999750000008,0.9999999732142866,0.2830188625845498,0.4922476168949599,0.1758920924281116,0.0647984630001591,0.9999999955947136,0.9999999955947136,0,v0230.png
0.25,0.25,0.25,0.8181817438016598,0.4529285093409161,0.1639488593403674,0.0657161951290451,0.2951541837217877,0.2951541837217877,0,i0643.png
0.9999999600000016,0.9999999600000016,0.9999999600000016,0.5714285306122479,0.562267706620891,0.1850342180188312,0.0485382157897248,0.850220260571717,0.850220260571717,0,d0224.png
0.9999999687500012,0.9999999687500012,0.9999999687500012,0.5819209006671135,0.3497091273639633,0.1909351466767084,0.0362426035494581,0.9162995554348036,0.9162995554348036,1,O0377.png
0.9999999777777784,0.999999974358975,0.9999999760683768,0.5549450518959063,0.3292520341143025,0.2018675509756831,0.0488677580617373,0.889867837489569,0.889867837489569,0,o0428.png
0.25,0.25,0.25,0.4036697210672503,0.315646862745098,0.134437435456978,0.0479249999988018,0.8810572648411574,0.8810572648411574,1,S0052.png
0.9999999777777784,0.9999999777777784,0.9999999777777784,0.2222222191358025,0.5448430684847008,0.2252215703460963,0.0855298118799678,0.8546255468959227,0.8546255468959227,0,n1057.png
0.9999999836065576,0.9999999836065576,0.9999999836065576,4.571428353741506,0.5411364820043311,0.1976402818046551,0.0456127847360101,0.8414096879233054,0.8414096879233054,1,L0648.png
0.9999999696969708,0.9999999777777784,0.9999999737373746,0.4259259232967535,0.4555989893187299,0.213345328436903,0.0945399263033177,0.8678414058685401,0.8678414058685401,0,u0506.png
0.9999999705882362,0.999999956521741,0.9999999635549884,0.9090908264462886,0.4818683673842049,0.1597472549719758,0.0623958435432213,0.889867837489569,0.889867837489569,0,v0682.png
0.9999999729729736,0.9999999729729736,0.9999999729729736,0.3199999957333334,0.3500082606672497,0.1362538164221544,0.0360483393018101,0.8678414058685401,0.8678414058685401,0,m0348.png
0.9999999600000016,0.9999999600000016,0.9999999600000016,0.6496350317544888,0.3890487298529399,0.2949690014536429,0.1239918575556187,0.8678414058685401,0.8678414058685401,0,a0360.png
0.25,0.25,0.25,1.8928570752551044,0.4442821731232158,0.1967897823380761,0.0649950334219711,0.850220260571717,0.850220260571717,1,N0031.png
0.9999999687500012,0.9999999687500012,0.9999999687500012,0.6585365800118977,0.4073361436619355,0.2909848644658875,0.1355161078202362,0.8590308332201285,0.8590308332201285,0,a0112.png
0.9999999687500012,0.9999999687500012,0.9999999687500012,0.428571416326531,0.58563508418745,0.2149878473546652,0.1065441091424863,0.8193832563022764,0.8193832563022764,0,r0131.png
0.9999999795918372,0.9999999800000005,0.9999999797959188,0.594285710889796,0.3207846615039864,0.2287566845963603,0.0443884338013865,0.911894269110598,0.911894269110598,0,e0445.png
0.25,0.25,0.25,2.391304243856337,0.4482065720436761,0.209575795930253,0.0741354372104106,0.8590308332201285,0.8590308332201285,1,N1152.png
0.99999997826087,0.9999999777777784,0.9999999780193244,2.230769144970417,0.5385291565185745,0.2075204599876763,0.0477310265656691,0.8325991152748937,0.8325991152748937,1,L0318.png
0.9999999787234048,0.9999999787234048,0.9999999787234048,0.8559321961361679,0.3173571987367636,0.2125408791454871,0.0642338986358142,0.889867837489569,0.889867837489569,1,E0050.png
0.25,0.25,0.25,0.499999950000005,0.4022423537573197,0.1058276871364893,0.0775234130911749,0.2731277521007588,0.2731277521007588,0,i0107.png
0.9999999756097568,0.9999999777777784,0.9999999766937676,2.9999998000000136,0.4073307806184099,0.1701147681487862,0.0772343623517969,0.8193832563022764,0.8193832563022764,0,zc0143.png
0.99999997826087,0.99999997826087,0.99999997826087,0.4489795826738861,0.4076559803921568,0.1378526087909509,0.0496249999987593,0.8810572648411574,0.8810572648411574,1,X0499.png
0.25,0.25,0.25,0.5363636314876034,0.4055122048819528,0.2042240024614006,0.0698927530177558,0.8634361195443343,0.8634361195443343,0,q0163.png
0.9999999777777784,0.9999999756097568,0.9999999766937676,2.874999820312511,0.3995243698126724,0.1629501683605533,0.0684761244054666,0.8193832563022764,0.8193832563022764,0,zc1706.png
0.9999999795918372,0.9999999795918372,0.9999999795918372,0.9393939299051118,0.3605305158252456,0.1912067001989992,0.0447450572307565,0.8193832563022764,0.8193832563022764,0,l0001.png
0.985507232094098,0.985507232094098,0.985507232094098,0.6884057921130016,0.2456785617294009,0.1309307962799095,0.0273407202208492,0.8370044015990996,0.8370044015990996,1,Y0537.png
0.25,0.25,0.25,0.2474226778616219,0.3933825611100564,0.1688625025759569,0.0567594457507641,0.8942731238137748,0.8942731238137748,1,B0260.png
0.9999999705882362,0.9999999705882362,0.9999999705882362,0.6692307640828403,0.3932588544935065,0.2910245925295186,0.1397490161100034,0.8854625511653632,0.8854625511653632,0,a0146.png
0.9999999714285724,0.9999999736842112,0.9999999725563918,0.4540816303363182,0.4265766510685906,0.2305893137105924,0.0765826738838873,0.8634361195443343,0.8634361195443343,0,zb0807.png
0.9999999777777784,0.9999999777777784,0.9999999777777784,2.999999750000021,0.5817762207376025,0.2328597808756199,0.0855955678646649,0.8370044015990996,0.8370044015990996,0,n0996.png
0.9999999756097568,0.9999999714285724,0.9999999735191644,0.3999999946666667,0.4094248182844301,0.216118475702601,0.0615974148513941,0.8237885426264822,0.8237885426264822,1,ZC0893.png
0.9999999803921572,0.9999999803921572,0.9999999803921572,0.2363636320661158,0.40136183777241,0.1288850663086722,0.0431424964717917,0.8854625511653632,0.8854625511653632,1,X0976.png
0.9999999761904768,0.9999999761904768,0.9999999761904768,0.6038960999747006,0.2823690972371417,0.1940510278072822,0.0772242512760489,0.8149779699780706,0.8149779699780706,0,y0998.png
0.9999999750000008,0.9999999772727278,0.9999999761363644,0.779220769101029,0.3697570865080726,0.1447954217544399,0.0292326114111507,0.8634361195443343,0.8634361195443343,1,W1074.png
0.9999999756097568,0.9999999756097568,0.9999999756097568,0.4999999974489796,0.3871164792447591,0.2020138688494104,0.0712203248627858,0.8634361195443343,0.8634361195443343,0,q0294.png
0.25,0.25,0.25,0.7878787799204164,0.312421881478466,0.1476034088795683,0.0580065359463185,0.8986784101379806,0.8986784101379806,1,A0525.png
0.999999972222223,0.9999999787234048,0.999999975472814,0.4189189132578525,0.4109228719975938,0.2180543641324482,0.0710591672733072,0.8149779699780706,0.8149779699780706,1,ZC1144.png
0.9999999756097568,0.9999999756097568,0.9999999756097568,0.6874999892578127,0.468926480256797,0.2225204682029262,0.0504667981577786,0.8590308332201285,0.8590308332201285,1,F0141.png
0.9999999729729736,0.9999999767441866,0.9999999748585802,0.4492753558076036,0.4190220866229289,0.2236549347508765,0.0736353969732503,0.8105726836538648,0.8105726836538648,1,ZC0525.png
0.9999999714285724,0.9999999714285724,0.9999999714285724,3.4090907541322384,0.5999955792237116,0.1947175768437148,0.0728986009922274,0.8193832563022764,0.8193832563022764,0,w0664.png
0.9999999787234048,0.9999999800000005,0.9999999793617026,0.6187050315201077,0.4231751471377815,0.2284703586417996,0.0864755768579542,0.9999999955947136,0.9999999955947136,1,Q0234.png
0.25,0.25,0.25,0.3798882660341438,0.3859190485565084,0.1670189232154575,0.0699445205617586,0.9295154144074212,0.9295154144074212,1,ZB1131.png
0.9999999777777784,0.9999999777777784,0.9999999777777784,1.0697674169821532,0.3853160948129151,0.1432555306822415,0.0326451716815848,0.850220260571717,0.850220260571717,1,W0799.png
0.999999972222223,0.999999972222223,0.999999972222223,1.107142817602042,0.6037349552358977,0.1875237660902313,0.0655957895873031,0.8414096879233054,0.8414096879233054,1,V0308.png
0.9999999761904768,0.9999999761904768,0.9999999761904768,0.2444444390123458,0.4099320622397546,0.1361172492817179,0.0493622616686558,0.8590308332201285,0.8590308332201285,1,X1204.png
0.9999999677419364,0.99999997826087,0.9999999730014032,0.5621621591234478,0.3161184592180067,0.1696917612798798,0.0329142011826711,0.9162995554348036,0.9162995554348036,1,O0111.png
0.9999999655172426,0.9999999655172426,0.9999999655172426,0.6956521688720857,0.2504899833197168,0.1333078960717006,0.0328504774296644,0.8458149742475112,0.8458149742475112,1,Y0619.png
0.9999999787234048,0.9999999772727278,0.9999999779980664,0.4096385492814632,0.4167098542504063,0.2240752739771013,0.0580992022182304,0.8193832563022764,0.8193832563022764,1,ZC0251.png
0.25,0.25,0.25,1.2933333160888891,0.4298632514967939,0.2209677739739885,0.0658146455503822,0.8546255468959227,0.8546255468959227,1,N0274.png
0.9999999687500012,0.9999999545454564,0.9999999616477288,0.9999997500000624,0.6661953340220386,0.1991741591818173,0.0659865702458036,0.7753303930602186,0.7753303930602186,1,K0169.png
0.25,0.25,0.25,1.3571428409863948,0.5984527273619766,0.3676928108829684,0.1449669118332401,0.9999999955947136,0.9999999955947136,1,ZA0151.png
0.9999999791666672,0.9999999803921572,0.9999999797794122,0.6551724100277447,0.2621280459242635,0.2140384078660364,0.0608395272553156,0.9999999955947136,0.9999999955947136,0,c0059.png
0.9999999756097568,0.9999999756097568,0.9999999756097568,0.6233766193287232,0.322014356958061,0.2026656259316754,0.0754123263868432,0.8458149742475112,0.8458149742475112,0,y0019.png
0.9999999705882362,0.9999999761904768,0.9999999733893564,0.9245282931648274,0.3636423921310799,0.1495820174275045,0.025404339249825,0.8590308332201285,0.8590308332201285,1,W0095.png
0.25,0.25,0.25,1.1632652942523949,0.4395607423042573,0.2213343486292402,0.0501853325302221,0.9999999955947136,0.9999999955947136,1,G0301.png
0.9999999756097568,0.9999999750000008,0.9999999753048788,0.5022026409594598,0.5409117043933761,0.3802013431160552,0.1449475052854713,0.9999999955947136,0.9999999955947136,1,ZA0227.png
0.25,0.25,0.25,1.1052631385041556,0.4426856770408994,0.2023636064013087,0.0866759002746073,0.8370044015990996,0.8370044015990996,1,P0265.png
0.9999999687500012,0.999999974358975,0.999999971554488,1.159999953600002,0.626569788161177,0.1807471079049337,0.0699079169891833,0.850220260571717,0.850220260571717,1,V0342.png
0.25,0.25,0.25,0.7037036984910837,0.2415788387377111,0.1290530973413944,0.0258448753455444,0.8370044015990996,0.8370044015990996,1,Y0881.png
0.9999999777777784,0.9999999777777784,0.9999999777777784,0.638157890538435,0.3312219839577876,0.2202535806842116,0.0733606121778786,0.8546255468959227,0.8546255468959227,0,y1395.png
0.9999999761904768,0.9999999756097568,0.9999999759001168,0.5593220307382937,0.3158146127546009,0.201273542625623,0.0475971839596062,0.8722466921927459,0.8722466921927459,0,o0102.png
0.9999999642857156,0.9999999761904768,0.9999999702380962,0.4999999722222237,0.4925651232372861,0.1833764786420384,0.0664092064649729,0.9999999955947136,0.9999999955947136,0,v0177.png
0.9999999666666678,0.999999974358975,0.9999999705128214,0.5025380685150352,0.4271435006143941,0.2363993889841455,0.0766532103018874,0.8986784101379806,0.8986784101379806,0,zb0984.png
0.25,0.25,0.25,0.5025640999868508,0.3895329955782444,0.2015620924614953,0.069690992766083,0.8590308332201285,0.8590308332201285,0,q0352.png
0.9999999772727278,0.9999999756097568,0.9999999764412424,2.8666664755555686,0.4078378090366581,0.1670164602063667,0.0696479206028577,0.8105726836538648,0.8105726836538648,0,zc0260.png
0.9999999545454564,0.9999999545454564,0.9999999545454564,0.5476190432728647,0.4431927873190092,0.2059557183914214,0.0812942523927193,0.8634361195443343,0.8634361195443343,0,u0385.png
0.9999999750000008,0.99999997826087,0.9999999766304354,0.3673469369012911,0.4468991176470588,0.2222078188268354,0.0668749999983281,0.8810572648411574,0.8810572648411574,0,zb0302.png
0.25,0.25,0.25,0.6111111073388203,0.3309491077216271,0.2280605259549579,0.0367440542132818,0.8678414058685401,0.8678414058685401,0,e0683.png
0.9999999705882362,0.9999999629629645,0.9999999667756004,1.208333282986113,0.6316971235300369,0.1823098008469051,0.0656817940252502,0.8546255468959227,0.8546255468959227,1,V0354.png
0.25,0.25,0.25,0.8210526229362882,0.3149133854675505,0.1512085328068342,0.0580183658805965,0.8854625511653632,0.8854625511653632,1,A0495.png
0.9999999655172426,0.999999974358975,0.9999999699381088,1.727272695867769,0.4820726644567292,0.2370596907459733,0.1074717952994744,0.8325991152748937,0.8325991152748937,0,za0684.png
0.9999999736842112,0.9999999729729736,0.9999999733285924,0.4999999975,0.4355513725490196,0.2361682861584192,0.079799999998005,0.8810572648411574,0.8810572648411574,0,zb0683.png
0.9999999750000008,0.9999999750000008,0.9999999750000008,0.4246575284293489,0.4149177506800141,0.2207990556898355,0.0632846235218826,0.8237885426264822,0.8237885426264822,1,ZC0043.png
0.9999999767441866,0.9999999767441866,0.9999999767441866,0.4257425700421527,0.3260746255172984,0.1310341301077542,0.0465885697469221,0.889867837489569,0.889867837489569,1,S0491.png
0.9999999600000016,0.9999999767441866,0.9999999683720942,0.2558139475392105,0.406168366111644,0.1599939299885544,0.050146102364734,0.907488982786392,0.907488982786392,1,X0777.png
0.9999999677419364,0.9999999696969708,0.9999999687194536,1.6428570255102126,0.6020986655407395,0.1668054496315446,0.0610826732231095,0.8237885426264822,0.8237885426264822,1,V0525.png
0.9999999642857156,0.9999999642857156,0.9999999642857156,0.5919540195864712,0.3117765102471684,0.223392598447421,0.0346936347403999,0.9030836964621864,0.9030836964621864,0,e0305.png
0.9999999696969708,0.9999999696969708,0.9999999696969708,1.0235293997231836,0.4933826245074545,0.2536372616005997,0.1165708984999208,0.8678414058685401,0.8678414058685401,1,T0838.png
0.9999999777777784,0.9999999807692312,0.9999999792735048,0.8723404162516977,0.414573638493727,0.2013194508926315,0.0963140868518695,0.889867837489569,0.889867837489569,1,P0007.png
0.25,0.25,0.25,1.051948038286389,0.4079697369435605,0.2015909062083605,0.0789935168434745,0.8546255468959227,0.8546255468959227,1,P0542.png
0.9999999750000008,0.9999999803921572,0.9999999776960792,0.5988023916239378,0.3124551717103598,0.2265351554000483,0.0444685740247855,0.8766519785169516,0.8766519785169516,0,e0918.png
0.9999999687500012,0.9999999523809546,0.999999960565478,0.99999980000004,0.6273204136681697,0.2000103583657245,0.0602287318205909,0.806167397329659,0.806167397329659,1,K0391.png
0.999999972222223,0.9999999714285724,0.9999999718253976,0.3730569928857151,0.4532923901973675,0.2134121320186401,0.0524654832333342,0.8590308332201285,0.8590308332201285,0,s0335.png
0.9999999545454564,0.9999999545454564,0.9999999545454564,0.4285714081632663,0.5564003560564068,0.1848885632335097,0.0463099680515903,0.850220260571717,0.850220260571717,0,d0659.png
0.999999974358975,0.9999999777777784,0.9999999760683768,2.937499816406261,0.4004028702788639,0.1638610452720976,0.0727538349138713,0.8149779699780706,0.8149779699780706,0,zc1160.png
0.25,0.25,0.25,0.7499999921875001,0.3005137370049089,0.1477024303869208,0.058361037635993,0.8942731238137748,0.8942731238137748,1,A1031.png
0.999999958333335,0.9999999714285724,0.9999999648809536,0.232558134126555,0.4253945097658564,0.1436810900493905,0.0487514863246195,0.8942731238137748,0.8942731238137748,1,X0215.png
0.9999999714285724,0.9999999761904768,0.9999999738095248,0.2826086941162571,0.4729204204092687,0.1887593099414389,0.0427009418943284,0.8766519785169516,0.8766519785169516,0,s0223.png
0.25,0.25,0.25,0.7067669119791962,0.2593941673545833,0.1302676945514742,0.0300758261648348,0.8281938289506879,0.8281938289506879,1,Y0478.png
0.25,0.25,0.25,2.159999913600003,0.4466213931751662,0.207056184331088,0.068181818180079,0.8722466921927459,0.8722466921927459,1,N0923.png
0.9999999791666672,0.9999999791666672,0.9999999791666672,0.6477272690470042,0.3674861176592355,0.2049068340916942,0.02862465795904,0.9999999955947136,0.9999999955947136,1,O1357.png
0.9999999800000005,0.9999999843750004,0.9999999821875004,0.5514705841803633,0.4092796553971063,0.2080752048813594,0.0760954808333473,0.889867837489569,0.889867837489569,1,Q0413.png
0.9999999615384628,0.999999956521741,0.999999959030102,0.857142734693895,0.5235468150377344,0.1276672093748247,0.0523973825091636,0.9030836964621864,0.9030836964621864,0,j0073.png
0.25,0.25,0.25,0.8142857026530614,0.5095465737315334,0.2286988106076151,0.1159152436454624,0.8634361195443343,0.8634361195443343,1,T0208.png
0.9999999846153848,0.9999999846153848,0.9999999846153848,0.7708333253038195,0.298292349044255,0.1438002305126325,0.0581911718299839,0.8942731238137748,0.8942731238137748,1,A0893.png
0.999999972222223,0.9999999787234048,0.999999975472814,0.4189189132578525,0.4123780222146338,0.2202422990073414,0.0631130429791211,0.8237885426264822,0.8237885426264822,1,ZC1022.png
0.9999999787234048,0.9999999787234048,0.9999999787234048,0.6100628892448875,0.2836261955183426,0.1997004799266518,0.0753845740805019,0.850220260571717,0.850220260571717,0,y0993.png
0.9999999642857156,0.9999999777777784,0.9999999710317468,0.6874999946289063,0.3724311844929789,0.2791346017763796,0.1294510764174714,0.8722466921927459,0.8722466921927459,0,a1029.png
0.999999974358975,0.9999999777777784,0.9999999760683768,0.3157894653739614,0.4003687299507295,0.1624417946219717,0.0697474906325675,0.8237885426264822,0.8237885426264822,0,zc1429.png
0.9999999848484852,0.9999999848484852,0.9999999848484852,0.3124999902343753,0.4375119435885903,0.1964143813209854,0.0279842418826683,0.9999999955947136,0.9999999955947136,0,b0192.png
0.25,0.25,0.25,1.5769230465976338,0.4628393894954103,0.2335124378315692,0.1052354570607968,0.8370044015990996,0.8370044015990996,0,za0467.png
0.25,0.25,0.25,0.255319143503848,0.4033114742625188,0.1384352486505994,0.0436406900643987,0.9030836964621864,0.9030836964621864,1,X1056.png
0.999999974358975,0.9999999777777784,0.9999999760683768,0.1585365834324807,0.3832392140529681,0.1322937370198184,0.0283215326939733,0.8634361195443343,0.8634361195443343,1,I0739.png
0.99999997826087,0.99999997826087,0.99999997826087,0.6202531606313091,0.3248536149153539,0.2132180399513272,0.0724437734258526,0.8634361195443343,0.8634361195443343,0,y0847.png
0.999999974358975,0.9999999761904768,0.999999975274726,2.9999998000000136,0.4034929818922104,0.1671613761714708,0.071784765144621,0.806167397329659,0.806167397329659,0,zc1255.png
0.25,0.25,0.25,0.2549019557862362,0.4071079607318294,0.133939930137305,0.0471452741080491,0.8766519785169516,0.8766519785169516,1,X0381.png
0.25,0.25,0.25,0.2166666630555556,0.6142260431784192,0.2102587894810267,0.1047813364089027,0.850220260571717,0.850220260571717,0,r0446.png
0.9999999756097568,0.99999997826087,0.9999999769353134,3.066666462222236,0.4095644377457008,0.1710631345136573,0.0725785695881329,0.8237885426264822,0.8237885426264822,0,zc0137.png
0.9999999705882362,0.9999999787234048,0.9999999746558204,0.4305555495756173,0.4153024111345861,0.2195773957287766,0.0699432892228868,0.8105726836538648,0.8105726836538648,1,ZC0481.png
0.9999999772727278,0.9999999772727278,0.9999999772727278,0.6204819239730005,0.3596593064352451,0.2005091603053292,0.0304342653175387,0.9030836964621864,0.9030836964621864,1,O1372.png
0.9999999777777784,0.9999999772727278,0.999999977525253,0.4550898176341927,0.3487472835653288,0.1581771506659976,0.0658569228033166,0.8766519785169516,0.8766519785169516,1,ZB1477.png
0.9999999600000016,0.9999999600000016,0.9999999600000016,0.4512195094437835,0.4572468356816005,0.2154478780868386,0.0922722029966293,0.8986784101379806,0.8986784101379806,0,u0154.png
0.9999999696969708,0.9999999696969708,0.9999999696969708,0.8921568539984622,0.4048168246890593,0.3012591972366018,0.1328092461439814,0.8634361195443343,0.8634361195443343,0,a0370.png
0.9999999642857156,0.9999999642857156,0.9999999642857156,2.309523754535149,0.241734295801598,0.1455830148760361,0.0512228516188025,0.850220260571717,0.850220260571717,1,H0364.png
0.9999999642857156,0.9999999629629645,0.99999996362434,0.2258064479708637,0.6286987093953307,0.2005151564812835,0.092055940020856,0.8986784101379806,0.8986784101379806,0,r0003.png
0.25,0.25,0.25,0.1547619029195011,0.3849443137254901,0.1384798195155954,0.027799999999305,0.8810572648411574,0.8810572648411574,1,I0930.png
0.999999974358975,0.999999974358975,0.999999974358975,0.6249999609375024,0.455374760502159,0.2195121710536959,0.0553919185548516,0.8237885426264822,0.8237885426264822,0,w0213.png
0.999999956521741,0.9999999756097568,0.9999999660657488,0.5941176435640139,0.3378136145921451,0.1850233511882337,0.0410633400153198,0.8854625511653632,0.8854625511653632,1,O0074.png
0.9999999642857156,0.9999999642857156,0.9999999642857156,0.7765957364191943,0.2996887254901961,0.1436544135628693,0.0597249999985068,0.8810572648411574,0.8810572648411574,1,A1064.png
0.25,0.25,0.25,2.0638297433227715,0.4736636178544114,0.2467582222750181,0.0828993516823546,0.8546255468959227,0.8546255468959227,0,za0955.png
0.9999999655172426,0.9999999767441866,0.9999999711307146,0.2054794492400075,0.6123912552238145,0.2351257237604286,0.0869055449087218,0.8237885426264822,0.8237885426264822,0,n0146.png
0.9999999800000005,0.9999999750000008,0.9999999775000006,0.4305555495756173,0.4145634664842403,0.2201687535109882,0.0789353194322842,0.7973568246812475,0.7973568246812475,1,ZC0430.png
0.9999999767441866,0.9999999736842112,0.999999975214199,0.5459459429948869,0.3305637086713913,0.1939428976286553,0.0420792079197608,0.889867837489569,0.889867837489569,0,o0512.png
0.25,0.25,0.25,0.6999999950000001,0.2413499073098627,0.1274344183108089,0.0192628071631803,0.8634361195443343,0.8634361195443343,1,Y0834.png
0.9999999800000005,0.9999999791666672,0.999999979583334,2.269230681952666,0.5401320578027499,0.2057045782140823,0.0559642372098244,0.8281938289506879,0.8281938289506879,1,L0472.png
0.25,0.25,0.25,0.2388059665849856,0.4287580728685128,0.1330095153018616,0.0571520506903999,0.8854625511653632,0.8854625511653632,1,J0422.png
0.9999999767441866,0.9999999767441866,0.9999999767441866,0.2181818142148761,0.4116659074177656,0.1309037569324824,0.047397313987663,0.889867837489569,0.889867837489569,1,X1703.png
0.25,0.25,0.25,0.2608695595463139,0.423645826040281,0.1600193290717591,0.0479591122302046,0.911894269110598,0.911894269110598,1,B0020.png
0.9999999750000008,0.9999999772727278,0.9999999761363644,2.764705719723193,0.4008774157951664,0.1652836601709368,0.0716062798458175,0.8237885426264822,0.8237885426264822,0,zc1282.png
0.25,0.25,0.25,0.6940298455669415,0.2310572193815437,0.0814794491016878,0.0230533235931905,0.8149779699780706,0.8149779699780706,1,M0741.png
0.9999999705882362,0.9999999705882362,0.9999999705882362,0.6846153793491124,0.3736838887684734,0.2787542723972386,0.1230642376736565,0.8678414058685401,0.8678414058685401,0,a1036.png
0.9999999696969708,0.9999999795918372,0.999999974644404,0.7007299218924823,0.2446499693627451,0.128735985086124,0.0294596354158675,0.8458149742475112,0.8458149742475112,1,Y0731.png
0.25,0.25,0.25,0.6911764655060554,0.2660335614553653,0.1273812390190946,0.0305002263459002,0.8281938289506879,0.8281938289506879,1,Y0096.png
0.25,0.25,0.25,0.5925925889346136,0.3078496263956971,0.2002949330007997,0.073594835067448,0.8458149742475112,0.8458149742475112,0,y0648.png
0.9999999750000008,0.999999972222223,0.9999999736111118,0.9999996666667778,0.4811433544220399,0.1261576781008238,0.0412937172912781,0.8237885426264822,0.8237885426264822,0,k0341.png
0.999999974358975,0.999999972222223,0.9999999732905992,0.7499998125000469,0.4802980676634932,0.1250434223975523,0.0381825311234638,0.889867837489569,0.889867837489569,0,k0374.png
0.9999999705882362,0.9999999736842112,0.9999999721362238,0.8695652079395086,0.3556395044539841,0.1265018350516569,0.0179355687043277,0.8590308332201285,0.8590308332201285,1,W0616.png
0.9999999777777784,0.9999999687500012,0.9999999732638898,0.80769230147929,0.456118104444518,0.3129366603439796,0.0961982572901434,0.9999999955947136,0.9999999955947136,0,c0085.png
0.9999999791666672,0.9999999791666672,0.9999999791666672,0.2499999947916668,0.4027084718479896,0.1349656775126537,0.0448304580596114,0.9030836964621864,0.9030836964621864,1,X1069.png
0.25,0.25,0.25,2.8888887283950706,0.5408724806795147,0.2339001268056757,0.0786932056751296,0.8325991152748937,0.8325991152748937,0,n0821.png
0.9999999729729736,0.9999999729729736,0.9999999729729736,1.0952380821995469,0.4354967269097483,0.2032098920419218,0.0892654225880845,0.8766519785169516,0.8766519785169516,1,P0141.png
0.9999999677419364,0.9787233834314174,0.989361675586677,0.4318181720041325,0.4971146726919934,0.1624377611607545,0.047498914929267,0.8458149742475112,0.8458149742475112,0,x1304.png
0.9999999655172426,0.9999999677419364,0.9999999666295896,2.0425531480307844,0.2319080950545838,0.1475070494051869,0.0519722595309346,0.8414096879233054,0.8414096879233054,1,H0187.png
0.9999999777777784,0.9999999791666672,0.9999999784722228,0.6012269901765216,0.3105073803354346,0.2024382278345063,0.0704536489133345,0.8590308332201285,0.8590308332201285,0,y1483.png
0.9999999791666672,0.9999999791666672,0.9999999791666672,0.2631578927582113,0.4046435683085747,0.2053583275866325,0.0688544314838468,0.9999999955947136,0.9999999955947136,0,m0427.png
0.9999999761904768,0.9999999787234048,0.9999999774569408,2.764705719723193,0.3976159904404975,0.1655261877151056,0.0727700831004772,0.8370044015990996,0.8370044015990996,0,zc1455.png
0.25,0.25,0.25,0.571428568288854,0.3057162953938971,0.1755553803511463,0.0303023298809564,0.9162995554348036,0.9162995554348036,1,O0802.png
0.9999999729729736,0.9999999800000005,0.9999999764864872,0.7080745297635123,0.3494790483485598,0.2623218527007703,0.083331716119402,0.9999999955947136,0.9999999955947136,0,c0052.png
0.25,0.25,0.25,0.1794871771860618,0.4348578431372549,0.1366334881625524,0.0562249999985943,0.8810572648411574,0.8810572648411574,1,J0423.png
0.9999999736842112,0.999999972222223,0.9999999729532172,0.3655913958839172,0.4557628551647006,0.2122706486168392,0.0546627433212238,0.8281938289506879,0.8281938289506879,0,s0328.png
0.9999999729729736,0.9999999767441866,0.9999999748585802,0.9166666581790124,0.3430343375980607,0.1351176391805025,0.0257929861623388,0.8678414058685401,0.8678414058685401,1,W0215.png
0.9999999859154932,0.9999999859154932,0.9999999859154932,1.0289854923335435,0.4140332409972299,0.2001916357224724,0.0777008310227783,0.8370044015990996,0.8370044015990996,1,P0443.png
0.9999999787234048,0.9999999772727278,0.9999999779980664,0.2631578878116345,0.4058427926610579,0.1652388698473201,0.0753266273535863,0.8193832563022764,0.8193832563022764,0,zc0696.png
0.9999999729729736,0.9999999729729736,0.9999999729729736,0.5714285442176883,0.5681998309527893,0.1853745591253293,0.0456580591408356,0.8634361195443343,0.8634361195443343,0,d0212.png
0.9999999791666672,0.9999999791666672,0.9999999791666672,0.2399999952000001,0.4038627025888119,0.1359593019891161,0.0444198322168814,0.907488982786392,0.907488982786392,1,X1051.png
0.9999999761904768,0.99999997826087,0.9999999772256736,0.3918918865960556,0.4163225803919326,0.2191990309904671,0.0637135748787865,0.8237885426264822,0.8237885426264822,1,ZC0744.png
0.9999999795918372,0.9999999807692312,0.9999999801805342,0.5999999942857144,0.3962483320894678,0.2045084477368841,0.0858323721624896,0.8986784101379806,0.8986784101379806,1,Q0504.png
0.25,0.25,0.25,0.791666658420139,0.3127830918336419,0.149827820046062,0.0518090708327838,0.8942731238137748,0.8942731238137748,1,A0484.png
0.9999999756097568,0.9999999705882362,0.9999999730989964,0.6368715048219469,0.3204426671598213,0.2345942285890676,0.0477401075113481,0.9999999955947136,0.9999999955947136,1,E0690.png
0.9999999666666678,0.9999999696969708,0.9999999681818192,0.1971830958143226,0.5639514031997351,0.226799218640839,0.0822927506046279,0.8193832563022764,0.8193832563022764,0,n0917.png
0.999999972222223,0.9999999736842112,0.9999999729532172,1.368420980609422,0.6309575062173111,0.1734524788221432,0.0648556782965144,0.8414096879233054,0.8414096879233054,1,V0334.png
0.9999999729729736,0.9999999729729736,0.9999999729729736,0.4615384556213018,0.4956659851543715,0.182808780056859,0.0585107415230547,0.9999999955947136,0.9999999955947136,1,R0149.png
0.25,0.25,0.25,0.8124999915364585,0.3076105721027357,0.1399771472107732,0.0618752402907085,0.8986784101379806,0.8986784101379806,1,A0110.png
0.999999972222223,0.9999999791666672,0.9999999756944452,0.3478260847961112,0.4595835617143754,0.2243118069910232,0.0669175020815909,0.8766519785169516,0.8766519785169516,0,zb0281.png
0.9999999772727278,0.9999999696969708,0.9999999734848491,0.1111111086419753,0.49388152265344,0.1382926509229691,0.0526765902354688,0.9162995554348036,0.9162995554348036,0,j0458.png
0.25,0.25,0.25,0.5828571395265306,0.3060467881885549,0.2226318329469508,0.0328479430980188,0.8986784101379806,0.8986784101379806,0,e0434.png
0.9999999696969708,0.999999956521741,0.999999963109356,0.1842105214681441,0.4805991723225904,0.1665274362007142,0.0727624742654454,0.889867837489569,0.889867837489569,0,v0597.png
0.9999999761904768,0.9999999761904768,0.9999999761904768,1.4999999722222228,0.4615289188377683,0.2200575142425506,0.0968617899807714,0.8325991152748937,0.8325991152748937,0,za0012.png
0.9999999629629645,0.9999999629629645,0.9999999629629645,2.0425531480307844,0.2335948178235138,0.1490283374868781,0.0498889833050111,0.8414096879233054,0.8414096879233054,1,H0152.png
0.999999958333335,0.9999999545454564,0.9999999564393958,0.7410071889136174,0.3690329052501429,0.2829530040329312,0.1291136228404732,0.9030836964621864,0.9030836964621864,0,a0660.png
0.9999999705882362,0.9999999705882362,0.9999999705882362,0.6444444396707819,0.3875429137874325,0.2897019008262508,0.1365920276189391,0.8678414058685401,0.8678414058685401,0,a1256.png
0.999999972222223,0.99999997826087,0.9999999752415464,0.316326528998334,0.3553829695143363,0.1344749431327745,0.0374323198657478,0.8634361195443343,0.8634361195443343,1,U0495.png
0.9999999750000008,0.9999999800000005,0.9999999775000006,0.4394904430605704,0.4529466545955702,0.2220254035041253,0.0669542201728518,0.889867837489569,0.889867837489569,0,zb0440.png
0.999999956521741,0.9999999705882362,0.9999999635549884,0.330396474315434,0.3628560958820447,0.1775879207561828,0.0369306604041038,0.9999999955947136,0.9999999955947136,1,U0394.png
0.25,0.25,0.25,0.4078212267719485,0.3388659803921569,0.1588921516154057,0.0641749999983956,0.8810572648411574,0.8810572648411574,1,ZB0854.png
0.9999999629629645,0.9999999523809546,0.9999999576719596,0.4999999687500019,0.6225305470511535,0.1974949246109683,0.0638717190700268,0.806167397329659,0.806167397329659,0,w0509.png
0.9999999705882362,0.99999997826087,0.9999999744245532,0.4615384585798817,0.4569002090632171,0.2091810435093759,0.095324864637252,0.8634361195443343,0.8634361195443343,0,u0234.png
0.9999999772727278,0.9999999756097568,0.9999999764412424,0.6363636280991737,0.3855010383649017,0.1487585530227312,0.0334892700667436,0.8854625511653632,0.8854625511653632,1,W1180.png
0.25,0.25,0.25,0.2307692218934914,0.5564856551612036,0.1790276008332897,0.049420767349096,0.8546255468959227,0.8546255468959227,0,d0756.png
0.9999999714285724,0.9999999729729736,0.9999999722007732,0.7499999882812503,0.4776033859136171,0.2319665468300004,0.0506068180048286,0.8678414058685401,0.8678414058685401,1,F0371.png
0.25,0.25,0.25,0.5032258032049949,0.411499526859004,0.1794700802461514,0.058055300478062,0.8722466921927459,0.8722466921927459,1,ZB1193.png
0.9999999714285724,0.9999999523809546,0.9999999619047636,0.9999997500000624,0.6709912728238513,0.1958525176743366,0.0566149620780682,0.7885462520328359,0.7885462520328359,1,K0284.png
0.999999982758621,0.999999982758621,0.999999982758621,2.857142721088442,0.5410349247732334,0.1982496140713182,0.0509972299154848,0.8370044015990996,0.8370044015990996,1,L0073.png
0.999999958333335,0.9999999687500012,0.999999963541668,0.2447552430436696,0.477654101475873,0.2017269743224823,0.0504160828147669,0.8237885426264822,0.8237885426264822,0,s0161.png
0.9999999800000005,0.9999999807692312,0.9999999803846158,0.7499998125000469,0.4852316563604306,0.1243363147572741,0.0295194565786338,0.8766519785169516,0.8766519785169516,0,k0328.png
0.9999999705882362,0.9999999655172426,0.9999999680527394,2.209302274202273,0.4505774808538373,0.2035699578835213,0.0507756232672915,0.8370044015990996,0.8370044015990996,0,g0054.png
0.25,0.25,0.25,0.3333333111111126,0.5271339215686275,0.1572453037644637,0.0490249999987743,0.8810572648411574,0.8810572648411574,0,x0151.png
0.9999999756097568,0.9999999756097568,0.9999999756097568,1.458333272569447,0.6134313385430482,0.1831564825733995,0.070499479706599,0.8193832563022764,0.8193832563022764,1,V0151.png
0.9999999756097568,0.9999999772727278,0.9999999764412424,0.5478723375113174,0.3164706621643851,0.1913396865729193,0.0474597040237661,0.907488982786392,0.907488982786392,0,o0236.png
0.25,0.25,0.25,0.2096774159729449,0.4397183282684704,0.1268398607868558,0.0540878345247013,0.889867837489569,0.889867837489569,1,J0110.png
0.9999999600000016,0.9999999705882362,0.9999999652941188,1.9387754706372355,0.2363328444951387,0.1498847717056931,0.0618005540149085,0.8370044015990996,0.8370044015990996,1,H0481.png
0.9999999756097568,0.9999999800000005,0.9999999778048786,0.5617977496528216,0.3090294117647059,0.1742535480832681,0.0258499999993537,0.8810572648411574,0.8810572648411574,1,O1185.png
0.9999999750000008,0.9999999729729736,0.9999999739864872,0.9659090799328514,0.3662552242461744,0.1366867138339592,0.0281393819847958,0.8590308332201285,0.8590308332201285,1,W0478.png
0.25,0.25,0.25,0.2549019557862362,0.4002303815295559,0.1375551435725936,0.0400838910349683,0.907488982786392,0.907488982786392,1,X1100.png
0.999999956521741,0.999999956521741,0.999999956521741,0.6461538362130179,0.5301388813866532,0.2292369333754606,0.1168503213927953,0.8722466921927459,0.8722466921927459,1,T0662.png
0.9999999705882362,0.9999999523809546,0.9999999614845954,0.062499998046875,0.5180018431824863,0.1300661924785074,0.0539215686261552,0.8986784101379806,0.8986784101379806,0,j0025.png
0.9999999705882362,0.9999999800000005,0.9999999752941184,0.4133333278222223,0.4106320500118031,0.2159571444313976,0.0644856873212134,0.8237885426264822,0.8237885426264822,1,ZC0630.png
0.999999958333335,0.9999999545454564,0.9999999564393958,0.3714285608163268,0.5885873662484384,0.2215134256262968,0.1000831024903024,0.8370044015990996,0.8370044015990996,0,r0176.png
0.9999999761904768,0.99999997826087,0.9999999772256736,0.4520547883280166,0.4155141343231394,0.2205295169497378,0.0578371266185762,0.8325991152748937,0.8325991152748937,1,ZC0090.png
0.9999999523809546,0.9999999655172426,0.9999999589490988,0.710344822687277,0.3224692118370251,0.2203928439876204,0.1032956573443594,0.9030836964621864,0.9030836964621864,1,C0210.png
0.9999999687500012,0.9999999687500012,0.9999999687500012,0.6846153793491124,0.3753036539481326,0.2844245767101986,0.1264109492152619,0.8766519785169516,0.8766519785169516,0,a0936.png
0.9999999772727278,0.9999999795918372,0.9999999784322824,0.402439019482451,0.4155459821836595,0.2233677961674996,0.0626268981079634,0.8237885426264822,0.8237885426264822,1,ZC0170.png
0.9999999843750004,0.9999999843750004,0.9999999843750004,0.4752475223997647,0.4092785982150923,0.22845128328053,0.0923683952531034,0.889867837489569,0.889867837489569,1,P0884.png
0.9999999830508478,0.9999999814814818,0.9999999822661648,2.4090907995867816,0.5375252981851177,0.1996356182771433,0.0544217687059594,0.8325991152748937,0.8325991152748937,1,L0085.png
0.9999999833333336,0.9999999824561407,0.9999999828947372,2.949999852500007,0.5631671283471837,0.2002547651566957,0.046786703599812,0.8370044015990996,0.8370044015990996,1,L0104.png
0.25,0.25,0.25,0.2054794492400075,0.593931543849202,0.2382622435855389,0.0890217049361142,0.8237885426264822,0.8237885426264822,0,n0037.png
0.25,0.25,0.25,0.5941176435640139,0.3156853134352456,0.2244196300921232,0.0441623370246994,0.889867837489569,0.889867837489569,0,e0274.png
0.9999999705882362,0.9999999705882362,0.9999999705882362,0.4056603735315059,0.3107294220778384,0.1334163859859821,0.0511768573293576,0.8590308332201285,0.8590308332201285,1,S0066.png
0.9999999696969708,0.9999999696969708,0.9999999696969708,0.5975609719660916,0.3202915860221639,0.2061377002683723,0.0617971678451218,0.8634361195443343,0.8634361195443343,0,y1337.png
0.25,0.25,0.25,0.5596330223886878,0.4000318300939897,0.2058043447541438,0.0603210595464886,0.8678414058685401,0.8678414058685401,0,q0159.png
0.999999974358975,0.9999999761904768,0.999999975274726,0.9777777560493832,0.3838062959558823,0.1442932625309759,0.0377332899295319,0.8458149742475112,0.8458149742475112,1,W0820.png
0.25,0.25,0.25,0.2597402563670096,0.4723931366103312,0.1955855869743947,0.0634582511488899,0.8590308332201285,0.8590308332201285,1,N0979.png
0.9999999600000016,0.9999999600000016,0.9999999600000016,0.1290322559833507,0.5716839483867447,0.1828758502701158,0.0505295163479984,0.8678414058685401,0.8678414058685401,0,d0340.png
0.999999956521741,0.9999999600000016,0.9999999582608712,0.5026454999860026,0.2614421900447422,0.136822839423071,0.0488508160452156,0.8325991152748937,0.8325991152748937,0,h0607.png
0.25,0.25,0.25,0.6513157851887119,0.3986715230295782,0.2070350134538323,0.0686696384841488,0.8678414058685401,0.8678414058685401,0,q0094.png
0.9999999642857156,0.9999999677419364,0.999999966013826,0.4242424113865936,0.5820397843636769,0.2134576669331643,0.1046163321266309,0.8325991152748937,0.8325991152748937,0,r0121.png
0.25,0.25,0.25,0.6433120978132988,0.3269726870476415,0.2129773692094556,0.0674240736598741,0.8854625511653632,0.8854625511653632,0,y0444.png
0.9999999787234048,0.9999999787234048,0.9999999787234048,0.9134615296782546,0.3871930348362167,0.1570511023283476,0.034948612407895,0.8766519785169516,0.8766519785169516,1,W0732.png
0.25,0.25,0.25,0.6333333291111112,0.3221077731504124,0.204738192456574,0.0814366899000185,0.8325991152748937,0.8325991152748937,0,y0021.png
0.999999956521741,0.999999972222223,0.999999964371982,0.8319327661182121,0.3341123654849145,0.1444676185718428,0.0178043056826394,0.8722466921927459,0.8722466921927459,1,W0243.png
0.999999983870968,0.999999958333335,0.9999999711021514,0.6206896444708683,0.4244078368571827,0.2254630771844218,0.0610254797088556,0.8237885426264822,0.8237885426264822,1,ZC0438.png
0.25,0.25,0.25,0.6111110771604957,0.3621659789957369,0.1334680577967329,0.0709486696933758,0.268722465776553,0.268722465776553,0,i0843.png
0.25,0.25,0.25,0.4999999974226804,0.1409673466580808,0.1098543488635822,0.0258794770957094,0.8546255468959227,0.8546255468959227,1,H0009.png
0.9999999629629645,0.9999999629629645,0.9999999629629645,0.6769230717159764,0.3947977744339853,0.2875560711593516,0.1321832242681217,0.9030836964621864,0.9030836964621864,0,a0829.png
0.9999999791666672,0.9999999791666672,0.9999999791666672,0.3571428316326549,0.5354815735089057,0.1598383344635922,0.0481583511874258,0.8722466921927459,0.8722466921927459,0,x0433.png
0.9999999767441866,0.9999999767441866,0.9999999767441866,0.5730337046458781,0.3304709279669061,0.180942257537262,0.0314251741116885,0.8942731238137748,0.8942731238137748,1,O1023.png
0.25,0.25,0.25,0.8904109467066994,0.5101316036618729,0.2340311423881936,0.1116722199054646,0.8634361195443343,0.8634361195443343,1,T0284.png
0.9999999791666672,0.9999999791666672,0.9999999791666672,0.8290598219738476,0.3171842486625513,0.2054871451094766,0.069344143465077,0.850220260571717,0.850220260571717,0,y0585.png
0.25,0.25,0.25,0.2790697641968632,0.4737058666905139,0.194004381900626,0.0469478729148664,0.8678414058685401,0.8678414058685401,1,D0099.png
0.9999999787234048,0.999999981132076,0.9999999799277404,0.6037735792096832,0.3882756431942575,0.2036397040736973,0.0865830279772238,0.8942731238137748,0.8942731238137748,1,Q0153.png
0.9999999545454564,0.9999999545454564,0.9999999545454564,0.5238095210380449,0.354608467108145,0.1753350565610884,0.0550903141009794,0.8678414058685401,0.8678414058685401,1,U0522.png
0.9999999736842112,0.9999999736842112,0.9999999736842112,0.1785714264455782,0.3850787036430373,0.1389145449958907,0.0286379050016425,0.8854625511653632,0.8854625511653632,1,I1053.png
0.25,0.25,0.25,0.5771428538448979,0.3162238035102287,0.179714784153015,0.0310753847654378,0.889867837489569,0.889867837489569,1,O0579.png
0.999999974358975,0.9999999772727278,0.9999999758158514,0.5454545425376762,0.3145034715154804,0.189508561047946,0.0472895040357725,0.8986784101379806,0.8986784101379806,0,o0253.png
0.9999999655172426,0.9999999729729736,0.999999969245108,0.1086956498109641,0.496804117357002,0.140486658790464,0.0553346893478334,0.9162995554348036,0.9162995554348036,0,j0376.png
0.9999999545454564,0.9999999666666678,0.999999960606062,0.4583333142361119,0.5714234806474402,0.1835979476961633,0.0466574556263509,0.8546255468959227,0.8546255468959227,0,d0355.png
0.25,0.25,0.25,0.4999999974489796,0.3883958685515022,0.2011951703123127,0.0712463556832766,0.8634361195443343,0.8634361195443343,0,q0324.png
0.9999999761904768,0.9999999761904768,0.9999999761904768,0.1999999933333335,0.5605469521674525,0.1866597067359434,0.0441392460500363,0.8678414058685401,0.8678414058685401,0,d0781.png
0.25,0.25,0.25,0.5418994383134109,0.2362719048720561,0.1201804750638399,0.0256403443504718,0.8546255468959227,0.8546255468959227,1,Y0632.png
0.9999999843750004,0.9830508307957486,0.9915254075853744,0.575757571395776,0.405351731234593,0.2163296356555718,0.0968617839269304,0.8986784101379806,0.8986784101379806,1,Q0016.png
0.9999999821428576,0.9999999821428576,0.9999999821428576,4.130434603024582,0.5662420798223268,0.2005761313967975,0.0471151423519186,0.8325991152748937,0.8325991152748937,1,L0606.png
0.9999999655172426,0.9999999600000016,0.999999962758622,0.4999999973404255,0.2628123363424138,0.1341656107232731,0.0461747396999158,0.8281938289506879,0.8281938289506879,0,h0556.png
0.9999999756097568,0.9999999767441866,0.9999999761769716,0.5421052603047092,0.3118683914323576,0.190498305782518,0.0485672542169722,0.907488982786392,0.907488982786392,0,o0183.png
0.9999999777777784,0.9999999777777784,0.9999999777777784,0.3937823813793659,0.4517772552388562,0.1928217727511851,0.0468737415756966,0.850220260571717,0.850220260571717,1,G0264.png
0.9999999841269844,0.9999999841269844,0.9999999841269844,0.6035502922866847,0.3212156681935557,0.1806113278740476,0.0255526705325158,0.8942731238137748,0.8942731238137748,1,O0126.png
0.25,0.25,0.25,0.5399999892000003,0.164651435511905,0.0812022314137932,0.0569597721406337,0.2334801751829067,0.2334801751829067,1,E0852.png
0.99999997826087,0.99999997826087,0.99999997826087,0.4215686233179547,0.3230692156862745,0.130519983281465,0.0446499999988837,0.8810572648411574,0.8810572648411574,1,S0497.png
0.9999999761904768,0.9999999761904768,0.9999999761904768,0.4999999974226804,0.393626252711734,0.20250978200199,0.0674885747670451,0.8546255468959227,0.8546255468959227,0,q0393.png
0.9999999750000008,0.999999974358975,0.999999974679488,0.9999996666667778,0.470956862745098,0.1216838615142454,0.035799999999105,0.8810572648411574,0.8810572648411574,0,k0508.png
0.25,0.25,0.25,0.3999999733333351,0.5137280392156863,0.1549842347690602,0.0435499999989112,0.8810572648411574,0.8810572648411574,0,x0112.png
0.25,0.25,0.25,0.5098039115724724,0.1394621977972273,0.0689900559557303,0.053825451728633,0.2246696025344951,0.2246696025344951,1,E0609.png
0.9999999756097568,0.9999999687500012,0.9999999721798788,0.7226277319516224,0.3168702024343454,0.2329204248117547,0.1120616351848266,0.8678414058685401,0.8678414058685401,1,C0045.png
0.9999999772727278,0.9999999791666672,0.9999999782196975,0.5789473650353956,0.3113750897767535,0.172523478315319,0.0386950311182865,0.8722466921927459,0.8722466921927459,1,O0787.png
0.9999999761904768,0.9999999761904768,0.9999999761904768,1.745454513719009,0.4894696138003813,0.244951661711395,0.1108398437469932,0.8458149742475112,0.8458149742475112,0,za0707.png
0.25,0.25,0.25,0.5217391077504736,0.3533363962869098,0.135739859156933,0.067523305601531,0.2775330384249646,0.2775330384249646,0,i0264.png
0.9999999761904768,0.9999999767441866,0.9999999764673316,0.8656716288705727,0.4292582189492469,0.2335101038598232,0.0489490868266261,0.8722466921927459,0.8722466921927459,1,F0068.png
0.9999999729729736,0.9999999814814818,0.9999999772272278,0.2048192746407316,0.3903101589301967,0.1748222407939675,0.0337230740499492,0.911894269110598,0.911894269110598,0,b0095.png
0.25,0.25,0.25,0.588235259515573,0.4111781028748648,0.1509159082227251,0.0718002080978667,0.2731277521007588,0.2731277521007588,0,i0597.png
0.9999999772727278,0.9999999750000008,0.9999999761363644,0.999999000001,0.4803466243828234,0.1120344051967794,0.0382117028260825,0.8590308332201285,0.8590308332201285,0,k0251.png
0.9999999777777784,0.9999999777777784,0.9999999777777784,0.6049382678707514,0.3014863088092379,0.2061417973299832,0.0781445231133344,0.8634361195443343,0.8634361195443343,0,y1346.png
0.999999958333335,0.9999999729729736,0.9999999656531544,0.4999999974489796,0.3843782410923553,0.163302500101697,0.0394106622230474,0.8634361195443343,0.8634361195443343,1,U0399.png
0.25,0.25,0.25,0.4342857118040816,0.3702782312389616,0.1537191949564456,0.0419181333794116,0.8766519785169516,0.8766519785169516,1,ZB0907.png
0.25,0.25,0.25,0.6884057921130016,0.2648242836229142,0.1246764093907912,0.0280507264626396,0.8325991152748937,0.8325991152748937,1,Y0067.png
0.25,0.25,0.25,0.4374999726562517,0.4925631330228188,0.152791730677117,0.0356921858361007,0.8854625511653632,0.8854625511653632,0,x0692.png
0.9999999787234048,0.9999999787234048,0.9999999787234048,0.3620689592746731,0.4187794962898944,0.1452454107700925,0.0511937557379044,0.8722466921927459,0.8722466921927459,1,X0073.png
0.9999999756097568,0.9999999772727278,0.9999999764412424,0.5336787537115091,0.3063141220795278,0.1776367560723069,0.0386198691246015,0.9030836964621864,0.9030836964621864,0,o0130.png
0.9999999750000008,0.99999997826087,0.9999999766304354,2.799999813333346,0.4060631853759548,0.1659491009156046,0.0746089393441445,0.8237885426264822,0.8237885426264822,0,zc0701.png
0.25,0.25,0.25,0.4011627883653326,0.3882544854676564,0.1660479110000461,0.0610943356918707,0.8634361195443343,0.8634361195443343,1,ZB0362.png
0.9999999795918372,0.9999999795918372,0.9999999795918372,0.727999994176,0.3312916882729423,0.1918257639898374,0.0445900253579099,0.8017621110054532,0.8017621110054532,0,l0246.png
0.9999999791666672,0.9999999818181822,0.9999999804924248,0.6226415035599858,0.3901676202968692,0.2013586023940549,0.0810986159150062,0.8986784101379806,0.8986784101379806,1,Q0372.png
0.9999999729729736,0.9999999696969708,0.9999999713349722,1.476190405895695,0.6165060885961408,0.1783473682233298,0.0666863539942901,0.850220260571717,0.850220260571717,1,V0150.png
0.9999999787234048,0.9999999787234048,0.9999999787234048,0.4999999875000003,0.4238691734364006,0.1371272430953865,0.0463119618179765,0.8766519785169516,0.8766519785169516,1,X0084.png
0.25,0.25,0.25,0.741935475893167,0.3044009296993716,0.1558376173755434,0.0567560208891671,0.8854625511653632,0.8854625511653632,1,A1115.png
0.9999999756097568,0.9999999756097568,0.9999999756097568,0.5054945027170632,0.3362193402198281,0.1981857605215062,0.043123762841853,0.907488982786392,0.907488982786392,0,o0500.png
0.99999997826087,0.99999997826087,0.99999997826087,0.4878048750743605,0.4510258455545042,0.2222321659735807,0.0683316077859566,0.8766519785169516,0.8766519785169516,0,zb0412.png
0.25,0.25,0.25,2.0638297433227715,0.4402538507416175,0.2118644764329519,0.0689414480907154,0.850220260571717,0.850220260571717,1,N0228.png
0.9999999772727278,0.9999999729729736,0.9999999751228508,0.4305555495756173,0.4157317093877474,0.2217483016001174,0.0689778733294819,0.806167397329659,0.806167397329659,1,ZC0484.png
0.25,0.25,0.25,0.4186046487290427,0.3422281058472016,0.1548489346842406,0.0524382555288386,0.8414096879233054,0.8414096879233054,1,ZB1469.png
0.99999997826087,0.99999997826087,0.99999997826087,0.3043478128544429,0.5083791970007061,0.155514708337084,0.0451484542382117,0.8722466921927459,0.8722466921927459,0,x0088.png
0.999999974358975,0.9999999761904768,0.999999975274726,1.999998000002,0.484288117859122,0.1112398125862856,0.0380828486879378,0.8722466921927459,0.8722466921927459,0,k0143.png
0.9999999687500012,0.99999997826087,0.9999999735054356,2.268292627602619,0.4101775338416092,0.180060855001354,0.0328939761812667,0.8193832563022764,0.8193832563022764,0,l0052.png
0.25,0.25,0.25,0.3850931653099803,0.3911111383328842,0.1612212746999451,0.0576582673870871,0.8634361195443343,0.8634361195443343,1,ZB1052.png
0.25,0.25,0.25,0.5872092989115738,0.3203615178058283,0.221658204345013,0.0395304381913653,0.889867837489569,0.889867837489569,0,e0681.png
0.9999999642857156,0.99999997826087,0.9999999712732928,0.4081632569762601,0.4076209206442103,0.1360662718438063,0.0516653619845037,0.8766519785169516,0.8766519785169516,1,X0390.png
0.9999999545454564,0.9999999545454564,0.9999999545454564,0.2117647033910035,0.3749892135108481,0.1207320628532804,0.0217501849107398,0.9162995554348036,0.9162995554348036,1,I1239.png
0.25,0.25,0.25,1.7818181494214882,0.4898274870763558,0.244919963115131,0.1004076265588321,0.8590308332201285,0.8590308332201285,0,za0800.png
0.9999999761904768,0.999999974358975,0.999999975274726,0.4020100482311053,0.4317508914369285,0.2177190739906598,0.0519992310637255,0.8986784101379806,0.8986784101379806,0,s0430.png
0.9999999761904768,0.9999999767441866,0.9999999764673316,0.927536218441504,0.4309610818998423,0.2319701758967273,0.0500914736259606,0.8678414058685401,0.8678414058685401,1,F0020.png
0.9999999750000008,0.9999999750000008,0.9999999750000008,0.5804597667789668,0.3302970104814791,0.1774515787851552,0.0346779727469199,0.889867837489569,0.889867837489569,1,O1242.png
0.999999972222223,0.99999997826087,0.9999999752415464,0.099999998,0.4883354380866159,0.133330069018825,0.0511714537777871,0.889867837489569,0.889867837489569,0,j0447.png
0.9999999714285724,0.9999999777777784,0.9999999746031754,0.4827586179151804,0.4481770259124057,0.2360463938057322,0.0849645980819199,0.8634361195443343,0.8634361195443343,0,zb0199.png
0.9999999600000016,0.9999999629629645,0.999999961481483,0.2093023231476474,0.3772325996430696,0.1319351973714463,0.0261511005347733,0.9030836964621864,0.9030836964621864,1,I0639.png
0.25,0.25,0.25,0.5789473379501401,0.4079118457300275,0.1574995996246964,0.1077685950056963,0.2422907478313183,0.2422907478313183,0,i1024.png
0.9999999677419364,0.9999999830508478,0.9999999753963922,0.3437499892578128,0.4453840004048738,0.1996161813439643,0.0273632323540654,0.9999999955947136,0.9999999955947136,0,b0202.png
0.25,0.25,0.25,0.5624999648437522,0.4505158537244099,0.1599704852040949,0.0723140495701758,0.290748897397582,0.290748897397582,0,i0637.png
0.9999999772727278,0.9999999729729736,0.9999999751228508,0.7499998125000469,0.4673843006590391,0.1709118059584151,0.0258746355678395,0.8634361195443343,0.8634361195443343,0,i0747.png
0.9999999814814818,0.999999981132076,0.9999999813067788,0.5841584100578375,0.3982652341647532,0.2069761006044035,0.0836117917852624,0.8854625511653632,0.8854625511653632,1,Q0581.png
0.999999972222223,0.9999999736842112,0.9999999729532172,0.3478260850661626,0.4765456163139842,0.2477409985618627,0.086217114584601,0.8678414058685401,0.8678414058685401,0,zb0620.png
0.25,0.25,0.25,0.1511627889399675,0.3868257968765091,0.1319280208084893,0.0222271725941875,0.8854625511653632,0.8854625511653632,1,I0834.png
0.9999999750000008,0.9999999787234048,0.9999999768617028,2.999999812500012,0.4018329960598154,0.1637875224360094,0.071034344703279,0.8237885426264822,0.8237885426264822,0,zc1247.png
0.999999985294118,0.999999985294118,0.999999985294118,0.8041237030502711,0.3141341753925715,0.1518012986171109,0.0540176855042767,0.8986784101379806,0.8986784101379806,1,A0490.png
0.9999999761904768,0.99999997826087,0.9999999772256736,0.1999999971428571,0.3995585294117647,0.1328529004078574,0.0505499999987362,0.8810572648411574,0.8810572648411574,1,X0890.png
0.9999999523809546,0.9999999714285724,0.9999999619047636,0.3966480424768265,0.3394939215686274,0.1596922413123787,0.0659749999983506,0.8810572648411574,0.8810572648411574,1,ZB0100.png
0.9999999677419364,0.9999999677419364,0.9999999677419364,0.6857142808163266,0.2593181193970968,0.1263232887646763,0.030892793508103,0.8414096879233054,0.8414096879233054,1,Y0381.png
0.9999999772727278,0.9999999772727278,0.9999999772727278,3.99999983333334,0.569453167551743,0.2454693212251856,0.0866427951365385,0.8458149742475112,0.8458149742475112,0,n0324.png
0.25,0.25,0.25,1.931034416171227,0.4389059876351089,0.1963178917951646,0.0648358108657418,0.8325991152748937,0.8325991152748937,1,N0010.png
0.99999997826087,0.9999999772727278,0.9999999777667988,0.6249999958881579,0.3144026940416055,0.2052652565986233,0.0844875346236984,0.8370044015990996,0.8370044015990996,0,y0156.png
0.999999974358975,0.9999999761904768,0.999999975274726,2.733333151111123,0.4033333796656659,0.1626721729746008,0.0765004725875324,0.8105726836538648,0.8105726836538648,0,zc0792.png
0.25,0.25,0.25,0.6249999609375024,0.3989464442493415,0.1427052834276691,0.066384495418493,0.2951541837217877,0.2951541837217877,0,i0749.png
0.9999999777777784,0.9999999772727278,0.999999977525253,0.4025973973688649,0.41035447824638,0.2160244421088384,0.0697768528133374,0.8193832563022764,0.8193832563022764,1,ZC0202.png
0.9999999523809546,0.9999999523809546,0.9999999523809546,0.5624999648437522,0.5685887620354264,0.1855193254992118,0.0524521032889303,0.8634361195443343,0.8634361195443343,0,d0718.png
0.9999999687500012,0.9999999615384628,0.999999965144232,0.7295081907417361,0.389943800958813,0.2749708563155721,0.1343961927392172,0.9030836964621864,0.9030836964621864,0,a0558.png
0.9999999729729736,0.9999999777777784,0.999999975375376,0.432432426588751,0.4125768537847808,0.2195510670280165,0.0669736051912558,0.8237885426264822,0.8237885426264822,1,ZC1069.png
0.9999999767441866,0.9999999777777784,0.9999999772609824,2.8666664755555686,0.4032445036451396,0.1628208902540057,0.0688385682960164,0.8149779699780706,0.8149779699780706,0,zc0937.png
0.25,0.25,0.25,1.7407407085048017,0.4830521751480131,0.2400171800450132,0.1034404707983408,0.8281938289506879,0.8281938289506879,0,za0572.png
0.9999999666666678,0.999999972222223,0.9999999694444456,0.9065420476024107,0.3504108498538112,0.1312293788402666,0.0221330640869876,0.8546255468959227,0.8546255468959227,1,W0236.png
0.25,0.25,0.25,0.3999999733333351,0.5033928110576952,0.1493500089136451,0.0408631772257712,0.8722466921927459,0.8722466921927459,0,x0058.png
0.9999999729729736,0.9999999756097568,0.9999999742913652,0.6959999944320001,0.3705462437924474,0.2782393328853894,0.1411680306052405,0.8546255468959227,0.8546255468959227,0,a0979.png
0.25,0.25,0.25,0.15662650413703,0.4223588235294117,0.1702739113504534,0.0284499999992887,0.8810572648411574,0.8810572648411574,1,I0180.png
0.9999999750000008,0.9999999729729736,0.9999999739864872,0.9999996666667778,0.4759843137254902,0.115537649560542,0.0335749999991606,0.8810572648411574,0.8810572648411574,0,k0206.png
0.9999999705882362,0.9999999687500012,0.9999999696691186,0.2121212056932968,0.495416439781292,0.1753924161391207,0.0646043975224707,0.9999999955947136,0.9999999955947136,0,v0321.png
0.999999972222223,0.9999999705882362,0.9999999714052296,0.263157890120037,0.4886097211043846,0.1461637592125802,0.0606543723959392,0.9030836964621864,0.9030836964621864,0,v0345.png
0.999999974358975,0.9999999777777784,0.9999999760683768,0.1086956498109641,0.4903249724445991,0.1361659760117324,0.0479844674545121,0.9162995554348036,0.9162995554348036,0,j0479.png
0.9999999736842112,0.9999999736842112,0.9999999736842112,1.6785713985969395,0.2387612174792959,0.1474247767327876,0.0594726120399651,0.8281938289506879,0.8281938289506879,1,H0559.png
0.9999999761904768,0.9999999761904768,0.9999999761904768,0.5698323990512156,0.3254558422655626,0.1720173968596687,0.0365696813793935,0.8942731238137748,0.8942731238137748,1,O0246.png
0.25,0.25,0.25,0.6643356596899604,0.2419515507033838,0.1199106886508338,0.0221606648193307,0.8370044015990996,0.8370044015990996,1,Y0933.png
0.9999999600000016,0.9999999795918372,0.9999999697959194,0.3333333253968256,0.4250972596878988,0.1598278601853704,0.0497180103538804,0.9162995554348036,0.9162995554348036,1,B0059.png
0.9999999761904768,0.9999999795918372,0.999999977891157,0.5809523754195012,0.4101034959101984,0.2109695024163524,0.0871625369802338,0.9162995554348036,0.9162995554348036,1,Q0488.png
0.25,0.25,0.25,0.8703703542524008,0.3464117591612005,0.153074259246244,0.0404373644980264,0.453744491393196,0.453744491393196,1,O0100.png
0.99999997826087,0.9999999800000005,0.9999999791304351,0.612499996171875,0.3167241365974397,0.2041180174134721,0.0720578566713462,0.8590308332201285,0.8590308332201285,0,y1043.png
0.9999999705882362,0.9999999756097568,0.9999999730989964,0.5343137228710112,0.4103642380703955,0.2276653107992465,0.0682528285030128,0.9999999955947136,0.9999999955947136,0,zb0847.png
0.25,0.25,0.25,0.7634408520060124,0.2999501399004085,0.1493366233471974,0.0606550339622571,0.8766519785169516,0.8766519785169516,1,A0871.png
0.9999999696969708,0.9999999772727278,0.9999999734848491,2.2999999425000017,0.4380192696171096,0.1830791813654712,0.0405245746679901,0.8105726836538648,0.8105726836538648,0,l0030.png
0.9999999791666672,0.9999999772727278,0.9999999782196975,2.62499983593751,0.4029876945253899,0.1654370055727198,0.0706202036468506,0.806167397329659,0.806167397329659,0,zc0067.png
0.25,0.25,0.25,0.2999999925000002,0.4222759095309748,0.1538879289126086,0.0487804878037173,0.9030836964621864,0.9030836964621864,1,B0047.png
0.9999999729729736,0.9999999756097568,0.9999999742913652,0.4411764641003461,0.3731080392156862,0.1594392557390641,0.0523249999986918,0.8810572648411574,0.8810572648411574,0,m0032.png
0.999999958333335,0.9999999772727278,0.9999999678030314,0.263157890120037,0.5676342990795231,0.2320324424851238,0.0861249434108724,0.8281938289506879,0.8281938289506879,0,n0958.png
0.9999999756097568,0.9999999642857156,0.999999969947736,0.5449735420900871,0.3091881349803455,0.18111428192691,0.0412611540739735,0.9030836964621864,0.9030836964621864,0,o0080.png
0.25,0.25,0.25,0.7741935400624351,0.299298938281911,0.1493487653495943,0.0614378424771738,0.8766519785169516,0.8766519785169516,1,A1334.png
0.9999999736842112,0.9999999736842112,0.9999999736842112,1.7241379013079674,0.4230762641664327,0.2314627083282012,0.0953006237192166,0.8766519785169516,0.8766519785169516,0,za0257.png
0.9999999772727278,0.9999999696969708,0.9999999734848491,0.7122302107033798,0.3100158847336506,0.2259081485887481,0.1065197428806621,0.8722466921927459,0.8722466921927459,1,C0062.png
0.9999999666666678,0.9999999666666678,0.9999999666666678,0.6333333298148148,0.3466358749442062,0.2384913422444159,0.0318655514364364,0.9999999955947136,0.9999999955947136,0,e0829.png
0.9999999600000016,0.9999999772727278,0.9999999686363648,0.2558139475392105,0.4041247812160966,0.1635255679049338,0.0468705815805714,0.907488982786392,0.907488982786392,1,X0794.png
0.9999999767441866,0.9999999767441866,0.9999999767441866,0.4451219485053539,0.3784309642224236,0.1665875237887716,0.065155143688433,0.8634361195443343,0.8634361195443343,1,ZB0323.png
0.999999974358975,0.99999997826087,0.9999999763099224,0.5421052603047092,0.3180417818525388,0.1943604256293642,0.0443783462214306,0.9030836964621864,0.9030836964621864,0,o0438.png
0.25,0.25,0.25,0.40999999795,0.3255973529411765,0.1567310122514828,0.0601249999984968,0.8810572648411574,0.8810572648411574,1,ZB0045.png
0.9999999750000008,0.9999999761904768,0.9999999755952388,0.9253731205168192,0.4131456163194444,0.2242319269929789,0.0463053385404105,0.8458149742475112,0.8458149742475112,1,F0229.png
0.25,0.25,0.25,0.98749998765625,0.503487619537611,0.2503800174352717,0.1164358600552781,0.8634361195443343,0.8634361195443343,1,T0878.png
0.25,0.25,0.25,2.1538460710059204,0.4561507513824905,0.1987046134125029,0.0669137618813118,0.8281938289506879,0.8281938289506879,1,N0417.png
0.9999999767441866,0.9999999767441866,0.9999999767441866,0.9787233938433682,0.3548534227510467,0.1919875857064498,0.0418644928172873,0.806167397329659,0.806167397329659,0,l0329.png
0.9999999629629645,0.9999999761904768,0.9999999695767204,0.7266186998084986,0.3104975561175684,0.2270069346891985,0.0997747580480736,0.8854625511653632,0.8854625511653632,1,C0055.png
0.9999999714285724,0.9999999756097568,0.9999999735191644,0.6874999570312527,0.4652413128110993,0.1548100820510326,0.0483999301354887,0.9999999955947136,0.9999999955947136,1,J0075.png
0.9999999629629645,0.9999999629629645,0.9999999629629645,0.3867403293550258,0.3462247234950049,0.1591157858851327,0.0645984178910923,0.8678414058685401,0.8678414058685401,1,ZB0189.png
0.25,0.25,0.25,0.6884057921130016,0.2449357449350931,0.1324585089187946,0.0305817174506764,0.8370044015990996,0.8370044015990996,1,Y0538.png
0.25,0.25,0.25,1.1269841090954904,0.4228056398952772,0.1978621702425839,0.0720923220286699,0.8414096879233054,0.8414096879233054,1,P0424.png
0.9999999714285724,0.9999999677419364,0.9999999695852544,0.2272727169421492,0.4931762745290254,0.157514754605732,0.0681550828333458,0.889867837489569,0.889867837489569,0,v0762.png
0.9999999677419364,0.9999999642857156,0.999999966013826,0.8124999492187531,0.5957450327069603,0.2367656730865351,0.0787172011641316,0.8634361195443343,0.8634361195443343,0,n0459.png
0.9999999772727278,0.9999999787234048,0.9999999779980664,1.113636338326447,0.3876340332051188,0.1481538325829841,0.0319918783831738,0.8634361195443343,0.8634361195443343,1,W0783.png
0.25,0.25,0.25,0.7999999915789475,0.2950454901960784,0.1409900850489929,0.053399999998665,0.8810572648411574,0.8810572648411574,1,A1416.png
0.25,0.25,0.25,0.6666666560846563,0.5421811407100836,0.2314291546005051,0.1229673716621594,0.8546255468959227,0.8546255468959227,1,T0644.png
0.9999999629629645,0.9999999629629645,0.9999999629629645,0.6857142808163266,0.2564654929157321,0.128755885544915,0.0254653107089864,0.8414096879233054,0.8414096879233054,1,Y0251.png
0.25,0.25,0.25,0.2567567532870709,0.4607923064031661,0.2005292563026892,0.0693491124242117,0.8590308332201285,0.8590308332201285,1,N0140.png
0.9999999545454564,0.9999999655172426,0.9999999600313496,0.5026177984156136,0.2650530413091746,0.1383574287138622,0.0456127847360101,0.8414096879233054,0.8414096879233054,0,h0588.png
0.9999999729729736,0.9999999729729736,0.9999999729729736,1.931034416171227,0.5867952282953998,0.19962741790078,0.0620314452295389,0.8634361195443343,0.8634361195443343,0,w0454.png
0.9999999736842112,0.9999999736842112,0.9999999736842112,1.0952380691609984,0.4978928306016284,0.22264842715516,0.0736151603479379,0.8634361195443343,0.8634361195443343,0,p0032.png
0.25,0.25,0.25,0.2567567532870709,0.4653311701979123,0.1965158950889557,0.0668243171413852,0.8546255468959227,0.8546255468959227,1,N0143.png
0.9999999787234048,0.9999999787234048,0.9999999787234048,0.4545454442148763,0.4974534689290316,0.1591743186261051,0.0507935637715305,0.8414096879233054,0.8414096879233054,0,x0076.png
0.9999999705882362,0.9999999705882362,0.9999999705882362,1.2894736502770092,0.6018696646152891,0.1899422561728644,0.067062203010361,0.850220260571717,0.850220260571717,1,V0055.png
0.9999999615384628,0.9999999800000005,0.9999999707692316,2.999999812500012,0.538735147183579,0.2276037980084669,0.0792958808540084,0.907488982786392,0.907488982786392,0,n1059.png
0.9999999807692312,0.9999999807692312,0.9999999807692312,3.133333228888892,0.5359270009497688,0.2090583438510031,0.0523709823434707,0.8281938289506879,0.8281938289506879,1,L0794.png
0.99999997826087,0.9999999677419364,0.9999999730014032,0.7318840526675069,0.303358924817916,0.2244744640166744,0.1056409494788336,0.8854625511653632,0.8854625511653632,1,C0349.png
0.25,0.25,0.25,0.5900621081362603,0.3151907012112324,0.2179691889150118,0.0482825484751168,0.8370044015990996,0.8370044015990996,0,e0976.png
0.25,0.25,0.25,0.6956521688720857,0.2471269761159583,0.122801192896935,0.0235190921295052,0.8414096879233054,0.8414096879233054,1,Y0713.png
0.25,0.25,0.25,0.4670658654666714,0.368536862745098,0.1654444535978694,0.0379249999990518,0.8810572648411574,0.8810572648411574,1,ZB0938.png
0.9999999791666672,0.9999999791666672,0.9999999791666672,0.7459016332303144,0.3489806573516981,0.190789617794554,0.0434126313234086,0.8017621110054532,0.8017621110054532,0,l0273.png
0.25,0.25,0.25,0.2191780791893414,0.5402373194175629,0.2261130642277313,0.0813463140337008,0.8634361195443343,0.8634361195443343,0,n1073.png
0.9999999787234048,0.9999999787234048,0.9999999787234048,0.5975609719660916,0.3048097810552793,0.2061652565284348,0.0680705955834009,0.8634361195443343,0.8634361195443343,0,y0766.png
0.9999999677419364,0.9999999677419364,0.9999999677419364,0.4242424199571473,0.3294813806939912,0.1318151404126849,0.0501502487298262,0.8766519785169516,0.8766519785169516,1,S0463.png
0.9999999814814818,0.9999999814814818,0.9999999814814818,0.5939393903397613,0.3000165372271358,0.2046379260329981,0.066118284046592,0.8634361195443343,0.8634361195443343,0,y0267.png
0.9999999761904768,0.9999999615384628,0.9999999688644698,0.099999998,0.4901395294584222,0.1326265206559616,0.053468173704855,0.9030836964621864,0.9030836964621864,0,j0523.png
0.25,0.25,0.25,0.2533333299555556,0.4562479411764706,0.2021687135074352,0.0661249999983468,0.8810572648411574,0.8810572648411574,1,N0977.png
0.9999999772727278,0.9999999787234048,0.9999999779980664,2.999999823529422,0.3968196060678685,0.1616201485160411,0.0730817111794623,0.8281938289506879,0.8281938289506879,0,zc1501.png
0.999999972222223,0.999999972222223,0.999999972222223,1.5769230162721917,0.6266497037673653,0.1746113893068722,0.0689399961604961,0.8414096879233054,0.8414096879233054,1,V0201.png
0.999999958333335,0.9999999777777784,0.9999999680555568,0.1830985889704424,0.4310316434991378,0.1255567901250447,0.0507823546033843,0.907488982786392,0.907488982786392,1,J0207.png
0.9999999772727278,0.9999999800000005,0.999999978636364,0.5852272694021178,0.31442358073509,0.1691274109412499,0.0322189173103576,0.9030836964621864,0.9030836964621864,1,O0270.png
0.9999999655172426,0.9999999655172426,0.9999999655172426,0.5852272694021178,0.2996184810628594,0.2199763058617339,0.0396430696004844,0.9030836964621864,0.9030836964621864,0,e0888.png
0.25,0.25,0.25,0.5144508640783187,0.4415599913434762,0.2367117750257297,0.0796282798813091,0.8634361195443343,0.8634361195443343,0,zb0629.png
0.9999999655172426,0.9999999750000008,0.9999999702586216,1.181818163911846,0.6014756963402672,0.3661863158103052,0.1577683720660932,0.8854625511653632,0.8854625511653632,1,ZA0097.png
0.9999999767441866,0.99999997826087,0.9999999775025284,2.874999820312511,0.4006300258099751,0.1632351128221548,0.0704624095607405,0.8237885426264822,0.8237885426264822,0,zc1396.png
0.9999999756097568,0.9999999750000008,0.9999999753048788,0.7014925268433951,0.4677445467983112,0.228889497012655,0.0466211994989946,0.8634361195443343,0.8634361195443343,1,F0344.png
0.9999999841269844,0.9999999841269844,0.9999999841269844,0.8144329812945054,0.3115395850766296,0.151640350952274,0.0550269127245524,0.8986784101379806,0.8986784101379806,1,A0427.png
0.9999999729729736,0.9999999729729736,0.9999999729729736,0.4432989645020725,0.5024950351581957,0.1977023677471069,0.0781501678651215,0.9999999955947136,0.9999999955947136,1,R0056.png
0.999999972222223,0.999999974358975,0.9999999732905992,0.9999996666667778,0.4789633371354082,0.1239110191691216,0.0413850415501001,0.8370044015990996,0.8370044015990996,0,k0292.png
0.9999999600000016,0.999999956521741,0.9999999582608712,0.684210490304711,0.5751995002987345,0.1869804784428603,0.0512465373947023,0.8370044015990996,0.8370044015990996,0,d0674.png
0.25,0.25,0.25,0.3571428316326549,0.4429831112132353,0.1458588021459606,0.0712890624825954,0.2819383247491703,0.2819383247491703,0,i0229.png
0.9999999803921572,0.9999999803921572,0.9999999803921572,0.6024844683075499,0.3052942635232432,0.202330686413472,0.0783026889127882,0.8546255468959227,0.8546255468959227,0,y0938.png
0.9999999864864868,0.9999999864864868,0.9999999864864868,1.0961538250739649,0.7486833632379511,0.302488433191612,0.1339674779430872,0.8546255468959227,0.8546255468959227,1,ZA0776.png
0.9999999777777784,0.9999999756097568,0.9999999766937676,2.8666664755555686,0.4025112276382399,0.1637282447883278,0.0737368481884108,0.8193832563022764,0.8193832563022764,0,zc1037.png
0.9999999767441866,0.9999999767441866,0.9999999767441866,0.1851851828989483,0.3943079452022882,0.1635641170493416,0.03477636692075,0.8854625511653632,0.8854625511653632,1,I0961.png
0.25,0.25,0.25,0.6923076390532585,0.4444480748061971,0.1509612913742292,0.0668518151027867,0.3127753290186109,0.3127753290186109,0,i0610.png
0.9999999500000024,0.9999999500000024,0.9999999500000024,1.1034482568370991,0.640267397768741,0.3649139401947426,0.1470508155702321,0.8854625511653632,0.8854625511653632,1,ZA0586.png
0.25,0.25,0.25,1.0441176317041525,0.633840762867647,0.3584785332978526,0.1567654079818585,0.8458149742475112,0.8458149742475112,1,ZA0662.png
0.25,0.25,0.25,0.6733333288444445,0.2283921607070433,0.0841325664975602,0.0228899127530906,0.889867837489569,0.889867837489569,1,M0595.png
0.25,0.25,0.25,0.7839999937280001,0.3716302226347475,0.2798854016055547,0.1320184089380139,0.8590308332201285,0.8590308332201285,0,a1015.png
0.999999972222223,0.9999999729729736,0.9999999725975984,1.919999923200003,0.6062753182870371,0.1784625259331662,0.0699598524286577,0.8458149742475112,0.8458149742475112,1,V0415.png
0.9999999655172426,0.9999999767441866,0.9999999711307146,0.9423076832470416,0.3593012852741359,0.1497450939573741,0.0250887573957899,0.8590308332201285,0.8590308332201285,1,W0026.png
0.9999999777777784,0.9999999777777784,0.9999999777777784,0.6062499962109376,0.3069273474083012,0.203732214917399,0.0722446593667699,0.8546255468959227,0.8546255468959227,0,y0686.png
0.9999999787234048,0.9999999787234048,0.9999999787234048,0.4383561583786828,0.41516416949483,0.22281157710901,0.0605850387310502,0.8193832563022764,0.8193832563022764,1,ZC0151.png
0.9999999777777784,0.9999999777777784,0.9999999777777784,0.8220338913386959,0.3168145225993469,0.2019516600166823,0.0727760654672979,0.8546255468959227,0.8546255468959227,0,y0600.png
0.9999999687500012,0.9999999687500012,0.9999999687500012,0.7058823114186875,0.5959928869506987,0.2332411686173016,0.0845481049540673,0.8634361195443343,0.8634361195443343,0,n0421.png
0.999999974358975,0.9999999750000008,0.999999974679488,0.3366834153935507,0.3582536784820743,0.1445228140737728,0.0419686371545676,0.8766519785169516,0.8766519785169516,1,U0467.png
0.25,0.25,0.25,0.7089552185898864,0.237141331155233,0.0954846271033767,0.0320819685890069,0.8325991152748937,0.8325991152748937,1,M0739.png
0.9999999761904768,0.9999999777777784,0.9999999769841276,0.5084745676529735,0.4095692792352398,0.217936316324862,0.0555124653724234,0.8370044015990996,0.8370044015990996,1,ZC0249.png
0.9999999818181822,0.9999999818181822,0.9999999818181822,3.149999842500008,0.5401662761246796,0.2000558471808568,0.0507878406574169,0.8237885426264822,0.8237885426264822,1,L0253.png
0.9999999795918372,0.9999999795918372,0.9999999795918372,0.7419354778876172,0.3328620050247696,0.1920010781248505,0.0387291349386745,0.806167397329659,0.806167397329659,0,l0245.png
0.9999999736842112,0.9999999777777784,0.9999999757309948,2.9999998000000136,0.408525702172761,0.1674629854575934,0.0725493060606998,0.8149779699780706,0.8149779699780706,0,zc0328.png
0.9999999750000008,0.9999999772727278,0.9999999761363644,0.4078947314750693,0.4157763693979176,0.2243739182518975,0.061820959708527,0.8281938289506879,0.8281938289506879,1,ZC0298.png
0.999999956521741,0.9999999767441866,0.9999999666329638,0.099999998,0.4870658721004742,0.1305935963268674,0.0512543252582839,0.8986784101379806,0.8986784101379806,0,j0596.png
0.99999997826087,0.99999997826087,0.99999997826087,0.957983185227032,0.3452754378935296,0.2333459197842223,0.056278988529638,0.9999999955947136,0.9999999955947136,1,E0123.png
0.9999999545454564,0.9999999545454564,0.9999999545454564,0.7961164971250826,0.3165701490946551,0.1566509996762149,0.0610498416463904,0.9295154144074212,0.9295154144074212,1,A0237.png
0.25,0.25,0.25,0.2222222139917698,0.5615628520967887,0.1814717785339206,0.0474687705444452,0.8590308332201285,0.8590308332201285,0,d0810.png
0.999999972222223,0.999999972222223,0.999999972222223,3.541666519097228,0.5710855386994699,0.2408555629744273,0.0806751930624622,0.7973568246812475,0.7973568246812475,0,n0299.png
0.9999999687500012,0.9999999761904768,0.999999972470239,0.5022026409594598,0.3551786372722156,0.174599154212587,0.0362126181366567,0.9999999955947136,0.9999999955947136,1,U0030.png
0.25,0.25,0.25,3.562499777343764,0.5846884007433325,0.2418377892395204,0.0841563327619574,0.8854625511653632,0.8854625511653632,0,n0056.png
0.9999999677419364,0.9999999705882362,0.9999999691650864,0.4207317047516359,0.3436008930661337,0.1510570734817492,0.0637434955600514,0.8722466921927459,0.8722466921927459,1,ZB1292.png
0.25,0.25,0.25,1.0860214936986936,0.2443774255119163,0.075270018434345,0.0185766101358058,0.889867837489569,0.889867837489569,1,M0110.png
0.25,0.25,0.25,0.8333333179012349,0.2927542967804405,0.1234904896966879,0.0340740740698674,0.3964757691785208,0.3964757691785208,1,O0458.png
0.25,0.25,0.25,0.1904761882086168,0.3910077058958079,0.1285232872471065,0.0248259974506218,0.889867837489569,0.889867837489569,1,I0346.png
0.9999999761904768,0.9999999761904768,0.9999999761904768,0.4300518112432548,0.4475275293612303,0.1953311882085511,0.0521356278006889,0.850220260571717,0.850220260571717,1,G0173.png
0.9999999767441866,0.9999999767441866,0.9999999767441866,0.28749999640625,0.4800257065901936,0.1929919069591119,0.0505295163479984,0.8678414058685401,0.8678414058685401,1,D0091.png
0.9999999772727278,0.9999999756097568,0.9999999764412424,0.9519230677699704,0.3849023296092123,0.1667667245372703,0.0276482259262632,0.8678414058685401,0.8678414058685401,1,W0133.png
0.9999999545454564,0.9999999545454564,0.9999999545454564,0.647058814013841,0.5355338125250353,0.2302158683173944,0.112875937473476,0.8766519785169516,0.8766519785169516,1,T0066.png
0.25,0.25,0.25,2.499999886363641,0.4524130495301524,0.206226048700351,0.067510113631696,0.8678414058685401,0.8678414058685401,1,N0687.png
0.9999999642857156,0.9999999736842112,0.9999999689849636,0.8666666088888928,0.4907861764705882,0.1656161161252298,0.0530749999986731,0.8810572648411574,0.8810572648411574,0,v0005.png
0.25,0.25,0.25,0.5026177984156136,0.2519091592668975,0.1374837437159217,0.0429264548657403,0.8414096879233054,0.8414096879233054,0,h0351.png
0.9999999750000008,0.9999999750000008,0.9999999750000008,0.5614034989227457,0.4086681586214732,0.2165091781448492,0.065647658238413,0.8325991152748937,0.8325991152748937,1,ZC1120.png
0.9999999736842112,0.9999999787234048,0.999999976203808,0.5706214657027036,0.3144601355883987,0.1713958675163925,0.0319331438086478,0.889867837489569,0.889867837489569,1,O0567.png
0.9999999729729736,0.999999974358975,0.9999999736659744,0.6197183011307281,0.458548240212229,0.2277288292559948,0.0493941970440696,0.8546255468959227,0.8546255468959227,1,F0396.png
0.9999999767441866,0.9999999767441866,0.9999999767441866,0.5344827494054699,0.4143193113622366,0.2201036868129207,0.065127830531333,0.8149779699780706,0.8149779699780706,1,ZC0211.png
0.9999999714285724,0.9999999714285724,0.9999999714285724,1.9999998333333475,0.6057515378265385,0.1923017717851322,0.0724875509259708,0.8281938289506879,0.8281938289506879,0,w0659.png
0.9999999767441866,0.9999999787234048,0.9999999777337956,0.1794871748849442,0.5023248999778377,0.1577327725195148,0.046305770373675,0.9030836964621864,0.9030836964621864,0,x0248.png
0.9999999523809546,0.9999999791666672,0.9999999657738108,0.2857142811791384,0.3884727781645202,0.1632875279357622,0.0567677514779778,0.9162995554348036,0.9162995554348036,1,B0258.png
0.25,0.25,0.25,0.6273291886501293,0.3383370922191306,0.23217836033819,0.0456919383172274,0.8854625511653632,0.8854625511653632,0,e0583.png
0.9999999750000008,0.9999999777777784,0.9999999763888896,0.3611111010802472,0.4046326334904409,0.1640138747216483,0.0729564111436884,0.8193832563022764,0.8193832563022764,0,zc1197.png
0.25,0.25,0.25,1.6451612637877215,0.645074296068011,0.3551916060423056,0.1494091096568854,0.8942731238137748,0.8942731238137748,1,ZA0284.png
0.25,0.25,0.25,1.5102040508121624,0.4750696515275212,0.2292093982996849,0.1046018991934374,0.8149779699780706,0.8149779699780706,0,za0460.png
0.9999999736842112,0.9999999750000008,0.999999974342106,0.8655462112138974,0.3332935964469679,0.2135608791667338,0.060396832876322,0.907488982786392,0.907488982786392,1,E0458.png
0.25,0.25,0.25,0.8020833249782987,0.3210903006433433,0.1672844232151617,0.0609744142716161,0.889867837489569,0.889867837489569,1,A0668.png
0.25,0.25,0.25,0.3777777693827162,0.4854107143973542,0.1601196964620408,0.0435487299382626,0.8546255468959227,0.8546255468959227,0,x1495.png
0.25,0.25,0.25,0.5022026409594598,0.2615884677921703,0.1454699979598148,0.0366395621875712,0.9999999955947136,0.9999999955947136,1,ZB0720.png
0.9999999750000008,0.9999999767441866,0.9999999758720935,0.3908629421783607,0.4496865935865572,0.2125145724675903,0.052323301635812,0.889867837489569,0.889867837489569,0,s0286.png
0.25,0.25,0.25,0.2115384574704142,0.4149641230867408,0.1407335403805778,0.0477159102037124,0.889867837489569,0.889867837489569,1,X1749.png
0.9999999729729736,0.9999999756097568,0.9999999742913652,0.552486184792894,0.4355945098039215,0.2353864518974497,0.0769249999980768,0.8810572648411574,0.8810572648411574,0,zb0954.png
0.9999999687500012,0.9999999687500012,0.9999999687500012,0.1724137911216805,0.3788754851023833,0.1227801230087691,0.0322027252222281,0.889867837489569,0.889867837489569,1,I1179.png
0.9999999791666672,0.9999999791666672,0.9999999791666672,0.3555555476543212,0.4885438222477853,0.159767523545542,0.0470294398967204,0.8546255468959227,0.8546255468959227,0,x1428.png
0.9999999600000016,0.999999958333335,0.9999999591666684,0.7364341028183403,0.2624725061492361,0.1383035287522475,0.0410962738993562,0.8325991152748937,0.8325991152748937,0,h0425.png
0.99999997826087,0.9999999767441866,0.9999999775025284,0.5229357774177258,0.3917448350995194,0.2205365884528133,0.0633235653697272,0.9999999955947136,0.9999999955947136,0,zb1116.png
0.9999999677419364,0.9999999750000008,0.9999999713709686,0.0833333315972222,0.4834636749962894,0.1225532183984771,0.0426091058142762,0.9295154144074212,0.9295154144074212,0,j0307.png
0.25,0.25,0.25,0.3947368317174518,0.4932171742115913,0.1592463838602841,0.043442448718157,0.8546255468959227,0.8546255468959227,0,x1444.png
0.9999999687500012,0.999999958333335,0.999999963541668,0.7499998125000469,0.6733496958940122,0.1964401017846855,0.0635652064113254,0.7841409657086301,0.7841409657086301,1,K0274.png
0.9999999655172426,0.9999999655172426,0.9999999655172426,0.1785714264455782,0.3795612277784224,0.125371551581554,0.0273767258375443,0.8590308332201285,0.8590308332201285,1,I0765.png
0.9999999705882362,0.9999999705882362,0.9999999705882362,0.6094674520149855,0.3119427045059547,0.2189627342869151,0.0379535990472824,0.9030836964621864,0.9030836964621864,0,e0416.png
0.9999999750000008,0.9999999600000016,0.9999999675000012,0.728571423367347,0.3161896631009189,0.242391401373523,0.092248173777099,0.8986784101379806,0.8986784101379806,1,C0265.png
0.25,0.25,0.25,0.4233128808385712,0.3405963786894661,0.1520957588414775,0.0615050068441701,0.850220260571717,0.850220260571717,1,ZB0488.png
0.25,0.25,0.25,2.631578808864273,0.4648358322921005,0.2014557583467631,0.0675239483530944,0.8634361195443343,0.8634361195443343,1,N0485.png
0.9999999655172426,0.9999999655172426,0.9999999655172426,0.4117646937716266,0.6079134516341925,0.2223309002465718,0.0940261374333259,0.8237885426264822,0.8237885426264822,0,r0217.png
0.9999999750000008,0.99999997826087,0.9999999766304354,0.6666664444445185,0.46218953693249,0.1452990280466492,0.0226406852866451,0.8942731238137748,0.8942731238137748,0,i0697.png
0.25,0.25,0.25,1.0131578814058173,0.4341096339589715,0.1975920823213905,0.0950037362442989,0.8678414058685401,0.8678414058685401,1,P0072.png
0.9999999777777784,0.9999999807692312,0.9999999792735048,0.531034479096314,0.4039461263577731,0.2101963613496599,0.09410658151793,0.8854625511653632,0.8854625511653632,1,Q0593.png
0.25,0.25,0.25,0.9268292607574856,0.3483546101395787,0.2345610789309443,0.0555803528099598,0.9999999955947136,0.9999999955947136,1,E0226.png
0.9999999787234048,0.99999997826087,0.9999999784921374,0.5547445214982152,0.3990596219635935,0.212615073913935,0.0893345272860464,0.907488982786392,0.907488982786392,1,Q0026.png
0.9999999696969708,0.9999999750000008,0.9999999723484856,0.1999999933333335,0.4857649927948435,0.1739673225746872,0.0710667779294947,0.9999999955947136,0.9999999955947136,0,v0609.png
0.9999999750000008,0.9999999772727278,0.9999999761363644,3.1333331244444587,0.4074958268359819,0.1687636950442597,0.0723497955311175,0.8237885426264822,0.8237885426264822,0,zc0745.png
0.9999999736842112,0.9999999791666672,0.9999999764254393,0.4266666609777779,0.4110158753406296,0.2181151327513498,0.0683567224969342,0.8281938289506879,0.8281938289506879,1,ZC1274.png
0.9999999687500012,0.9999999600000016,0.9999999643750012,0.7499998125000469,0.6503551136363636,0.1931797101474018,0.053460743799927,0.7753303930602186,0.7753303930602186,1,K0462.png
0.9999999729729736,0.9999999756097568,0.9999999742913652,0.7931034414387634,0.3104855860113421,0.2011647148866474,0.0671963610566163,0.8105726836538648,0.8105726836538648,1,E0321.png
0.9999999736842112,0.9999999767441866,0.999999975214199,0.8508771855186212,0.3090533816146663,0.2081323935465546,0.0719750865775732,0.850220260571717,0.850220260571717,1,E0032.png
0.9999999756097568,0.999999972222223,0.99999997391599,0.5489130404950379,0.3232711710309062,0.1990980783682762,0.0514410351913674,0.889867837489569,0.889867837489569,0,o0407.png
0.9999999756097568,0.9999999791666672,0.999999977388212,1.8611110594135816,0.3663108419055099,0.1641673118090723,0.0434512604544343,0.9999999955947136,0.9999999955947136,0,m0117.png
0.9999999705882362,0.9999999705882362,0.9999999705882362,0.433962261421621,0.4528343790025536,0.2212028850889339,0.0956114141581751,0.8414096879233054,0.8414096879233054,0,u0466.png
0.9999999615384628,0.9999999777777784,0.9999999696581208,1.0526315678670362,0.2371702833806434,0.0848144473633883,0.0229034620332086,0.8766519785169516,0.8766519785169516,1,M0163.png
0.9999999750000008,0.9999999750000008,0.9999999750000008,0.5906432713997469,0.3150780104218925,0.2250864593805694,0.0366140574444511,0.889867837489569,0.889867837489569,0,e0319.png
0.9999999714285724,0.9999999714285724,0.9999999714285724,0.39751552548127,0.4698954071424488,0.2334892362167293,0.0797324031632722,0.8634361195443343,0.8634361195443343,0,zb0246.png
0.9999999615384628,0.9999999767441866,0.9999999691413248,0.5025640999868508,0.3466871898003119,0.1767794137741289,0.0429717291244451,0.8590308332201285,0.8590308332201285,1,U0062.png
0.9999999767441866,0.9999999767441866,0.9999999767441866,0.5739644936451805,0.3102022677494848,0.1782185614464833,0.0254012116052343,0.8546255468959227,0.8546255468959227,1,O0972.png
0.999999958333335,0.999999958333335,0.999999958333335,0.5294117335640156,0.5571901283934699,0.1828274445070484,0.0430039645452639,0.8766519785169516,0.8766519785169516,0,d0949.png
0.9999999600000016,0.9999999696969708,0.999999964848486,0.3684210429362883,0.6146047347500841,0.199913603136999,0.0967811216382512,0.850220260571717,0.850220260571717,0,r0008.png
0.9999999655172426,0.9999999615384628,0.9999999635278528,0.2131147506046762,0.5868208487559805,0.2153559426147124,0.0935660932522191,0.8281938289506879,0.8281938289506879,0,r0382.png
0.25,0.25,0.25,0.3930348239152496,0.3391906917466127,0.1625512366653907,0.0411128437404739,0.8854625511653632,0.8854625511653632,1,U0233.png
0.999999956521741,0.999999956521741,0.999999956521741,0.1842105214681441,0.4760265873927696,0.1007446673793937,0.0502929687469303,0.5638766494983407,0.5638766494983407,0,v0263.png
0.9999999772727278,0.9999999729729736,0.9999999751228508,0.4305555495756173,0.4084943381889617,0.2126080515730715,0.0700909735329013,0.8105726836538648,0.8105726836538648,1,ZC0944.png
0.999999974358975,0.999999974358975,0.999999974358975,0.8015872952254977,0.3834595435659474,0.2899695893486912,0.1244028613122347,0.8854625511653632,0.8854625511653632,0,a1093.png
0.999999974358975,0.9999999750000008,0.999999974679488,0.8235293996539794,0.4384851899943651,0.2315926128593955,0.0462307371916328,0.8634361195443343,0.8634361195443343,1,F0291.png
0.9999999761904768,0.9999999761904768,0.9999999761904768,0.5263157617728547,0.4942843463916179,0.1563125574503653,0.0437057476040268,0.8634361195443343,0.8634361195443343,0,x0879.png
0.9999999736842112,0.9999999545454564,0.999999964114834,0.2346938751561849,0.3386223529411764,0.1352094852264224,0.0527749999986806,0.8810572648411574,0.8810572648411574,1,S0192.png
0.9999999800000005,0.9999999807692312,0.9999999803846158,0.5655172374791915,0.3977129308737513,0.2083054444429463,0.0901382217407573,0.889867837489569,0.889867837489569,1,Q0583.png
0.25,0.25,0.25,0.4999999907407409,0.1544460582586944,0.0832030295424193,0.0480109739204352,0.2378854615071125,0.2378854615071125,1,E0611.png
0.25,0.25,0.25,0.3886010342559532,0.4267854012662005,0.1927228986848045,0.0464173534847534,0.850220260571717,0.850220260571717,1,G0374.png
0.9999999714285724,0.9999999772727278,0.99999997435065,0.5698323990512156,0.3289244354103116,0.2025679445514714,0.045232837485859,0.8942731238137748,0.8942731238137748,0,o0014.png
0.9999999761904768,0.9999999761904768,0.9999999761904768,2.999999769230788,0.4862031241497744,0.2637731286854585,0.0445574336772582,0.9999999955947136,0.9999999955947136,0,w0342.png
0.9999999791666672,0.9999999791666672,0.9999999791666672,3.653846013313615,0.5251217200928014,0.2295326760686551,0.0825409273580398,0.889867837489569,0.889867837489569,0,n1080.png
0.9999999705882362,0.999999958333335,0.9999999644607857,0.7499998125000469,0.6591219261464917,0.1970759618763982,0.0585614669402582,0.7753303930602186,0.7753303930602186,1,K0176.png
0.99999997826087,0.9999999761904768,0.9999999772256736,3.214285484693894,0.4010823031491758,0.1637159689269827,0.0716634733600714,0.8237885426264822,0.8237885426264822,0,zc1100.png
0.25,0.25,0.25,0.4137931010701546,0.3415271750981792,0.1522184339740412,0.0576726864590941,0.8722466921927459,0.8722466921927459,1,ZB1632.png
0.9999999777777784,0.9999999777777784,0.9999999777777784,0.587499996328125,0.3024307804279308,0.1927949171537732,0.0647716548924827,0.8237885426264822,0.8237885426264822,0,y0342.png
0.25,0.25,0.25,0.2602739690373429,0.459536800303627,0.2003546991282065,0.0703374587218358,0.850220260571717,0.850220260571717,1,N0947.png
0.9999999761904768,0.9999999772727278,0.9999999767316023,2.874999820312511,0.3975839890818161,0.1632925526488458,0.0728986009922274,0.8193832563022764,0.8193832563022764,0,zc1507.png
0.9999999642857156,0.9999999642857156,0.9999999642857156,0.591715972830083,0.321878431372549,0.2180296234665328,0.0452749999988681,0.8810572648411574,0.8810572648411574,0,e1051.png
0.9999999696969708,0.9999999750000008,0.9999999723484856,1.259259212620029,0.6185947848527166,0.1783141716226384,0.0671595168662234,0.8634361195443343,0.8634361195443343,1,V0168.png
0.9999999767441866,0.9999999761904768,0.9999999764673316,1.1428571247165535,0.6156814766723016,0.3583460781988575,0.1588660974552565,0.8634361195443343,0.8634361195443343,1,ZA0421.png
0.9999999736842112,0.9999999523809546,0.999999963032583,0.9999997500000624,0.6724882706661615,0.1975416411393328,0.0602545709819524,0.7973568246812475,0.7973568246812475,1,K0204.png
0.25,0.25,0.25,0.2195121897679953,0.4271957189894877,0.1509462091265957,0.0530095088703801,0.889867837489569,0.889867837489569,1,X0218.png
0.9999999736842112,0.999999974358975,0.9999999740215932,0.7692307626561473,0.2886175861687017,0.2068956488084292,0.0613900939402206,0.7885462520328359,0.7885462520328359,1,E0578.png
0.9999999756097568,0.99999997826087,0.9999999769353134,0.5447761153374917,0.3908956862745097,0.2098274963276929,0.0863749999978406,0.8810572648411574,0.8810572648411574,1,Q0113.png
0.99999997826087,0.9999999767441866,0.9999999775025284,0.6102941131596021,0.4462420742327089,0.2849234668117105,0.0975179025384246,0.9999999955947136,0.9999999955947136,0,c0343.png
0.25,0.25,0.25,0.2181818142148761,0.4071898039215686,0.1285005827251667,0.042999999998925,0.8810572648411574,0.8810572648411574,1,X0379.png
0.999999956521741,0.9999999772727278,0.9999999668972344,0.2499999943181819,0.4007672388447882,0.1547311882796086,0.0507256824286157,0.8986784101379806,0.8986784101379806,1,X0783.png
0.25,0.25,0.25,0.5624999648437522,0.4300010046344222,0.1532362554782078,0.072176431260375,0.2951541837217877,0.2951541837217877,0,i0582.png
0.9999999615384628,0.9999999500000024,0.9999999557692328,0.4299999957,0.3171268641446117,0.1394433487599301,0.0508129557563757,0.8678414058685401,0.8678414058685401,1,S0034.png
0.9999999756097568,0.9999999756097568,0.9999999756097568,0.97435896603112,0.355200174735034,0.2372129592409601,0.0569582177015475,0.9999999955947136,0.9999999955947136,1,E0337.png
0.9999999777777784,0.99999997826087,0.9999999780193244,0.5170067992040354,0.3879931996579844,0.2116219159649706,0.0849571695482793,0.8942731238137748,0.8942731238137748,1,Q0121.png
0.9999999824561407,0.9999999824561407,0.9999999824561407,4.476190263038559,0.5388135879068694,0.1979300861410497,0.0495416478030346,0.8281938289506879,0.8281938289506879,1,L0647.png
0.9999999705882362,0.9999999687500012,0.9999999696691186,1.8846153121301803,0.5951238651761245,0.1802103154155165,0.0779858008256904,0.8414096879233054,0.8414096879233054,1,V0394.png
0.25,0.25,0.25,0.6363636074380178,0.5734026075708061,0.1862047851933528,0.0479058159709226,0.8458149742475112,0.8458149742475112,0,d0722.png
0.9999999666666678,0.9999999736842112,0.9999999701754396,1.461538405325446,0.6134527186056024,0.1801587200962766,0.0640607439471489,0.8414096879233054,0.8414096879233054,1,V0278.png
0.9999999705882362,0.99999997826087,0.9999999744245532,0.5999999890909093,0.413771398257534,0.2199488326404231,0.0670886807704044,0.8193832563022764,0.8193832563022764,1,ZC1205.png
0.9999999761904768,0.9999999600000016,0.9999999680952392,0.122448977092878,0.4899880532834435,0.1328806751260078,0.0541789940815879,0.9162995554348036,0.9162995554348036,0,j0497.png
0.9999999545454564,0.9999999545454564,0.9999999545454564,0.7313432726665183,0.522242340716308,0.2361255205619564,0.1144985785679223,0.889867837489569,0.889867837489569,1,T0065.png
0.9999999677419364,0.9999999772727278,0.999999972507332,1.599999973333334,0.464544717626634,0.2381915438775911,0.1040581597193994,0.8458149742475112,0.8458149742475112,0,za0962.png
0.9999999756097568,0.9999999772727278,0.9999999764412424,3.066666462222236,0.399307285612635,0.1641705572738971,0.072549972831006,0.8237885426264822,0.8237885426264822,0,zc1352.png
0.999999974358975,0.99999997826087,0.9999999763099224,0.307228913811874,0.4598811700661239,0.2276887687774439,0.0767793443161256,0.8942731238137748,0.8942731238137748,0,zb1141.png
0.9999999523809546,0.9999999736842112,0.999999963032583,0.8245613890427826,0.6066153854852205,0.3708925611848688,0.1493656286007937,0.8986784101379806,0.8986784101379806,1,ZA0718.png
0.999999956521741,0.9999999767441866,0.9999999666329638,0.0888888869135803,0.4858721707043749,0.1284062783924746,0.0566075097137049,0.8854625511653632,0.8854625511653632,0,j0600.png
0.9999999787234048,0.9999999761904768,0.9999999774569408,2.933333137777791,0.4056063280699803,0.1616031082258217,0.0733695652152242,0.8105726836538648,0.8105726836538648,0,zc0846.png
0.25,0.25,0.25,0.9090909008264464,0.3331419607843137,0.2224021012350293,0.0590999999985225,0.8810572648411574,0.8810572648411574,1,E0434.png
0.25,0.25,0.25,1.8571428040816345,0.4389092430513151,0.2081174120023529,0.0655517108788554,0.8986784101379806,0.8986784101379806,1,N0970.png
0.25,0.25,0.25,0.5263157617728547,0.4176981730612158,0.1637179430166999,0.0851921526242429,0.268722465776553,0.268722465776553,0,i0991.png
0.9999999756097568,0.9999999736842112,0.999999974646984,0.5508021360919672,0.3116733037057773,0.1893025788401327,0.0419988102310053,0.9030836964621864,0.9030836964621864,0,o0074.png
0.25,0.25,0.25,0.2499999921875002,0.5617097105532929,0.1847821944953703,0.043726970546942,0.8678414058685401,0.8678414058685401,0,d0925.png
0.9999999729729736,0.9999999600000016,0.9999999664864876,0.799999840000032,0.6102121321901541,0.1878297569713834,0.0596848206720298,0.8017621110054532,0.8017621110054532,1,K0033.png
0.9999999666666678,0.9999999666666678,0.9999999666666678,0.614457827623748,0.3241014014217759,0.2315826000545498,0.0339773164159463,0.8986784101379806,0.8986784101379806,0,e0166.png
0.9999999677419364,0.9999999777777784,0.9999999727598574,0.7711864341424879,0.2955974074865439,0.2077833795042068,0.0698086138985437,0.7973568246812475,0.7973568246812475,1,E0627.png
0.25,0.25,0.25,0.6012658189793303,0.3109558775499226,0.2062123630355166,0.0758937319762634,0.8325991152748937,0.8325991152748937,0,y0714.png
0.9999999756097568,0.9999999772727278,0.9999999764412424,1.5806451357960465,0.6439711747947042,0.3533714053216111,0.1361472715283064,0.8590308332201285,0.8590308332201285,1,ZA0049.png
0.9999999761904768,0.9999999772727278,0.9999999767316023,2.799999813333346,0.402887695326487,0.1705366918824371,0.0792695398077642,0.8149779699780706,0.8149779699780706,0,zc0093.png
0.9999999615384628,0.9999999642857156,0.9999999629120891,0.3428571330612248,0.5797497840620812,0.2193282521758548,0.1015146259653857,0.8193832563022764,0.8193832563022764,0,r0168.png
0.25,0.25,0.25,0.1999999971428571,0.4019409428456281,0.1341343891708829,0.0480234900131519,0.8942731238137748,0.8942731238137748,1,X1633.png
0.9999999714285724,0.9999999714285724,0.9999999714285724,0.1529411746712803,0.3870136722466655,0.1443594037641259,0.0315165179876601,0.889867837489569,0.889867837489569,1,I1066.png
0.9999999696969708,0.9999999729729736,0.9999999713349722,1.4999999464285734,0.6097492853078333,0.184542441701752,0.0676089721335527,0.8193832563022764,0.8193832563022764,1,V0261.png
0.25,0.25,0.25,0.5294117335640156,0.5672962927284796,0.1852825125384276,0.0438132567305481,0.850220260571717,0.850220260571717,0,d0194.png
0.25,0.25,0.25,1.5483870718002086,0.4650667211328976,0.2422902385534688,0.1047363281221588,0.8458149742475112,0.8458149742475112,0,za0686.png
0.99999997826087,0.99999997826087,0.99999997826087,0.612499996171875,0.3117044256229777,0.2030595453830481,0.0723997370132176,0.8590308332201285,0.8590308332201285,0,y0436.png
0.25,0.25,0.25,0.6382978678134903,0.2511799598311546,0.1248010040339653,0.0255262586798631,0.8458149742475112,0.8458149742475112,1,Y0507.png
0.25,0.25,0.25,0.189873415318058,0.4007397409596248,0.1258412866820841,0.0360139600496023,0.8854625511653632,0.8854625511653632,1,X0863.png
0.9999999756097568,0.9999999756097568,0.9999999756097568,0.2391304295841211,0.4021288915328177,0.1591928914144175,0.0473051754896536,0.9030836964621864,0.9030836964621864,1,X0688.png
0.25,0.25,0.25,1.1290322398543189,0.7189860860559169,0.3199705886289909,0.1339323284043976,0.8854625511653632,0.8854625511653632,1,ZA0790.png
0.9999999729729736,0.9999999777777784,0.999999975375376,0.0833333315972222,0.486027586640274,0.131693504036554,0.0453624281259929,0.907488982786392,0.907488982786392,0,j0322.png
0.9999999642857156,0.9999999814814818,0.9999999728835988,0.6086956483931948,0.3323023086785734,0.2257076534884098,0.0425864223229231,0.8634361195443343,0.8634361195443343,0,e0767.png
0.9999999714285724,0.999999974358975,0.9999999728937736,0.3548386982310097,0.4103883333333333,0.1748590904793076,0.05279999999868,0.8810572648411574,0.8810572648411574,0,b0483.png
0.9999999750000008,0.9999999761904768,0.9999999755952388,0.6718749895019533,0.4673280345991654,0.2233985637766905,0.0532631748489016,0.850220260571717,0.850220260571717,1,F0137.png
0.9999999615384628,0.9999999615384628,0.9999999615384628,0.6818181508264477,0.5657172004617573,0.1847917232043941,0.0550618808543836,0.850220260571717,0.850220260571717,0,d0386.png
0.9999999814814818,0.9999999807692312,0.9999999811253564,0.6055045816008754,0.3916110120083536,0.2020465738030226,0.0862842085778873,0.9162995554348036,0.9162995554348036,1,Q0465.png
0.9999999705882362,0.9999999714285724,0.9999999710084042,1.6071427997449,0.6202850691549886,0.1804272136160076,0.0683917655747268,0.8414096879233054,0.8414096879233054,1,V0203.png
0.999999983870968,0.999999983870968,0.999999983870968,0.7999999915789475,0.2919843277030126,0.1378016611671601,0.0634637756475467,0.8854625511653632,0.8854625511653632,1,A1423.png
0.9999999696969708,0.9999999767441866,0.9999999732205788,0.7246376759084227,0.3155869607843137,0.2305229302163799,0.1023749999974406,0.8810572648411574,0.8810572648411574,1,C0046.png
0.9999999777777784,0.9999999772727278,0.999999977525253,0.7692307593688364,0.3789957819862639,0.1454457049023095,0.0319918783831738,0.8634361195443343,0.8634361195443343,1,W1043.png
0.9999999642857156,0.9999999642857156,0.9999999642857156,0.5025906709710328,0.2624891627568367,0.141466400646028,0.0461488899018457,0.850220260571717,0.850220260571717,0,h0135.png
0.25,0.25,0.25,0.5499999725000013,0.4024908406269082,0.1526721117815634,0.0867214532684425,0.2995594700459935,0.2995594700459935,0,i1052.png
0.999999958333335,0.9999999615384628,0.999999959935899,0.7480314901729804,0.2630048340665906,0.1333995474986051,0.046454293627522,0.8370044015990996,0.8370044015990996,0,h0570.png
0.25,0.25,0.25,2.7777776234567986,0.4620246226038081,0.2066100054315198,0.0679815910567263,0.8590308332201285,0.8590308332201285,1,N0786.png
0.9999999655172426,0.9999999655172426,0.9999999655172426,0.6084337312744956,0.3255034589073351,0.2291803498158329,0.0363689834321054,0.889867837489569,0.889867837489569,0,e0851.png
0.9999999787234048,0.9999999787234048,0.9999999787234048,0.224489791336943,0.4260582872498082,0.1311748804287892,0.0424468189382794,0.889867837489569,0.889867837489569,1,X0203.png
0.9999999629629645,0.9999999777777784,0.9999999703703714,0.1904761882086168,0.3775288162169904,0.1224762818043472,0.027441368703685,0.8986784101379806,0.8986784101379806,1,I1170.png
0.25,0.25,0.25,0.3333333148148158,0.5341667701563384,0.1617228122002225,0.05144507267705,0.8942731238137748,0.8942731238137748,0,x0377.png
0.9999999761904768,0.9999999642857156,0.9999999702380962,0.1041666644965278,0.4868616628107147,0.1292256555930407,0.0548996311958887,0.8854625511653632,0.8854625511653632,0,j0567.png
0.9999999750000008,0.9999999787234048,0.9999999768617028,0.2499999375000156,0.478973050294333,0.1556739048099886,0.0229287139207866,0.8766519785169516,0.8766519785169516,0,i0457.png
0.9999999736842112,0.999999972222223,0.9999999729532172,0.9999996666667778,0.479201027199074,0.1246743286604079,0.0377875434017527,0.8458149742475112,0.8458149742475112,0,k0334.png
0.9999999600000016,0.9999999714285724,0.999999965714287,1.777777711934159,0.6064836090686274,0.1847240102151402,0.0666775173593023,0.8458149742475112,0.8458149742475112,1,V0296.png
0.9999999677419364,0.9999999736842112,0.999999970713074,2.365853600832839,0.463625237471831,0.2046589896980181,0.0553303444372914,0.850220260571717,0.850220260571717,0,g0066.png
0.9999999772727278,0.9999999767441866,0.9999999770084572,0.5874999926562501,0.3861105504842855,0.1473392471783401,0.0351191059691422,0.889867837489569,0.889867837489569,1,W1160.png
0.9999999777777784,0.99999997826087,0.9999999780193244,0.7619047558578987,0.2996201193150872,0.1973770569219549,0.0664605034704193,0.8458149742475112,0.8458149742475112,1,E0193.png
0.25,0.25,0.25,0.2023809499716553,0.382344069685561,0.121200682971351,0.0212319728527374,0.907488982786392,0.907488982786392,1,I1164.png
0.25,0.25,0.25,0.1686746967629554,0.405368699872562,0.1601201155371402,0.0316039179667481,0.8722466921927459,0.8722466921927459,1,I0554.png
0.9999999696969708,0.9999999615384628,0.9999999656177168,0.2142857066326533,0.5023464796144379,0.1661625305872485,0.0698633793571825,0.8942731238137748,0.8942731238137748,0,v0048.png
0.25,0.25,0.25,0.7083333038194456,0.5149055718827036,0.1624916300050618,0.0520013960092351,0.850220260571717,0.850220260571717,0,x0361.png
0.25,0.25,0.25,0.7999999915789475,0.3133945917665598,0.1496600956992857,0.0573748174535933,0.8854625511653632,0.8854625511653632,1,A0489.png
0.25,0.25,0.25,0.5769230658284026,0.1765610021786492,0.0822617268063527,0.0477777777645061,0.2643171794523472,0.2643171794523472,1,E0157.png
0.9999999859154932,0.9999999859154932,0.9999999859154932,1.0135134998173851,0.4168947545008012,0.2065433800310265,0.0851578276095983,0.8546255468959227,0.8546255468959227,1,P0572.png
0.9999999756097568,0.9999999787234048,0.9999999771665808,0.2112676026582028,0.4006241672447369,0.1313807983724514,0.0546450847187029,0.8766519785169516,0.8766519785169516,1,X0893.png
0.25,0.25,0.25,1.7636363315702486,0.4543050241117145,0.2030457243144004,0.0896131439746137,0.850220260571717,0.850220260571717,1,P0200.png
0.25,0.25,0.25,0.3333333111111126,0.539676818445691,0.1592263586600187,0.0441392460500363,0.8678414058685401,0.8678414058685401,0,x0444.png
0.99999997826087,0.9791666462673616,0.9895833122641158,0.2727272704733283,0.3925660846932386,0.1290855201637507,0.0453014998457988,0.8722466921927459,0.8722466921927459,1,X0990.png
0.999999974358975,0.999999974358975,0.999999974358975,0.4479166620008681,0.3347541859602384,0.1465192841174218,0.0544309381419853,0.889867837489569,0.889867837489569,1,S0138.png
0.99999997826087,0.99999997826087,0.99999997826087,0.2142857117346939,0.3773715956336461,0.1367617247504762,0.0335016174876604,0.889867837489569,0.889867837489569,1,I0637.png
0.9999999629629645,0.9999999629629645,0.9999999629629645,0.6846153793491124,0.3678864524113392,0.2776630898636613,0.1408284023631603,0.8590308332201285,0.8590308332201285,0,a1208.png
0.25,0.25,0.25,0.4693877527072053,0.2478601644739528,0.1240244522543072,0.0502134527267228,0.8634361195443343,0.8634361195443343,1,ZB0961.png
0.25,0.25,0.25,0.1904761882086168,0.4215993461785223,0.1927647594611297,0.0703260492522162,0.8193832563022764,0.8193832563022764,0,m0416.png
0.9999999714285724,0.99999997826087,0.9999999748447213,0.4246575284293489,0.4090399945986624,0.2170748425724947,0.0733182161733065,0.8325991152748937,0.8325991152748937,1,ZC0899.png
0.9999999756097568,0.9999999791666672,0.999999977388212,0.7536231774837221,0.3760991869648227,0.1624650079862974,0.0520312941829571,0.907488982786392,0.907488982786392,0,m0056.png
0.999999972222223,0.9999999756097568,0.99999997391599,0.1686746967629554,0.3797151022346171,0.1281096106370696,0.0304706166600319,0.850220260571717,0.850220260571717,1,I0752.png
0.25,0.25,0.25,0.1882352919031142,0.4545054583769505,0.160404436076052,0.0597139474847229,0.9999999955947136,0.9999999955947136,1,J0143.png
0.25,0.25,0.25,0.3571428316326549,0.5296339643123686,0.1564392478409948,0.0342416378307804,0.8986784101379806,0.8986784101379806,0,x0413.png
0.9999999677419364,0.999999958333335,0.9999999630376356,0.5714285306122479,0.4834562404469752,0.1472540897919263,0.0608681308308778,0.907488982786392,0.907488982786392,0,v0327.png
0.9999999787234048,0.9999999791666672,0.999999978945036,0.4999999861111115,0.4306607674892472,0.1407182542565395,0.0556056584798473,0.8678414058685401,0.8678414058685401,1,X0159.png
0.25,0.25,0.25,0.7499999935344829,0.2823358435724666,0.1994327032355721,0.0625908310192036,0.766519820411807,0.766519820411807,1,E0538.png
0.9999999772727278,0.9999999761904768,0.9999999767316023,0.5999999600000027,0.4553788323761457,0.1232436273321038,0.0527921597620933,0.9162995554348036,0.9162995554348036,1,J0163.png
0.25,0.25,0.25,0.6760563332672089,0.2450659126497821,0.121893363727855,0.0246853298604414,0.8458149742475112,0.8458149742475112,1,Y0778.png
0.9999999772727278,0.9999999772727278,0.9999999772727278,1.333332888889037,0.66510251755023,0.1955933731109826,0.0658641975288313,0.7929515383570417,0.7929515383570417,1,K0171.png
0.25,0.25,0.25,0.7062937013545895,0.2390565948911185,0.0791742600853346,0.0191826934972108,0.8854625511653632,0.8854625511653632,1,M0185.png
0.25,0.25,0.25,0.7857142295918408,0.4180685684833077,0.1423650937200528,0.0699487636288819,0.2951541837217877,0.2951541837217877,0,i0295.png
0.25,0.25,0.25,0.3888888672839518,0.4964707176112032,0.1572644700482479,0.0363135073985221,0.907488982786392,0.907488982786392,0,x0696.png
0.25,0.25,0.25,0.5157894709695291,0.3569925929555496,0.1587376112481812,0.0528425655962921,0.8634361195443343,0.8634361195443343,1,U0502.png
0.9999999756097568,0.99999997826087,0.9999999769353134,2.937499816406261,0.403028340507755,0.1640205679511641,0.0763247447717599,0.8237885426264822,0.8237885426264822,0,zc0804.png
0.25,0.25,0.25,2.694444369598768,0.5593166075257185,0.2522623033928603,0.0806196139472034,0.850220260571717,0.850220260571717,0,n0627.png
0.9999999761904768,0.9999999761904768,0.9999999761904768,0.6423841017060655,0.3200887135596081,0.2134065865145661,0.075805080240307,0.8546255468959227,0.8546255468959227,0,y0442.png
0.9999999545454564,0.9999999714285724,0.9999999629870144,0.9178082066053672,0.51930881386085,0.2469127055666988,0.1186850756050312,0.8590308332201285,0.8590308332201285,1,T0927.png
0.25,0.25,0.25,2.82352924567475,0.4578667900362398,0.2090424907370058,0.0687108087982593,0.8546255468959227,0.8546255468959227,1,N0769.png
0.9999999736842112,0.9999999756097568,0.999999974646984,0.3205128164036818,0.3652434576684419,0.1555143539697525,0.0363027493985221,0.8942731238137748,0.8942731238137748,0,m0140.png
0.9999999772727278,0.9999999777777784,0.999999977525253,3.4545451404958967,0.4068990962345493,0.1625546996229333,0.0689262235188042,0.8149779699780706,0.8149779699780706,0,zc0014.png
0.25,0.25,0.25,0.2352941130334487,0.4115795098039216,0.1419136334219134,0.0464249999988393,0.8810572648411574,0.8810572648411574,1,X1304.png
0.9999999761904768,0.9999999761904768,0.9999999761904768,1.425925899519891,0.4743366756853633,0.2384621369130204,0.1048962794965175,0.8325991152748937,0.8325991152748937,0,za0999.png
0.9999999705882362,0.9999999705882362,0.9999999705882362,2.076922917159776,0.609250592495939,0.191467987955391,0.0745529651404891,0.8281938289506879,0.8281938289506879,0,w0657.png
0.25,0.25,0.25,0.4294117621799308,0.3403780900115148,0.1516171983651923,0.0596626405648775,0.8634361195443343,0.8634361195443343,1,ZB1631.png
0.9999999687500012,0.9999999677419364,0.9999999682459688,0.4726027364890223,0.4601528951772753,0.2082795907658168,0.0971697320876467,0.8325991152748937,0.8325991152748937,0,u0231.png
0.9999999767441866,0.9999999729729736,0.9999999748585802,0.463768109220752,0.4148632233958672,0.2194322789757274,0.0730889989109682,0.8017621110054532,0.8017621110054532,1,ZC1224.png
0.25,0.25,0.25,0.7999999915789475,0.2990178363863057,0.1442839218114145,0.0550233905087739,0.8854625511653632,0.8854625511653632,1,A0959.png
0.9999999750000008,0.9999999767441866,0.9999999758720935,0.5567567537472607,0.3188305711576741,0.2044272421064729,0.0472240550464882,0.907488982786392,0.907488982786392,0,o0031.png
0.9999999777777784,0.9999999705882362,0.9999999741830072,0.5428571402721089,0.3978617789563767,0.227215080155633,0.0655165052676062,0.9999999955947136,0.9999999955947136,0,zb1061.png
0.9999999800000005,0.9999999807692312,0.9999999803846158,0.5714285659863946,0.3953136205106671,0.2042321572505776,0.0871148126094678,0.9030836964621864,0.9030836964621864,1,Q0591.png
0.25,0.25,0.25,0.2025316430059285,0.4877524879298452,0.1914316299661005,0.0628014444063836,0.8766519785169516,0.8766519785169516,1,N1072.png
0.9999999791666672,0.9999999791666672,0.9999999791666672,0.6202531606313091,0.3254678165809387,0.2141513649110449,0.074582511503627,0.8590308332201285,0.8590308332201285,0,y1052.png
0.25,0.25,0.25,1.8571428040816345,0.4989749746052267,0.2305469755149076,0.1077164593615591,0.8017621110054532,0.8017621110054532,0,za0623.png
0.25,0.25,0.25,0.7024793330373609,0.3962501442080834,0.2882990131946323,0.1353248655302814,0.8766519785169516,0.8766519785169516,0,a0837.png
0.9999999787234048,0.9999999761904768,0.9999999774569408,0.4563758358632494,0.4041706791529473,0.2093332146216034,0.100700911672858,0.889867837489569,0.889867837489569,1,Q0474.png
0.25,0.25,0.25,0.4285714081632663,0.4943172166957432,0.1581290747469766,0.0413563864041496,0.8678414058685401,0.8678414058685401,0,x0718.png
0.9999999777777784,0.9999999777777784,0.9999999777777784,0.2906976710383991,0.4702554055131307,0.1937213680893535,0.052751193150356,0.8766519785169516,0.8766519785169516,1,D0104.png
0.25,0.25,0.25,1.7924527963688153,0.479344879241134,0.2403830428698427,0.1050642479184495,0.8325991152748937,0.8325991152748937,0,za0537.png
0.25,0.25,0.25,0.6808510590010564,0.2417887151571245,0.122711594776854,0.0300430361001605,0.8414096879233054,0.8414096879233054,1,Y1070.png
0.9999999714285724,0.9999999714285724,0.9999999714285724,0.4047619023526077,0.3474953059127785,0.1526036975631256,0.0580029758726218,0.8546255468959227,0.8546255468959227,1,ZB1514.png
0.9999999714285724,0.9999999714285724,0.9999999714285724,0.8454545377685951,0.3163756889043049,0.225664494362813,0.0589663544901443,0.8193832563022764,0.8193832563022764,1,E0657.png
0.9999999500000024,0.9999999750000008,0.9999999625000016,0.1590909072830579,0.3790934568121925,0.1285504314331076,0.0285021076358077,0.889867837489569,0.889867837489569,1,I0922.png
0.99999997826087,0.99999997826087,0.99999997826087,0.7226277319516224,0.2300669599540663,0.0805732597326781,0.0195133149673626,0.8722466921927459,0.8722466921927459,1,M0350.png
0.9999999821428576,0.9999999821428576,0.9999999821428576,0.4999999975490196,0.4030713111849892,0.2320957218767562,0.0910707420201107,0.8986784101379806,0.8986784101379806,1,P0951.png
0.9999999687500012,0.9999999787234048,0.9999999737367028,0.7697841671238549,0.4307110521050586,0.3043875653594469,0.0866502357878738,0.9999999955947136,0.9999999955947136,0,c0086.png
0.9999999750000008,0.9999999767441866,0.9999999758720935,0.4516129003121748,0.4416810631713579,0.2204206728893841,0.0881638022223065,0.8237885426264822,0.8237885426264822,0,u0436.png
0.25,0.25,0.25,0.799999840000032,0.4620090497737557,0.1668103518281151,0.0710059171429571,0.2863436110733762,0.2863436110733762,0,i0239.png
0.25,0.25,0.25,0.9354838609087756,0.423629123626074,0.2053081922491674,0.0886040154564849,0.907488982786392,0.907488982786392,1,P0082.png
0.25,0.25,0.25,0.1686746967629554,0.4295013176686577,0.1306902070642115,0.0553105089954185,0.911894269110598,0.911894269110598,1,J0171.png
0.9999999777777784,0.9999999767441866,0.9999999772609824,0.763157884695291,0.3827617647058823,0.1477913693075195,0.0340999999991475,0.8810572648411574,0.8810572648411574,1,W1035.png
0.9999999761904768,0.9999999761904768,0.9999999761904768,0.7380952322373394,0.3338910312650902,0.1918217439260881,0.0409295872343354,0.8193832563022764,0.8193832563022764,0,l0259.png
0.25,0.25,0.25,0.6857142808163266,0.245142811380192,0.1207850285989923,0.0227515693094281,0.8414096879233054,0.8414096879233054,1,Y0685.png
0.9999999772727278,0.9999999772727278,0.9999999772727278,1.7017543561095727,0.4735136779762389,0.2392093691409393,0.0960250823653941,0.8546255468959227,0.8546255468959227,0,za0984.png
0.9999999642857156,0.9999999705882362,0.9999999674369758,0.3157894570637127,0.4848016644271419,0.1664925212577054,0.0745266278817967,0.9295154144074212,0.9295154144074212,0,v0644.png
0.999999958333335,0.999999958333335,0.999999958333335,0.2222222172839507,0.3981894891741196,0.1423537956021316,0.0464382212558663,0.8766519785169516,0.8766519785169516,1,X1181.png
0.999999956521741,0.99999997826087,0.9999999673913056,0.4407894707842798,0.4172028356898562,0.2183655923685059,0.0911363580086845,0.8854625511653632,0.8854625511653632,1,Q0475.png
0.99999997826087,0.99999997826087,0.99999997826087,0.59999999625,0.3067228562431917,0.1950044837680508,0.0750596788174083,0.8458149742475112,0.8458149742475112,0,y0202.png
0.9999999736842112,0.9999999772727278,0.9999999754784696,0.5478723375113174,0.3099115808072687,0.187408911852683,0.0450089546600761,0.907488982786392,0.907488982786392,0,o0061.png
0.9999999756097568,0.9999999756097568,0.9999999756097568,1.6551723852556486,0.4615353519880174,0.2438337968317569,0.0965440538168255,0.8458149742475112,0.8458149742475112,0,za0937.png
0.999999981132076,0.999999981132076,0.999999981132076,0.740157474486949,0.3343056230756766,0.1911776832947583,0.0382338642786973,0.8237885426264822,0.8237885426264822,0,l0219.png
0.9999999687500012,0.9999999642857156,0.9999999665178584,0.7499999687500013,0.5542433645226277,0.1813078252350211,0.0566523824085131,0.8722466921927459,0.8722466921927459,0,d0136.png
0.9999999800000005,0.9999999800000005,0.9999999800000005,0.4052863418269324,0.3360438572758762,0.1690834659455331,0.0520289545682619,0.9999999955947136,0.9999999955947136,1,ZB0677.png
0.9999999756097568,0.9999999787234048,0.9999999771665808,2.8124998242187607,0.4039023188530342,0.1631419388904954,0.0728414901366591,0.8149779699780706,0.8149779699780706,0,zc0798.png
0.9999999545454564,0.9999999615384628,0.9999999580419596,0.7343749942626954,0.2737475479100649,0.1385873556871855,0.0490606609311605,0.8281938289506879,0.8281938289506879,0,h0136.png
0.25,0.25,0.25,0.4367816066851632,0.3326166004550187,0.1594735247535073,0.0602695251086018,0.8678414058685401,0.8678414058685401,1,ZB0008.png
0.9999999791666672,0.9999999791666672,0.9999999791666672,0.6322580604370448,0.3174658570857666,0.2076131680712974,0.0761867192616387,0.8590308332201285,0.8590308332201285,0,y0314.png
0.9999999545454564,0.9999999545454564,0.9999999545454564,0.7054794472227435,0.2349663948863304,0.0831894256933791,0.0189886972035933,0.9030836964621864,0.9030836964621864,1,M0186.png
0.9999999772727278,0.9999999772727278,0.9999999772727278,0.2209302299891833,0.3730667058737882,0.1277409787842263,0.0296051833330193,0.8942731238137748,0.8942731238137748,1,I0652.png
0.9999999791666672,0.9999999791666672,0.9999999791666672,0.5930232523661438,0.3438114365841461,0.1865460451525134,0.0358659516116414,0.8942731238137748,0.8942731238137748,1,O1272.png
0.999999981132076,0.999999981132076,0.999999981132076,3.357142737244902,0.5445734473055859,0.2011317812920041,0.0563320507000811,0.8281938289506879,0.8281938289506879,1,L0878.png
0.9999999756097568,0.9999999756097568,0.9999999756097568,0.7185185131961592,0.2600229825882942,0.1321574586848604,0.0290746060289115,0.850220260571717,0.850220260571717,1,Y0191.png
0.25,0.25,0.25,0.5847953182175712,0.3262094292528758,0.1852888166091781,0.028181106537002,0.8766519785169516,0.8766519785169516,1,O1412.png
0.9999999687500012,0.9999999777777784,0.9999999732638898,0.6037735811083422,0.3155950639897964,0.2107335948718862,0.074970532603959,0.8414096879233054,0.8414096879233054,0,y0777.png
0.25,0.25,0.25,0.6571428477551022,0.5349797070519825,0.238211452871605,0.1201267747141094,0.8678414058685401,0.8678414058685401,1,T0003.png
0.9999999523809546,0.9999999523809546,0.9999999523809546,0.793388423195137,0.3207057555074331,0.1964907861720433,0.0711329185035735,0.8414096879233054,0.8414096879233054,0,y0013.png
0.9999999777777784,0.9999999787234048,0.9999999782505916,0.5367647019355537,0.3894465550734118,0.2042498531303186,0.0931792674193148,0.8722466921927459,0.8722466921927459,1,Q0044.png
0.99999997826087,0.9999999777777784,0.9999999780193244,0.6938775463001527,0.2233192738841019,0.0858266146567596,0.0262879661662272,0.8986784101379806,0.8986784101379806,1,M0364.png
0.25,0.25,0.25,2.4146340874479493,0.4408194642003317,0.2123639628271255,0.0647382920093679,0.8722466921927459,0.8722466921927459,1,N0525.png
0.9999999800000005,0.9999999814814818,0.9999999807407411,0.5999999942857144,0.3971129229800189,0.202224162893478,0.0877810826867868,0.9030836964621864,0.9030836964621864,1,Q0518.png
0.25,0.25,0.25,0.4347826059951391,0.3460559422278861,0.1531527135143012,0.0657533575123577,0.889867837489569,0.889867837489569,1,ZB1315.png
0.9999999761904768,0.9999999629629645,0.9999999695767204,0.1041666644965278,0.4879856910244539,0.1335549596306028,0.0504524460351952,0.907488982786392,0.907488982786392,0,j0373.png
0.9999999615384628,0.9999999615384628,0.9999999615384628,0.677419332986473,0.5702185976431389,0.1867105679079031,0.0516191170332252,0.8634361195443343,0.8634361195443343,0,d0645.png
0.25,0.25,0.25,0.4143646385946705,0.3332906051838095,0.1582148427986172,0.061612754493882,0.8942731238137748,0.8942731238137748,1,ZB0009.png
0.25,0.25,0.25,0.6666666619385343,0.2433021067959913,0.1172025060270206,0.0213617775738121,0.8237885426264822,0.8237885426264822,1,Y0994.png
0.9999999714285724,0.9999999791666672,0.9999999752976196,0.2264150900676398,0.406986435393685,0.1338030602592587,0.0497500245061819,0.889867837489569,0.889867837489569,1,X1357.png
0.25,0.25,0.25,0.4347825897920613,0.4869041097470259,0.1553121908767698,0.0344819135370433,0.889867837489569,0.889867837489569,0,x0807.png
0.9999999545454564,0.9999999545454564,0.9999999545454564,0.7183098490378895,0.5260107512038588,0.2405786641366226,0.1235078053228367,0.8722466921927459,0.8722466921927459,1,T0008.png
0.9999999777777784,0.9999999767441866,0.9999999772609824,0.444444438271605,0.414960594351162,0.2193230928629613,0.0607573251399823,0.8105726836538648,0.8105726836538648,1,ZC0878.png
0.999999974358975,0.9999999767441866,0.9999999755515808,3.124999804687512,0.4054134261447457,0.1651797377801222,0.0684587289972692,0.8149779699780706,0.8149779699780706,0,zc1246.png
0.9999999777777784,0.99999997826087,0.9999999780193244,0.4078947314750693,0.4115356962160147,0.2185297341020112,0.0626131733798491,0.8281938289506879,0.8281938289506879,1,ZC0159.png
0.9999999705882362,0.9999999705882362,0.9999999705882362,1.2571428212244908,0.6110182523161398,0.1833937519629106,0.0731613716709201,0.8414096879233054,0.8414096879233054,1,V0072.png
0.25,0.25,0.25,0.2195121897679953,0.4341716710465399,0.130957749046106,0.0358174185242103,0.8942731238137748,0.8942731238137748,1,X0007.png
0.25,0.25,0.25,0.6202531606313091,0.3212377821608591,0.2065505468277361,0.0662984878352058,0.8590308332201285,0.8590308332201285,0,y1285.png
0.9999999761904768,0.9999999777777784,0.9999999769841276,2.74999982812501,0.4037189805033545,0.1630973486478934,0.0735763232492445,0.8105726836538648,0.8105726836538648,0,zc0853.png
0.9999999772727278,0.9999999777777784,0.999999977525253,1.2686566974827358,0.6220099841237278,0.3560181362189981,0.1500377038328297,0.907488982786392,0.907488982786392,1,ZA0074.png
0.9999999791666672,0.9999999791666672,0.9999999791666672,1.1538461390532546,0.4385015734688937,0.2009863672602737,0.0879757167613515,0.8722466921927459,0.8722466921927459,1,P0129.png
0.9999999830508478,0.999999981132076,0.9999999820914618,3.879999844800006,0.5381560973606871,0.2026325530604346,0.0502295363620438,0.850220260571717,0.850220260571717,1,L0390.png
0.9999999629629645,0.99999997826087,0.9999999706119173,0.7462686511472489,0.3686353731412011,0.2820795725787394,0.1287088709848562,0.8766519785169516,0.8766519785169516,0,a0706.png
0.9999999545454564,0.9999999545454564,0.9999999545454564,0.1379310321046374,0.5599756229022221,0.1842584371131016,0.0512286547258634,0.8634361195443343,0.8634361195443343,0,d0450.png
0.9999999600000016,0.9999999600000016,0.9999999600000016,0.4137930891795486,0.570083358864379,0.1840413027655722,0.0494791666653244,0.8458149742475112,0.8458149742475112,0,d0463.png
0.999999974358975,0.9999999756097568,0.999999974984366,0.8888888790123458,0.3624296657438485,0.1376590249702961,0.0285037484374087,0.8634361195443343,0.8634361195443343,1,W0501.png
0.9999999761904768,0.99999997826087,0.9999999772256736,2.933333137777791,0.3999622533716921,0.162954596756825,0.068129263496701,0.8193832563022764,0.8193832563022764,0,zc1360.png
0.9999999642857156,0.9999999629629645,0.99999996362434,0.1884057943709305,0.4389418714040428,0.13490036393211,0.055825242717131,0.907488982786392,0.907488982786392,1,J0203.png
0.25,0.25,0.25,0.6830985867387424,0.242367554017768,0.1231951318036055,0.0255040403762381,0.850220260571717,0.850220260571717,1,Y1052.png
0.25,0.25,0.25,0.1686746967629554,0.4072553129228762,0.1640678631135378,0.033711269916575,0.8766519785169516,0.8766519785169516,1,I0548.png
0.25,0.25,0.25,0.7538461480473373,0.2367027423214183,0.1226450259848264,0.0210589337770444,0.8634361195443343,0.8634361195443343,1,Y1185.png
0.999999956521741,0.999999956521741,0.999999956521741,0.3255813915630071,0.4843628267633584,0.1931074706496117,0.0788213244460948,0.8634361195443343,0.8634361195443343,1,R0226.png
0.9999999615384628,0.9999999545454564,0.9999999580419596,2.255813901027584,0.240666442420615,0.1472541800918747,0.0488872184475049,0.850220260571717,0.850220260571717,1,H0360.png
0.9999999750000008,0.9999999736842112,0.999999974342106,0.9999996666667778,0.4826256224354858,0.1362267263277506,0.0334149576565295,0.8722466921927459,0.8722466921927459,0,k0523.png
0.999999956521741,0.999999956521741,0.999999956521741,0.5026177984156136,0.2656113765371283,0.1413123151397524,0.0424056358092594,0.8414096879233054,0.8414096879233054,0,h0090.png
0.9999999787234048,0.9999999756097568,0.9999999771665808,0.5421052603047092,0.3055243960760985,0.1828871710313971,0.0436882807842073,0.9030836964621864,0.9030836964621864,0,o0171.png
0.9999999756097568,0.9999999761904768,0.9999999759001168,0.7424242311753905,0.4455433202838976,0.2323780430129286,0.0539611801644618,0.850220260571717,0.850220260571717,1,F0010.png
0.9999999687500012,0.999999956521741,0.9999999626358712,0.6666666222222252,0.466186736190321,0.1841355628099458,0.0639335180037691,0.8370044015990996,0.8370044015990996,0,w0230.png
0.9999999714285724,0.9999999772727278,0.99999997435065,0.1199999976,0.492319130651107,0.1295449615921645,0.0505094194528424,0.8986784101379806,0.8986784101379806,0,j0655.png
0.9999999756097568,0.9999999756097568,0.9999999756097568,0.4064171101261117,0.3943268192021321,0.1763771200231,0.0679617302864802,0.9999999955947136,0.9999999955947136,1,ZB1186.png
0.99999997826087,0.99999997826087,0.99999997826087,0.4897959133694294,0.3480390196078431,0.1528704399011745,0.0504249999987393,0.8810572648411574,0.8810572648411574,1,S0283.png
0.9999999705882362,0.9999999655172426,0.9999999680527394,0.626373622932013,0.3514949700891825,0.1949051882254576,0.035203477652677,0.9999999955947136,0.9999999955947136,1,O0171.png
0.25,0.25,0.25,0.4096385517491653,0.3439071403920776,0.1501857656474565,0.0616146056902195,0.8766519785169516,0.8766519785169516,1,ZB1300.png
0.9999999777777784,0.9999999777777784,0.9999999777777784,0.4195402274739067,0.3495239524056384,0.1526897344465189,0.0561096941982245,0.8766519785169516,0.8766519785169516,1,ZB1587.png
0.25,0.25,0.25,1.745454513719009,0.4582402550669675,0.2256019987209417,0.1052328609384273,0.8414096879233054,0.8414096879233054,0,za0126.png
0.9999999736842112,0.9999999761904768,0.999999974937344,0.3492063473586966,0.4483843585700412,0.1949379774131978,0.0486126581013189,0.8854625511653632,0.8854625511653632,0,s0228.png
0.999999958333335,0.999999956521741,0.999999957427538,0.4315789450969529,0.4505202136408716,0.2450732918654296,0.0837100073209335,0.8766519785169516,0.8766519785169516,0,zb0921.png
0.25,0.25,0.25,0.5329670300386427,0.2358318797813524,0.1204585492753231,0.0249229461147591,0.8546255468959227,0.8546255468959227,1,Y0633.png
0.9999999705882362,0.9999999777777784,0.9999999741830072,0.2210526292520775,0.3373286239299311,0.1353663577854918,0.0530303030289503,0.8722466921927459,0.8722466921927459,1,S0172.png
0.9999999803921572,0.9999999767441866,0.999999978568172,0.6129032218522373,0.3174047037097388,0.2049867239315453,0.0726038781143323,0.8370044015990996,0.8370044015990996,0,y0407.png
0.25,0.25,0.25,0.5399999892000003,0.1662551440329218,0.0849204101457561,0.0709876542966434,0.2378854615071125,0.2378854615071125,1,E0927.png
0.9999999756097568,0.99999997826087,0.9999999769353134,0.5698323990512156,0.3150495473083505,0.1732906023366268,0.0334246443667477,0.8986784101379806,0.8986784101379806,1,O0550.png
0.9999999600000016,0.999999958333335,0.9999999591666684,0.7460317401108593,0.2774682786266155,0.1376299185398824,0.0437244416470667,0.8237885426264822,0.8237885426264822,0,h0141.png
0.9999999545454564,0.9999999545454564,0.9999999545454564,0.1666666638888889,0.5565418003936269,0.1850144531606426,0.0493804664710177,0.8634361195443343,0.8634361195443343,0,d0695.png
0.9999999756097568,0.9999999756097568,0.9999999756097568,0.5412843987038128,0.4013058066108387,0.2030589917522116,0.0717773437480529,0.8458149742475112,0.8458149742475112,0,q0196.png
0.25,0.25,0.25,0.5844155806206781,0.2800792786250302,0.2018142090411915,0.0634876543190281,0.7929515383570417,0.7929515383570417,1,E0645.png
0.9999999629629645,0.9999999729729736,0.999999967967969,0.3865030651134781,0.3952771925096569,0.1621479753058018,0.0617711370246311,0.8634361195443343,0.8634361195443343,1,ZB1073.png
0.9999999791666672,0.9999999807692312,0.9999999799679492,0.3922651912029548,0.3438805882352941,0.1594866679196051,0.0632249999984193,0.8810572648411574,0.8810572648411574,1,ZB0237.png
0.25,0.25,0.25,0.636363632231405,0.3936047888543172,0.201952123012571,0.0619793835885573,0.8634361195443343,0.8634361195443343,0,q0321.png
0.25,0.25,0.25,0.6953124945678711,0.3900655645063632,0.2903976612137997,0.1227575727839732,0.889867837489569,0.889867837489569,0,a0861.png
0.25,0.25,0.25,0.6018518462791496,0.4265805844907407,0.2137765813127305,0.0705023871508652,0.8458149742475112,0.8458149742475112,0,q0053.png
0.9999999761904768,0.9999999772727278,0.9999999767316023,0.5543478230741966,0.3248502649810404,0.2127852813199732,0.0491397539396112,0.8986784101379806,0.8986784101379806,0,o0010.png
0.25,0.25,0.25,0.462499997109375,0.3429245691022218,0.1534786273149612,0.0627879619629745,0.889867837489569,0.889867837489569,1,ZB1307.png
0.9999999705882362,0.999999958333335,0.9999999644607857,0.9999997500000624,0.6382484686555525,0.1954694104880618,0.0592741549344289,0.7797356793844243,0.7797356793844243,1,K0120.png
0.25,0.25,0.25,0.6428571386827459,0.397235430027096,0.207201109908372,0.0728439279529788,0.8678414058685401,0.8678414058685401,0,q0020.png
0.9999999800000005,0.99999997826087,0.9999999791304351,0.3999999733333351,0.5181116771478619,0.1534424701133005,0.0448864953993948,0.8678414058685401,0.8678414058685401,0,x0406.png
0.9999999600000016,0.9999999756097568,0.9999999678048792,0.5561497296462581,0.3295442844297482,0.203249947228053,0.0531850961526168,0.9162995554348036,0.9162995554348036,0,o0389.png
0.9999999807692312,0.9999999830508478,0.9999999819100396,0.6818181714876035,0.4673151913826755,0.2346729069135688,0.0438359017064807,0.8634361195443343,0.8634361195443343,1,F0315.png
0.9999999824561407,0.9999999824561407,0.9999999824561407,3.3928570216836778,0.5391392222183798,0.2045222632045317,0.050558495001524,0.8325991152748937,0.8325991152748937,1,L0570.png
0.999999958333335,0.999999958333335,0.999999958333335,0.3181818037190089,0.569356685882858,0.1847274233801863,0.0446705891254091,0.8766519785169516,0.8766519785169516,0,d0910.png
0.9999999761904768,0.9999999777777784,0.9999999769841276,2.933333137777791,0.4081992012305867,0.1661775173568833,0.0755848298654423,0.8105726836538648,0.8105726836538648,0,zc0334.png
0.999999972222223,0.9999999523809546,0.9999999623015888,0.9999997500000624,0.6352371096586783,0.1968154559704504,0.0599999999981481,0.7929515383570417,0.7929515383570417,1,K0143.png
0.25,0.25,0.25,0.6129032218522373,0.3166535223507685,0.2046401469354853,0.0783102493053099,0.8370044015990996,0.8370044015990996,0,y0851.png
0.9767441633315312,0.9999999705882362,0.9883720669598836,1.71428568367347,0.48141893041939,0.2497120833390327,0.1050618489554833,0.8458149742475112,0.8458149742475112,0,za0724.png
0.9999999705882362,0.999999974358975,0.9999999724736056,1.28571423979592,0.6084814497592002,0.1873601810300573,0.0663726219559365,0.8546255468959227,0.8546255468959227,1,V0270.png
0.25,0.25,0.25,0.3730569928857151,0.3417552246490312,0.1597292174569087,0.0669147559156131,0.9162995554348036,0.9162995554348036,1,ZB0843.png
0.9999999545454564,0.999999974358975,0.9999999644522156,0.2173912996219282,0.3938226992241159,0.1605740576242477,0.0471687518239219,0.9295154144074212,0.9295154144074212,1,X0711.png
0.999999958333335,0.9999999600000016,0.9999999591666684,0.4054053944485029,0.6194712848903103,0.2052725305698872,0.1009065427615235,0.8766519785169516,0.8766519785169516,0,r0523.png
0.9999999833333336,0.9999999833333336,0.9999999833333336,0.7659574386600273,0.2943891176470588,0.1387073199712276,0.0553249999986168,0.8810572648411574,0.8810572648411574,1,A1352.png
0.9999999761904768,0.9999999761904768,0.9999999761904768,1.610169464234416,0.4672955298462875,0.2471881814918272,0.1080609418252614,0.8370044015990996,0.8370044015990996,0,za0591.png
0.9999999696969708,0.9999999736842112,0.999999971690591,1.6538460902366887,0.6218937227668845,0.1778438700860324,0.0639105902760441,0.8458149742475112,0.8458149742475112,1,V0197.png
0.9999999600000016,0.9999999761904768,0.9999999680952392,0.224489791336943,0.4114737645266434,0.1359961083759171,0.0457059165161055,0.8766519785169516,0.8766519785169516,1,X0457.png
0.9999999666666678,0.9999999666666678,0.9999999666666678,0.3882978702750113,0.343146958095143,0.1631432888305662,0.0667357903650971,0.907488982786392,0.907488982786392,1,ZB0830.png
0.9999999800000005,0.9999999787234048,0.9999999793617026,0.5238095113378688,0.50687797752846,0.1660236023588469,0.0517342739550478,0.8325991152748937,0.8325991152748937,0,x0545.png
0.9999999600000016,0.9999999629629645,0.999999961481483,0.7480915973428123,0.3820500649239288,0.2912882205402,0.1311172428120804,0.8634361195443343,0.8634361195443343,0,a0508.png
0.25,0.25,0.25,0.35,0.502752430612134,0.1484138020685236,0.116862880866194,0.3348017606396398,0.3348017606396398,0,x0134.png
0.25,0.25,0.25,0.2077922050936077,0.4771964878491343,0.1947561521769655,0.0607293402592704,0.889867837489569,0.889867837489569,1,N1128.png
0.9999999761904768,0.9999999761904768,0.9999999761904768,0.591715972830083,0.3321629411764706,0.1829942918330604,0.038999999999025,0.8810572648411574,0.8810572648411574,1,O0948.png
0.25,0.25,0.25,0.2247190985986618,0.3820927782935545,0.1539159406231037,0.0277423781975359,0.889867837489569,0.889867837489569,1,I0008.png
0.9999999705882362,0.9999999687500012,0.9999999696691186,0.2549019557862362,0.489939921974707,0.1545082721501241,0.0654123520694939,0.9162995554348036,0.9162995554348036,0,v0470.png
0.25,0.25,0.25,0.4634146228435458,0.4079934965560343,0.1356073414618593,0.0508387229753191,0.8678414058685401,0.8678414058685401,1,X0363.png
0.25,0.25,0.25,0.3999999733333351,0.527166862745098,0.1601336332079886,0.0412249999989693,0.8810572648411574,0.8810572648411574,0,x0483.png
0.9999999772727278,0.9999999750000008,0.9999999761363644,0.3424657487333459,0.37802565164419,0.1666944354185245,0.0585654525033525,0.8722466921927459,0.8722466921927459,0,m0221.png
0.9999999729729736,0.9999999677419364,0.9999999703574552,1.0549450433522525,0.3592459357033019,0.1294626134280832,0.0234642690709283,0.8414096879233054,0.8414096879233054,1,W0369.png
0.9999999800000005,0.9999999803921572,0.9999999801960788,0.5901639247514111,0.4565853853689453,0.1606094578670831,0.046712663425952,0.850220260571717,0.850220260571717,0,x0940.png
0.99999997826087,0.9999999767441866,0.9999999775025284,0.3023255743645215,0.3980536397447163,0.1622244450266377,0.0704221367114525,0.8281938289506879,0.8281938289506879,0,zc1582.png
0.9999999787234048,0.9999999787234048,0.9999999787234048,0.2499999951923077,0.4068806862745098,0.135352121216161,0.04759999999881,0.8810572648411574,0.8810572648411574,1,X1250.png
0.9999999761904768,0.9999999761904768,0.9999999761904768,0.4999999974489796,0.3935088321042703,0.2058701884372785,0.068773427736652,0.8634361195443343,0.8634361195443343,0,q0117.png
0.25,0.25,0.25,1.075757559458219,0.4367132046770056,0.2037074356024574,0.0832084155139195,0.8590308332201285,0.8590308332201285,1,P0294.png
0.25,0.25,0.25,0.4342857118040816,0.3351666176674751,0.152518121732595,0.0604956268205826,0.8634361195443343,0.8634361195443343,1,ZB0444.png
0.25,0.25,0.25,0.6139240467473162,0.3068328404802244,0.2080900139261937,0.0721915187567172,0.8546255468959227,0.8546255468959227,0,y0950.png
0.25,0.25,0.25,0.2051282024983564,0.4842316240572861,0.1899309574593931,0.0580535442794698,0.8678414058685401,0.8678414058685401,1,N1060.png
0.25,0.25,0.25,0.7894736759002772,0.3013756275399577,0.1511939266738905,0.0532893299994348,0.8942731238137748,0.8942731238137748,1,A0783.png
0.999999958333335,0.999999956521741,0.999999957427538,0.7265624943237305,0.2652392042280754,0.1399726372675433,0.0418699780849709,0.8149779699780706,0.8149779699780706,0,h0233.png
0.9999999629629645,0.9999999767441866,0.9999999698535756,0.6910569049507569,0.3792133672045206,0.2828198030014536,0.1384006076351345,0.8458149742475112,0.8458149742475112,0,a1172.png
0.9999999655172426,0.9999999655172426,0.9999999655172426,1.999999925925929,0.4427703633681376,0.1934822165339065,0.0612710007286699,0.8149779699780706,0.8149779699780706,1,N0004.png
0.9999999696969708,0.9999999736842112,0.999999971690591,1.199999760000048,0.6193267405917987,0.1947350239070974,0.0586880842066092,0.8414096879233054,0.8414096879233054,1,K0354.png
0.9999999750000008,0.9999999750000008,0.9999999750000008,0.3597883578847177,0.3519691126896921,0.1576030226372088,0.0659845330144917,0.9030836964621864,0.9030836964621864,1,ZB0185.png
0.25,0.25,0.25,0.6666665555555741,0.4610175385032906,0.1685161728997666,0.0499567473940404,0.2995594700459935,0.2995594700459935,0,i0136.png
0.25,0.25,0.25,0.5272727176859506,0.1875231594638471,0.086960459324988,0.0554016620328095,0.2511013204797299,0.2511013204797299,1,E0265.png
0.9999999777777784,0.9999999777777784,0.9999999777777784,0.6062499962109376,0.2929337576246356,0.2018101346431844,0.0759379317654389,0.8546255468959227,0.8546255468959227,0,y0141.png
0.25,0.25,0.25,0.8181818099173555,0.3089683380185895,0.1473184949298293,0.0596427561490328,0.907488982786392,0.907488982786392,1,A0244.png
0.9999999777777784,0.9999999777777784,0.9999999777777784,0.6178343909692077,0.3101739801937044,0.2039519105570484,0.0758141158131543,0.850220260571717,0.850220260571717,0,y0646.png
0.9999999736842112,0.9999999777777784,0.9999999757309948,0.1176470565167243,0.4908129242836733,0.134721501041137,0.0512065227624845,0.907488982786392,0.907488982786392,0,j0465.png
0.999999956521741,0.999999956521741,0.999999956521741,0.2340425482118606,0.3776264326769377,0.1363450953338543,0.04981634526962,0.8722466921927459,0.8722466921927459,1,X0269.png
0.9999999777777784,0.9999999777777784,0.9999999777777784,0.6233766193287232,0.3164598651960784,0.2068108390563094,0.0718858506924944,0.8458149742475112,0.8458149742475112,0,y1356.png
0.9999999750000008,0.9999999750000008,0.9999999750000008,0.3571428551805338,0.390160535082047,0.1623230094786859,0.0650828702452114,0.8942731238137748,0.8942731238137748,1,ZB1048.png
0.9999999767441866,0.9999999761904768,0.9999999764673316,0.2249999943750001,0.4046431947069943,0.163859296547859,0.073103733457198,0.8105726836538648,0.8105726836538648,0,zc0926.png
0.9999999767441866,0.9999999767441866,0.9999999767441866,3.225806347554634,0.5404673325015155,0.249871439019187,0.0600826718923308,0.9999999955947136,0.9999999955947136,0,n0815.png
0.9999999629629645,0.9999999629629645,0.9999999629629645,0.7185185131961592,0.2642791305359427,0.137309050447914,0.040564847377364,0.850220260571717,0.850220260571717,0,h0288.png
0.999999956521741,0.999999956521741,0.999999956521741,0.7765957364191943,0.2934232706904936,0.1411057200394256,0.0594059405926035,0.889867837489569,0.889867837489569,1,A1363.png
0.9999999615384628,0.9999999615384628,0.9999999615384628,0.1829268270374777,0.4228011368065565,0.1383288527949624,0.0542216032871179,0.9295154144074212,0.9295154144074212,1,J0478.png
0.9999999750000008,0.9999999714285724,0.9999999732142866,0.0999999975,0.4869748031175898,0.1315190286910336,0.0501696672624618,0.907488982786392,0.907488982786392,0,j0326.png
0.9999999767441866,0.999999958333335,0.9999999675387607,0.232558134126555,0.4003701442130101,0.164421550585217,0.0481785851583963,0.8986784101379806,0.8986784101379806,1,X0786.png
0.999999974358975,0.9999999761904768,0.999999975274726,1.1666666342592602,0.377967282466129,0.1394914549585107,0.0321456528867416,0.8766519785169516,0.8766519785169516,1,W0956.png
0.999999983870968,0.999999983870968,0.999999983870968,3.27586195600476,0.5346445848572625,0.1991011598238542,0.0537498950182315,0.8325991152748937,0.8325991152748937,1,L0330.png
0.9999999729729736,0.9999999729729736,0.9999999729729736,0.4356435600431331,0.313165294399874,0.1286602178906953,0.0519683846354393,0.8766519785169516,0.8766519785169516,1,S0088.png
0.9999999756097568,0.9999999756097568,0.9999999756097568,0.6298342506638992,0.387802490050339,0.2427594477665297,0.0482640843011068,0.9999999955947136,0.9999999955947136,0,o0696.png
0.9999999655172426,0.9999999666666678,0.9999999660919552,0.2907801397817011,0.4678986522293358,0.2034306176048619,0.055193571948716,0.8149779699780706,0.8149779699780706,0,s0163.png
0.9999999705882362,0.9999999767441866,0.9999999736662114,0.857142734693895,0.5263208818261964,0.126346341599287,0.0505702705238342,0.907488982786392,0.907488982786392,0,j0068.png
0.9999999750000008,0.9999999705882362,0.9999999727941185,0.3333333290598291,0.3618882668342203,0.1424650949507319,0.0367414964259301,0.8766519785169516,0.8766519785169516,0,m0328.png
0.99999997826087,0.99999997826087,0.99999997826087,0.2222222160493829,0.4890693687073777,0.1554282764277618,0.0493359631808195,0.8590308332201285,0.8590308332201285,0,x1118.png
0.99999997826087,0.99999997826087,0.99999997826087,2.933333137777791,0.5354239215686274,0.225500231810433,0.0854249999978643,0.8810572648411574,0.8810572648411574,0,n1054.png
0.999999956521741,0.9999999655172426,0.9999999610194918,0.9367088489024196,0.514452125770301,0.2482551952537592,0.1152052358959209,0.8678414058685401,0.8678414058685401,1,T0909.png
0.9999999756097568,0.9999999736842112,0.999999974646984,0.9705882210207616,0.4275790223162319,0.2396591789876226,0.0454533976403259,0.8766519785169516,0.8766519785169516,1,F0270.png
0.25,0.25,0.25,0.6049382678707514,0.2915928616344497,0.2016434747873061,0.0755154102437652,0.8634361195443343,0.8634361195443343,0,y0978.png
0.999999974358975,0.9999999761904768,0.999999975274726,0.4210526260387812,0.4154163804497403,0.2209068682107194,0.0648340848634283,0.8193832563022764,0.8193832563022764,1,ZC0444.png
0.9999999666666678,0.9999999714285724,0.99999996904762,0.3829787213671344,0.4532499734587712,0.2128819740080822,0.0524000416479487,0.8634361195443343,0.8634361195443343,0,s0280.png
0.25,0.25,0.25,2.8823528564013867,0.5543734643101159,0.2488291817211496,0.0789217619966095,0.8590308332201285,0.8590308332201285,0,n0721.png
0.9999999655172426,0.9999999655172426,0.9999999655172426,0.723577229889616,0.4323907726997633,0.3132268014223485,0.1246998836631593,0.8854625511653632,0.8854625511653632,0,a0294.png
0.9999999687500012,0.9999999714285724,0.9999999700892868,0.3461538417159764,0.361844520584089,0.1447533782034726,0.0399365628594786,0.8986784101379806,0.8986784101379806,0,m0314.png
0.9999999750000008,0.9999999750000008,0.9999999750000008,0.3814432970028696,0.4227994056587456,0.1946160057959843,0.0437081517684209,0.8546255468959227,0.8546255468959227,1,G0433.png
0.9999999767441866,0.99999997826087,0.9999999775025284,0.1686746967629554,0.3828273529411765,0.1342056765942955,0.0279999999993,0.8810572648411574,0.8810572648411574,1,I0945.png
0.25,0.25,0.25,0.6619718263241421,0.243529535123266,0.1157514135161802,0.0181303440184697,0.8237885426264822,0.8237885426264822,1,Y1035.png
0.9999999545454564,0.9999999615384628,0.9999999580419596,0.2222222199775533,0.3353931372549019,0.1311845721251848,0.0524999999986875,0.8810572648411574,0.8810572648411574,1,S0202.png
0.25,0.25,0.25,0.6896551676575505,0.2275931831786778,0.0772144155400138,0.0205297846008805,0.8766519785169516,0.8766519785169516,1,M0366.png
0.9999999767441866,0.9999999772727278,0.9999999770084572,0.3636363617998163,0.3346897375417875,0.1501258665141025,0.0656565656548909,0.8722466921927459,0.8722466921927459,1,ZB1345.png
0.9999999615384628,0.9999999767441866,0.9999999691413248,0.2117647033910035,0.387433854043529,0.1283714469878968,0.0323497696296355,0.889867837489569,0.889867837489569,1,I0286.png
0.9999999736842112,0.9999999523809546,0.999999963032583,0.7499998125000469,0.6394330670539821,0.197166172484825,0.0591358024673106,0.7929515383570417,0.7929515383570417,1,K0148.png
0.9999999777777784,0.9999999750000008,0.9999999763888896,0.877358482289071,0.4299818225335895,0.2836932287888792,0.1058044984357196,0.9999999955947136,0.9999999955947136,0,c0178.png
0.999999972222223,0.9999999772727278,0.9999999747474756,0.4171428547591836,0.4586479081312754,0.2429506652832708,0.0916282305627141,0.8678414058685401,0.8678414058685401,0,zb1229.png
0.9999999615384628,0.9999999615384628,0.9999999615384628,0.8124999492187531,0.6202382271468144,0.2141766697467376,0.0833240997206835,0.8370044015990996,0.8370044015990996,0,r0304.png
0.9999999714285724,0.99999997826087,0.9999999748447213,0.4962405977726271,0.4498558703698772,0.211038867482873,0.0983193752801516,0.8281938289506879,0.8281938289506879,0,u0356.png
0.999999956521741,0.999999956521741,0.999999956521741,0.8533333219555558,0.5285515437848205,0.2379146454531095,0.1118812646522229,0.8678414058685401,0.8678414058685401,1,T0608.png
0.9999999750000008,0.9999999750000008,0.9999999750000008,0.6493506451340867,0.3962832352941177,0.2003638634548084,0.0630999999984225,0.8810572648411574,0.8810572648411574,0,q0372.png
0.9999999705882362,0.9999999750000008,0.9999999727941185,0.3842105242936288,0.4413952636939062,0.2144111613336222,0.0503090072307611,0.8590308332201285,0.8590308332201285,0,s0425.png
0.9999999791666672,0.9999999772727278,0.9999999782196975,2.68749983203126,0.3987631924657595,0.1634465651708488,0.0734212313243147,0.8281938289506879,0.8281938289506879,0,zc1664.png
0.9999999756097568,0.9999999843750004,0.9999999799923784,0.3846153698224858,0.4276324886918807,0.1879243475071412,0.0255972365071009,0.9999999955947136,0.9999999955947136,0,b0176.png
0.9999999750000008,0.9999999750000008,0.9999999750000008,0.2758620657946889,0.4763394785624317,0.1970687896266827,0.0549872452252058,0.8678414058685401,0.8678414058685401,1,D0096.png
0.9999999777777784,0.9999999729729736,0.999999975375376,0.0909090888429752,0.4873265446571251,0.1300417915307907,0.0520166567506956,0.9030836964621864,0.9030836964621864,0,j0704.png
0.9999999655172426,0.9999999545454564,0.9999999600313496,0.1756756733016801,0.5632680254218716,0.233059446337453,0.0748191978941533,0.8590308332201285,0.8590308332201285,0,n0701.png
0.25,0.25,0.25,0.6034482654577885,0.421398759649952,0.2237468459856008,0.0587289992678238,0.8149779699780706,0.8149779699780706,1,ZC0780.png
0.9999999750000008,0.9999999750000008,0.9999999750000008,0.970149239251504,0.4195487378624919,0.2374474732027624,0.048261141189914,0.8634361195443343,0.8634361195443343,1,F0245.png
0.9999999600000016,0.9999999705882362,0.9999999652941188,0.4999999975247525,0.3391659026123929,0.1659641709479414,0.0385256347407478,0.889867837489569,0.889867837489569,1,U0193.png
0.9999999615384628,0.9999999615384628,0.9999999615384628,0.8648648570732896,0.3734093116427514,0.2887371737961251,0.1255448041411818,0.8414096879233054,0.8414096879233054,0,a0433.png
0.9999999523809546,0.9999999523809546,0.9999999523809546,0.6405228716305694,0.3965137075238258,0.2018609542294716,0.0646084964581266,0.8634361195443343,0.8634361195443343,0,q0280.png
0.9999999714285724,0.9999999714285724,0.9999999714285724,0.3499999825000008,0.4919216666666667,0.1451252864188743,0.0341749999991456,0.8810572648411574,0.8810572648411574,0,k0037.png
0.25,0.25,0.25,0.3926701550121981,0.2796754745083892,0.1254769834738468,0.0353783916092819,0.8678414058685401,0.8678414058685401,1,ZB0522.png
0.25,0.25,0.25,0.611764702283737,0.323214065581854,0.2245422621685453,0.0424371301765339,0.9162995554348036,0.9162995554348036,0,e0722.png
0.25,0.25,0.25,2.1739129962192827,0.2410596078431372,0.1529261914207403,0.0456999999988575,0.8810572648411574,0.8810572648411574,1,H0301.png
0.9999999761904768,0.9999999729729736,0.9999999745817252,0.857142734693895,0.5257613152113114,0.1276186692134819,0.0525928830493923,0.889867837489569,0.889867837489569,0,j0110.png
0.9999999677419364,0.9999999767441866,0.9999999722430616,0.599999880000024,0.4603698803627564,0.172188814871709,0.0183583237212043,0.8986784101379806,0.8986784101379806,0,i0789.png
0.9999999687500012,0.999999974358975,0.999999971554488,0.3575757554086318,0.4504469969447345,0.2346923387289317,0.0803155818519312,0.8590308332201285,0.8590308332201285,0,zb0493.png
0.25,0.25,0.25,0.8048780422367638,0.300757725802289,0.2059844650632198,0.0559636771743708,0.8722466921927459,0.8722466921927459,1,E0163.png
0.9999999833333336,0.9999999833333336,0.9999999833333336,0.8260869505356018,0.234506592328173,0.0776776266050504,0.0198917114630617,0.9999999955947136,0.9999999955947136,1,M0800.png
0.25,0.25,0.25,1.9999999411764724,0.4995571288985012,0.2310736757504947,0.1000115620274016,0.8193832563022764,0.8193832563022764,0,za0909.png
0.25,0.25,0.25,0.7391304240705736,0.5254382931190678,0.2412231796914843,0.1248087196938224,0.850220260571717,0.850220260571717,1,T0015.png
0.9999999655172426,0.999999958333335,0.9999999619252888,0.3809523628117922,0.4994758902371888,0.1604115080792581,0.0588221019665892,0.8942731238137748,0.8942731238137748,0,v0035.png
0.9999999642857156,0.9999999642857156,0.9999999642857156,0.6121212084113866,0.3308527998985105,0.2303923122665446,0.0358053132037102,0.889867837489569,0.889867837489569,0,e0435.png
0.9999999666666678,0.9999999666666678,0.9999999666666678,0.7194244552559392,0.3793491176470588,0.2928167316399895,0.1189249999970268,0.8810572648411574,0.8810572648411574,0,a0494.png
0.999999972222223,0.9999999600000016,0.9999999661111124,0.096774190426639,0.5046855267937976,0.1224582824298837,0.0532055680802567,0.889867837489569,0.889867837489569,0,j0147.png
0.25,0.25,0.25,0.6689189143991965,0.15345571246613,0.1145276349568774,0.0145069442651316,0.8678414058685401,0.8678414058685401,1,H0046.png
0.9999999777777784,0.9999999777777784,0.9999999777777784,0.4529411738062284,0.3387443458150529,0.1613971733933952,0.0671360065282334,0.8722466921927459,0.8722466921927459,1,ZB0053.png
0.999999974358975,0.999999974358975,0.999999974358975,0.7121212013314969,0.4653286694633215,0.2265012098238174,0.0452226591549255,0.8546255468959227,0.8546255468959227,1,F0327.png
0.9999999750000008,0.9999999615384628,0.9999999682692318,0.2727272665289257,0.4906883007652208,0.1570263090729214,0.0662607361187529,0.8854625511653632,0.8854625511653632,0,v0894.png
0.25,0.25,0.25,0.6305732443912533,0.329765634512714,0.2096164872049404,0.0692365173009035,0.8678414058685401,0.8678414058685401,0,y1339.png
0.9999999705882362,0.9999999705882362,0.9999999705882362,0.3138686108476743,0.4646616349753512,0.196993928780198,0.0530777410192262,0.8105726836538648,0.8105726836538648,0,s0185.png
0.9999999756097568,0.9999999791666672,0.999999977388212,0.5939393903397613,0.3224388735085871,0.1784643331205836,0.0346209912527431,0.8634361195443343,0.8634361195443343,1,O0318.png
0.9999999803921572,0.9999999803921572,0.9999999803921572,0.599999880000024,0.4666684747620808,0.173505566093846,0.0217670897128839,0.8942731238137748,0.8942731238137748,0,i0791.png
0.999999958333335,0.9999999767441866,0.9999999675387607,0.1999999950000001,0.5456496884468073,0.1848940537326319,0.0440701790908978,0.8634361195443343,0.8634361195443343,0,d0492.png
0.9999999677419364,0.9999999666666678,0.999999967204302,0.4096916281511382,0.3581398481494715,0.181016765503566,0.038987754467601,0.9999999955947136,0.9999999955947136,1,U0294.png
0.999999958333335,0.999999958333335,0.999999958333335,0.5491803233673744,0.4545102440527277,0.2102934571013993,0.0838434853564982,0.8722466921927459,0.8722466921927459,0,u0397.png
0.25,0.25,0.25,0.6899224752719189,0.394481156174546,0.29407107299483,0.1169066032095917,0.9030836964621864,0.9030836964621864,0,a1236.png
0.9999999615384628,0.9999999772727278,0.9999999694055954,0.6149068284788396,0.3306251480983539,0.2355017473549527,0.041253317528376,0.8678414058685401,0.8678414058685401,0,e0261.png
0.999999956521741,0.9999999600000016,0.9999999582608712,0.7560975548284752,0.258443804694997,0.1382584808757199,0.0408181154115173,0.8149779699780706,0.8149779699780706,0,h0398.png
0.9999999696969708,0.9999999767441866,0.9999999732205788,2.0869564763705117,0.4513886761301743,0.2030420508500293,0.0546332465262957,0.8458149742475112,0.8458149742475112,0,g0004.png
0.9999999795918372,0.9999999795918372,0.9999999795918372,0.384615374753452,0.4808963070995156,0.1560832127569944,0.0416539128649715,0.8722466921927459,0.8722466921927459,0,x0803.png
0.9999999615384628,0.9999999714285724,0.9999999664835176,0.9999999090909174,0.4819077668128413,0.1595692927030144,0.0626221333738545,0.9295154144074212,0.9295154144074212,0,v0680.png
0.9999999729729736,0.9999999545454564,0.9999999637592152,0.3756345158597233,0.4565562162405223,0.2410547986495879,0.0884588626326764,0.8678414058685401,0.8678414058685401,0,zb0019.png
0.25,0.25,0.25,4.681817969008274,0.5975549567834272,0.2503233600939749,0.079309934560873,0.9030836964621864,0.9030836964621864,0,n0288.png
0.9999999756097568,0.9999999777777784,0.9999999766937676,2.8666664755555686,0.4018355711849957,0.1633292013663976,0.0716564272190555,0.8105726836538648,0.8105726836538648,0,zc1038.png
0.9999999642857156,0.9999999642857156,0.9999999642857156,0.6640624948120117,0.3690018176896005,0.2804361430460721,0.1423537146576632,0.8590308332201285,0.8590308332201285,0,a0227.png
0.999999958333335,0.999999972222223,0.999999965277779,0.6923076390532585,0.511269525646168,0.1670582274857618,0.0820451843024085,0.8942731238137748,0.8942731238137748,0,v0196.png
0.9999999705882362,0.9999999761904768,0.9999999733893564,0.5454545355371903,0.4055616210819032,0.2114710895424766,0.065395705605515,0.8325991152748937,0.8325991152748937,1,ZC0607.png
0.9999999696969708,0.9999999696969708,0.9999999696969708,3.5599998576000056,0.5797994313836035,0.1938901548284893,0.0766731992784592,0.850220260571717,0.850220260571717,0,w0670.png
0.25,0.25,0.25,0.4329268266284949,0.3665564000909068,0.1669571227280791,0.0614883462523297,0.8766519785169516,0.8766519785169516,1,ZB0330.png
0.9999999729729736,0.9999999729729736,0.9999999729729736,0.5964912245819227,0.3228189949566908,0.2244807993110712,0.0375336409064414,0.8986784101379806,0.8986784101379806,0,e0771.png
0.25,0.25,0.25,0.8428571308163267,0.5144882494746749,0.2322350634053885,0.1121104536459668,0.8590308332201285,0.8590308332201285,1,T0331.png
0.25,0.25,0.25,0.3538461520315582,0.4332743937811811,0.1919848686529859,0.0469953977633926,0.8590308332201285,0.8590308332201285,1,G0326.png
0.9999999500000024,0.9999999500000024,0.9999999500000024,0.6666665555555741,0.501006940189952,0.150712593622222,0.1007851305718979,0.3480176196122572,0.3480176196122572,0,x0178.png
0.9999999545454564,0.9999999736842112,0.999999964114834,0.7777777669753089,0.5395453079190861,0.2335406973435803,0.1060235318589644,0.8634361195443343,0.8634361195443343,1,T0544.png
0.25,0.25,0.25,1.788461504068048,0.4732314126527163,0.2402712804940579,0.1085463842188883,0.8149779699780706,0.8149779699780706,0,za0928.png
0.9999999830508478,0.9999999821428576,0.9999999825968526,2.043478172022688,0.5677211899849104,0.1991867989212629,0.0510624002673199,0.8325991152748937,0.8325991152748937,1,L0115.png
0.9999999767441866,0.9999999767441866,0.9999999767441866,1.3648648464207451,0.3854171732305209,0.1494147756000186,0.039033687284002,0.8854625511653632,0.8854625511653632,1,W0682.png
0.9999999729729736,0.99999997826087,0.999999975616922,0.369696967456382,0.3961690713544816,0.1608455386684354,0.0590326985993189,0.8678414058685401,0.8678414058685401,1,ZB1057.png
0.9999999615384628,0.9999999736842112,0.9999999676113372,0.4181818156473829,0.4358743497398959,0.2115877310508483,0.090379008744003,0.8634361195443343,0.8634361195443343,0,u0111.png
0.999999972222223,0.999999972222223,0.999999972222223,0.3333333314814815,0.396802817371902,0.1675451963120776,0.0618217461303222,0.911894269110598,0.911894269110598,1,ZB1154.png
0.9999999767441866,0.9999999787234048,0.9999999777337956,2.874999820312511,0.3972593179417534,0.1619598933928533,0.072034857399501,0.8281938289506879,0.8281938289506879,0,zc1580.png
0.25,0.25,0.25,0.2641509384122464,0.4085678980272251,0.1349703061545338,0.0483632216251701,0.8942731238137748,0.8942731238137748,1,X1605.png
0.9999999750000008,0.9999999750000008,0.9999999750000008,0.98749998765625,0.502397897934684,0.2447957750323521,0.1365837151151451,0.8634361195443343,0.8634361195443343,1,T0944.png
0.25,0.25,0.25,0.3749999765625014,0.5165713372150287,0.1599264784444304,0.0436555121443457,0.8942731238137748,0.8942731238137748,0,x0521.png
0.25,0.25,0.25,0.7708333253038195,0.300184083436372,0.1473641546695398,0.0479545668760497,0.907488982786392,0.907488982786392,1,A1023.png
0.99999997826087,0.9999999791666672,0.9999999787137686,0.6716417810202719,0.4706869652231994,0.2415437209860164,0.0473220373210948,0.8766519785169516,0.8766519785169516,1,F0358.png
0.9999999642857156,0.9999999642857156,0.9999999642857156,0.2499999967105263,0.4566370425721309,0.1975022018960265,0.0678623490194746,0.8634361195443343,0.8634361195443343,1,N0086.png
0.999999956521741,0.999999956521741,0.999999956521741,0.5963855385759907,0.3478733662631464,0.1925172604687209,0.0360932557893048,0.8722466921927459,0.8722466921927459,1,O1491.png
0.9999999767441866,0.9999999767441866,0.9999999767441866,0.7051281960881001,0.3735696319344064,0.1426935046693502,0.0293367346931138,0.8634361195443343,0.8634361195443343,1,W1118.png
0.999999958333335,0.999999974358975,0.999999966346155,0.3076922958579886,0.4897789215686274,0.1378414419531135,0.0401749999989956,0.8810572648411574,0.8810572648411574,0,k0028.png
0.25,0.25,0.25,0.1794871748849442,0.4271472699037323,0.1615839970390147,0.0497885428669312,0.8986784101379806,0.8986784101379806,1,B0128.png
0.25,0.25,0.25,0.2268041213731534,0.3390214283856589,0.1314913483373521,0.0450464238331536,0.8722466921927459,0.8722466921927459,1,S0221.png
0.999999958333335,0.999999958333335,0.999999958333335,0.6428571336734695,0.5195306669380555,0.2299002454154343,0.1077950788132498,0.8986784101379806,0.8986784101379806,1,T0056.png
0.25,0.25,0.25,0.5272727176859506,0.1825219743069641,0.0821952132276926,0.0535077288782676,0.2555066068039356,0.2555066068039356,1,E0304.png
0.999999958333335,0.9999999767441866,0.9999999675387607,0.711267600624876,0.2308042268415992,0.083055502977414,0.021410361129145,0.8854625511653632,0.8854625511653632,1,M0380.png
0.9999999777777784,0.9999999807692312,0.9999999792735048,0.5895953723144777,0.3221257284151645,0.2290306420886547,0.0410659361774061,0.8986784101379806,0.8986784101379806,0,e0087.png
0.9999999772727278,0.9999999803921572,0.9999999788324424,0.3611111010802472,0.4305373001154344,0.1356727190798938,0.0469850015292576,0.8722466921927459,0.8722466921927459,1,X0050.png
0.9999999615384628,0.9999999615384628,0.9999999615384628,0.3333333240740743,0.5835396362267881,0.2199269304354731,0.1044629436898929,0.8193832563022764,0.8193832563022764,0,r0170.png
0.25,0.25,0.25,1.5238094996220717,0.4715351692608185,0.251505356673085,0.1056714454070428,0.8414096879233054,0.8414096879233054,0,za0564.png
0.9999999836065576,0.9999999836065576,0.9999999836065576,0.817204292288126,0.3041252618965459,0.1579407281034225,0.0612113561530355,0.8854625511653632,0.8854625511653632,1,A0770.png
0.9999999756097568,0.9999999767441866,0.9999999761769716,1.0444444212345685,0.3816591084301198,0.1433026732777827,0.0324234236500991,0.8766519785169516,0.8766519785169516,1,W0874.png
0.9999999777777784,0.9999999777777784,0.9999999777777784,0.6024844683075499,0.3112292360881009,0.2049286924181375,0.0623605058969507,0.8546255468959227,0.8546255468959227,0,y1449.png
0.9999999756097568,0.9999999756097568,0.9999999756097568,0.6447368378635735,0.3953412486625156,0.2029538883734564,0.0661406969081882,0.8590308332201285,0.8590308332201285,0,q0253.png
0.9999999846153848,0.9999999846153848,0.9999999846153848,0.7777777699214367,0.3121409125437337,0.1490807381381294,0.0512536525579401,0.907488982786392,0.907488982786392,1,A0442.png
0.9999999677419364,0.999999958333335,0.9999999630376356,0.7068965456302022,0.4063378886908299,0.2922498776746496,0.1327160493793308,0.8722466921927459,0.8722466921927459,0,a0124.png
0.25,0.25,0.25,0.2567567532870709,0.4549409652804408,0.2042552494304542,0.0652425983646772,0.8678414058685401,0.8678414058685401,1,N0151.png
0.999999985714286,0.999999985714286,0.999999985714286,1.0394736705332412,0.4155725206584935,0.2057485636170609,0.0860223537123991,0.8590308332201285,0.8590308332201285,1,P0588.png
0.999999958333335,0.9999999814814818,0.9999999699074084,0.1585365834324807,0.3951324424583566,0.1707545985778403,0.0279327976617112,0.8149779699780706,0.8149779699780706,0,b0104.png
0.9999999761904768,0.9999999761904768,0.9999999761904768,0.4406779586325769,0.3981986579554868,0.1366845514920935,0.0483285952345767,0.889867837489569,0.889867837489569,1,X1630.png
0.9999999705882362,0.9999999705882362,0.9999999705882362,0.6901408402102758,0.2831402969351005,0.1426415556631969,0.0213973344434246,0.8634361195443343,0.8634361195443343,1,W0238.png
0.9999999791666672,0.9999999791666672,0.9999999791666672,0.5847953182175712,0.3037885258393653,0.2244661846499998,0.0476250599720303,0.8766519785169516,0.8766519785169516,0,e0005.png
0.25,0.25,0.25,0.6965517193341261,0.2334612523570353,0.0781504702143809,0.0193853543765467,0.889867837489569,0.889867837489569,1,M0296.png
0.999999958333335,0.9999999767441866,0.9999999675387607,0.2444444390123458,0.3999218952304301,0.1589360000867609,0.0467578822118558,0.9030836964621864,0.9030836964621864,1,X0732.png
0.9999999655172426,0.9999999767441866,0.9999999711307146,3.3684208753462697,0.6082356483883807,0.2452847954117615,0.0880805611625018,0.8546255468959227,0.8546255468959227,0,n0217.png
0.9999999777777784,0.9999999787234048,0.9999999782505916,0.8999999871428573,0.3832811935006007,0.1464134550759303,0.0316002379528471,0.9030836964621864,0.9030836964621864,1,W0636.png
0.9999999777777784,0.9999999777777784,0.9999999777777784,0.5344827494054699,0.4135687993239663,0.2188609980159042,0.064251278303455,0.8149779699780706,0.8149779699780706,1,ZC0400.png
0.9999999833333336,0.9999999833333336,0.9999999833333336,0.7789473602216067,0.2957887254901961,0.1449968933358149,0.0668999999983275,0.8810572648411574,0.8810572648411574,1,A0903.png
0.9999999666666678,0.9999999666666678,0.9999999666666678,0.8442622881617845,0.3718212548553032,0.2825658434175268,0.1236644854223994,0.9030836964621864,0.9030836964621864,0,a0388.png
0.9999999687500012,0.9999999545454564,0.9999999616477288,0.7499998125000469,0.6516354352358589,0.1935263013419827,0.0468462282685669,0.7885462520328359,0.7885462520328359,1,K0456.png
0.9999999750000008,0.9999999777777784,0.9999999763888896,0.4216867444476702,0.4506004753328276,0.2180693018898651,0.0900720279178715,0.8854625511653632,0.8854625511653632,0,u0432.png
0.25,0.25,0.25,1.7924527963688153,0.4491986312530552,0.2214972472755876,0.0914958448728117,0.8370044015990996,0.8370044015990996,0,za0026.png
0.999999956521741,0.9999999761904768,0.999999966356109,0.230769226331361,0.4052104527149091,0.134530852550253,0.0478522599722514,0.8722466921927459,0.8722466921927459,1,X1376.png
0.9999999761904768,0.9999999666666678,0.9999999714285724,0.1176470565167243,0.4846129128314147,0.1303682675406565,0.0470492118404688,0.8986784101379806,0.8986784101379806,0,j0675.png
0.9999999736842112,0.9999999736842112,0.9999999736842112,1.8431372187620156,0.492110154708456,0.2451641657704027,0.1081529354540263,0.8237885426264822,0.8237885426264822,0,za0786.png
0.25,0.25,0.25,1.7017543561095727,0.4711476923449451,0.2417035893123034,0.1079760530455052,0.850220260571717,0.850220260571717,0,za0393.png
0.9999999545454564,0.9999999615384628,0.9999999580419596,0.4444444279835396,0.5851011034615987,0.1854073024505907,0.0544541240977831,0.8942731238137748,0.8942731238137748,0,d0860.png
0.9999999800000005,0.9999999750000008,0.9999999775000006,0.4545454442148763,0.4791207449180106,0.1591809910862589,0.0456119627360301,0.850220260571717,0.850220260571717,0,x0850.png
0.9999999500000024,0.999999974358975,0.9999999621794888,0.3645833314344618,0.3635707082312091,0.1370478836911031,0.0372721354156556,0.8458149742475112,0.8458149742475112,1,U0299.png
0.999999956521741,0.9999999750000008,0.9999999657608708,0.4999999974226804,0.3896769676092352,0.2017530502617505,0.0696141991691568,0.8546255468959227,0.8546255468959227,0,q0326.png
0.9999999615384628,0.9999999756097568,0.99999996857411,0.5187165747662216,0.3623229785350205,0.1772943841469192,0.0531289430574477,0.850220260571717,0.850220260571717,1,U0518.png
0.9999999787234048,0.9999999787234048,0.9999999787234048,0.586826343791459,0.2816867563351871,0.1875917574313599,0.0578665139510134,0.8634361195443343,0.8634361195443343,0,y1314.png
0.9999999615384628,0.9999999615384628,0.9999999615384628,0.607361959464037,0.3296987502275678,0.2325124974953209,0.0413223140485327,0.8722466921927459,0.8722466921927459,0,e0431.png
0.9999999655172426,0.9999999600000016,0.999999962758622,0.9999997500000624,0.605960023257284,0.1895143316668521,0.059529509398336,0.7797356793844243,0.7797356793844243,1,K0004.png
0.25,0.25,0.25,2.4499999387500018,0.4425303794987382,0.2104368224347354,0.0666128696359169,0.8634361195443343,0.8634361195443343,1,N0558.png
0.25,0.25,0.25,0.5210526288365651,0.2581925413773304,0.129796941340935,0.0431333537383141,0.8722466921927459,0.8722466921927459,1,ZB0732.png
0.9999999687500012,0.9999999687500012,0.9999999687500012,0.4685714258938775,0.4616870252958304,0.2483474414112058,0.099770671748827,0.8678414058685401,0.8678414058685401,0,zb0649.png
0.9999999642857156,0.9999999714285724,0.9999999678571438,0.1833333302777778,0.4850126245776943,0.1591295673787846,0.058017564743424,0.9295154144074212,0.9295154144074212,0,v0825.png
0.999999958333335,0.9999999761904768,0.999999967261906,0.5024390219393219,0.318396379372689,0.1879187067341804,0.0407852468758885,0.9030836964621864,0.9030836964621864,1,U0107.png
0.9999999642857156,0.9999999642857156,0.9999999642857156,0.5025906709710328,0.2663808319107395,0.1324358975988428,0.0450750355702146,0.850220260571717,0.850220260571717,0,h0592.png
0.999999958333335,0.999999958333335,0.999999958333335,0.8082191670106964,0.5374316347683653,0.2343882325645799,0.1055940632300344,0.8678414058685401,0.8678414058685401,1,T0593.png
0.9999999807692312,0.9999999807692312,0.9999999807692312,0.4008810555027266,0.344753515914701,0.1769600252921687,0.056046109956412,0.9999999955947136,0.9999999955947136,1,ZB0631.png
0.25,0.25,0.25,0.4493392050689903,0.3362423367918845,0.1703712016973925,0.0543771468482916,0.9999999955947136,0.9999999955947136,1,ZB0675.png
0.9999999800000005,0.9999999800000005,0.9999999800000005,0.7322834588009176,0.3340645750727161,0.1925904979740484,0.0367094461776879,0.8193832563022764,0.8193832563022764,0,l0253.png
0.9999999761904768,0.9999999761904768,0.9999999761904768,0.3367875630218261,0.4436910268416207,0.1905572631600877,0.0480281349822001,0.850220260571717,0.850220260571717,1,G0457.png
0.9999999787234048,0.9999999787234048,0.9999999787234048,0.3571428316326549,0.5283311426805187,0.1605505646209941,0.0446893174154502,0.8722466921927459,0.8722466921927459,0,x0672.png
0.9999999666666678,0.9999999666666678,0.9999999666666678,2.341463357525284,0.2441437417597449,0.1491500849723413,0.060140895258898,0.8414096879233054,0.8414096879233054,1,H0665.png
0.25,0.25,0.25,0.5981308355314875,0.3912423471172059,0.2057340780340779,0.0909024727585987,0.8942731238137748,0.8942731238137748,1,Q0285.png
0.9999999830508478,0.9999999795918372,0.9999999813213424,0.594339617034532,0.3927343901272585,0.2043585201731726,0.0792861392009688,0.9030836964621864,0.9030836964621864,1,Q0294.png
0.9999999600000016,0.9999999729729736,0.9999999664864876,0.4161849686925724,0.3424059803921568,0.1618618402166783,0.0676499999983087,0.8810572648411574,0.8810572648411574,1,ZB0068.png
0.9999999655172426,0.9999999756097568,0.9999999705634997,2.4615383984220927,0.4704436529141412,0.2037849628209071,0.0544392971668967,0.8414096879233054,0.8414096879233054,0,g0067.png
0.9999999600000016,0.9999999677419364,0.999999963870969,0.1454545428099174,0.5519165135497386,0.1868878947019495,0.0462596197361289,0.8281938289506879,0.8281938289506879,0,d0571.png
0.9999999615384628,0.9999999767441866,0.9999999691413248,0.2222222172839507,0.4072533257985088,0.1409975492657204,0.0488187432592682,0.889867837489569,0.889867837489569,1,X0592.png
0.25,0.25,0.25,0.3399999932000001,0.4874531445231154,0.1609146936089103,0.0490680966251283,0.8634361195443343,0.8634361195443343,0,x1461.png
0.999999956521741,0.9999999761904768,0.999999966356109,0.6666666222222252,0.4499542625517149,0.1347284063164281,0.057947676723892,0.911894269110598,0.911894269110598,1,J0054.png
0.9999999714285724,0.9999999729729736,0.9999999722007732,0.3499999975,0.4524015300675656,0.1976369697180877,0.0558375634503378,0.8678414058685401,0.8678414058685401,0,s0043.png
0.25,0.25,0.25,0.2340425482118606,0.4099132773209911,0.1381560793778871,0.0418004986401518,0.9295154144074212,0.9295154144074212,1,X1410.png
0.9999999629629645,0.999999972222223,0.9999999675925936,0.1904761882086168,0.417329070301135,0.1270349980632052,0.0519965460091951,0.911894269110598,0.911894269110598,1,J0476.png
0.999999974358975,0.9999999767441866,0.9999999755515808,1.076086944825142,0.3561512330674541,0.1310244251380861,0.0248188960303841,0.8722466921927459,0.8722466921927459,1,W0208.png
0.9999999761904768,0.9999999761904768,0.9999999761904768,0.6149068284788396,0.3168686867155839,0.2126814045759316,0.077353191268073,0.8678414058685401,0.8678414058685401,0,y0762.png
0.25,0.25,0.25,2.076922917159776,0.764971368825105,0.2975330028990794,0.126369612852407,0.8149779699780706,0.8149779699780706,1,ZA0961.png
0.9999999545454564,0.9999999818181822,0.9999999681818194,0.2714285675510204,0.456492917180845,0.2093044851094441,0.0305070930926176,0.9999999955947136,0.9999999955947136,0,b0193.png
0.9999999761904768,0.999999974358975,0.999999975274726,0.7749999903125001,0.3823296491692899,0.150358778947194,0.0356601087531643,0.911894269110598,0.911894269110598,1,W0997.png
0.25,0.25,0.25,0.798387090335588,0.3056802927272327,0.2057213038052878,0.0632078359334963,0.8722466921927459,0.8722466921927459,1,E0075.png
0.9999999761904768,0.9999999761904768,0.9999999761904768,0.5683060078234644,0.3233161293363499,0.1763437193286998,0.0310882026620033,0.9162995554348036,0.9162995554348036,1,O1280.png
0.9999999687500012,0.9999999795918372,0.9999999741709192,0.6011904726119615,0.3223927488846729,0.2295926562990649,0.0401431232222296,0.889867837489569,0.889867837489569,0,e0229.png
0.25,0.25,0.25,0.6884057921130016,0.2593739827892748,0.1239363163119404,0.0281347106736055,0.8325991152748937,0.8325991152748937,1,Y0358.png
0.9999999750000008,0.9999999761904768,0.9999999755952388,0.4133333278222223,0.4211190100182734,0.2254093777018751,0.0603286582105672,0.8325991152748937,0.8325991152748937,1,ZC0011.png
0.25,0.25,0.25,1.0816326420241569,0.2431890480412195,0.0860616820900326,0.0236966824639227,0.9295154144074212,0.9295154144074212,1,M0104.png
0.9999999777777784,0.9999999777777784,0.9999999777777784,0.3499999912500002,0.4313451960784313,0.1399584920259805,0.0466499999988337,0.8810572648411574,0.8810572648411574,1,X0052.png
0.25,0.25,0.25,0.4186046414277991,0.375431568627451,0.1306093812884279,0.0427749999989306,0.8810572648411574,0.8810572648411574,1,X0261.png
0.9999999600000016,0.999999956521741,0.9999999582608712,0.3333333148148158,0.502727748507044,0.1662298768533786,0.0642155501107493,0.8766519785169516,0.8766519785169516,0,v0050.png
0.999999981132076,0.999999981132076,0.999999981132076,0.7537313376587214,0.2210042364511459,0.075780789435516,0.0208410682898729,0.8854625511653632,0.8854625511653632,1,M0782.png
0.9999999615384628,0.9999999761904768,0.9999999688644698,0.4999999750000012,0.4934910980133405,0.1549674136918834,0.041120746534991,0.907488982786392,0.907488982786392,0,x0884.png
0.9999999756097568,0.99999997826087,0.9999999769353134,0.7661290260796046,0.3840848043306282,0.2701526018797412,0.0965281686022137,0.9999999955947136,0.9999999955947136,0,c0383.png
0.9999999756097568,0.9999999800000005,0.9999999778048786,0.6084337312744956,0.3398820937746153,0.2346603667755842,0.0472760575221584,0.8854625511653632,0.8854625511653632,0,e0109.png
0.9999999687500012,0.9999999687500012,0.9999999687500012,0.7322834588009176,0.3856117908166707,0.2830685619370705,0.1323234573368896,0.8854625511653632,0.8854625511653632,0,a0567.png
0.99999997826087,0.99999997826087,0.99999997826087,0.8303571354432399,0.2342663438366443,0.0765746329837805,0.0204358885414372,0.8193832563022764,0.8193832563022764,1,M0352.png
0.25,0.25,0.25,0.693430651872769,0.2663619082749698,0.1267194810902037,0.0288625738353108,0.8325991152748937,0.8325991152748937,1,Y0108.png
0.9767441633315312,0.9767441633315312,0.9767441633315312,0.3103448222354341,0.4221024509803922,0.1390001629136911,0.0471749999988206,0.8810572648411574,0.8810572648411574,1,X0076.png
0.9999999848484852,0.9999999848484852,0.9999999848484852,0.8163265222823824,0.3168887414433229,0.1573318883485946,0.0561667899395301,0.9162995554348036,0.9162995554348036,1,A0550.png
0.25,0.25,0.25,0.3910891069748064,0.2700225468091363,0.1280866319639033,0.0360013724135868,0.889867837489569,0.889867837489569,1,ZB0586.png
0.99999997826087,0.9999999750000008,0.9999999766304354,0.5079365039052659,0.4084781372549019,0.2447253560405763,0.1130499999971737,0.8810572648411574,0.8810572648411574,0,c0346.png
0.9999999687500012,0.9999999756097568,0.9999999721798788,0.7727272668732783,0.3150436106776428,0.2356761142868945,0.1092128027655418,0.8986784101379806,0.8986784101379806,1,C0295.png
0.9999999767441866,0.9999999767441866,0.9999999767441866,1.7692307352071013,0.4945708931020423,0.2367497848128524,0.113687381849194,0.8105726836538648,0.8105726836538648,0,za0603.png
0.9999999761904768,0.9999999729729736,0.9999999745817252,0.4999998750000312,0.4866373728754044,0.1670042035196357,0.0254064778781878,0.8678414058685401,0.8678414058685401,0,i0518.png
0.25,0.25,0.25,2.5789473005540184,0.4556634824870119,0.2072945262167888,0.0658514135419894,0.8590308332201285,0.8590308332201285,1,N0643.png
0.9999999523809546,0.9782608482986772,0.989130400339816,0.2222222191358025,0.5629803962401287,0.2338482600671378,0.0840535193647424,0.8634361195443343,0.8634361195443343,0,n0943.png
0.25,0.25,0.25,0.4666666355555576,0.431845771549617,0.1497843931773506,0.0463988919587259,0.3348017606396398,0.3348017606396398,0,i0550.png
0.999999982758621,0.999999982758621,0.999999982758621,3.0967740936524484,0.5358100456267593,0.2036170720948606,0.0535621282296657,0.8414096879233054,0.8414096879233054,1,L0560.png
0.999999958333335,0.9999999795918372,0.999999968962586,3.2941174532872086,0.5647699744717831,0.1992644233800047,0.0463711911344495,0.8370044015990996,0.8370044015990996,1,L0265.png
0.25,0.25,0.25,0.8020833249782987,0.3154572649511648,0.1568184758625805,0.0576573078682409,0.8942731238137748,0.8942731238137748,1,A0184.png
0.9999999767441866,0.9999999777777784,0.9999999772609824,0.8225806385275755,0.3225941030395511,0.2135195665832938,0.0543327913792052,0.8942731238137748,0.8942731238137748,1,E0395.png
0.25,0.25,0.25,1.0102040713244482,0.355597868164713,0.1371343365753928,0.0194367921635691,0.8722466921927459,0.8722466921927459,1,W0250.png
0.9999999729729736,0.999999956521741,0.9999999647473574,0.2307692248520712,0.4678984112135979,0.179082020070137,0.0654123520694939,0.9162995554348036,0.9162995554348036,0,v0153.png
0.25,0.25,0.25,0.1063829764599366,0.5101213518068447,0.1459242451223529,0.0451396301103235,0.9999999955947136,0.9999999955947136,0,j0275.png
0.25,0.25,0.25,0.8282828199163351,0.3576448670251931,0.1222936626735666,0.0241999650677443,0.9999999955947136,0.9999999955947136,1,I1265.png
0.9999999545454564,0.9999999772727278,0.999999965909092,0.1911764677768166,0.4314302177742007,0.1310031405123476,0.0543486020213123,0.9030836964621864,0.9030836964621864,1,J0228.png
0.25,0.25,0.25,0.3636363305785154,0.4470664828431372,0.1552528493562738,0.0656738281089663,0.2819383247491703,0.2819383247491703,0,i0158.png
0.9999999767441866,0.9999999767441866,0.9999999767441866,0.8620689580856125,0.3214714819540604,0.2128085102648697,0.0588116461690661,0.8766519785169516,0.8766519785169516,1,E0428.png
0.9999999687500012,0.9999999687500012,0.9999999687500012,0.7426470533628893,0.3629529784661635,0.2796842439095764,0.1235173022222449,0.889867837489569,0.889867837489569,0,a0644.png
0.9999999736842112,0.9999999736842112,0.9999999736842112,0.4999999937500001,0.455289351700186,0.1661368512712333,0.0770277963397681,0.8854625511653632,0.8854625511653632,1,R0214.png
0.9999999772727278,0.9999999772727278,0.9999999772727278,0.6139240467473162,0.3083733971854232,0.2027775546501266,0.0776118609821019,0.8546255468959227,0.8546255468959227,0,y0645.png
0.25,0.25,0.25,0.2599999948000001,0.4148009738972878,0.1380728747510771,0.0493581499175093,0.8942731238137748,0.8942731238137748,1,X1729.png
0.25,0.25,0.25,0.6874999570312527,0.3981373449287888,0.1302501217154482,0.0700183654568369,0.290748897397582,0.290748897397582,0,i0483.png
0.9999999729729736,0.9999999714285724,0.9999999722007732,0.8260869475425332,0.3546438086761252,0.130611785606171,0.020339354732043,0.8414096879233054,0.8414096879233054,1,W0530.png
0.9999999761904768,0.9999999767441866,0.9999999764673316,0.2352941130334487,0.4104376104079015,0.1338665811214943,0.0536679930605635,0.8722466921927459,0.8722466921927459,1,X1620.png
0.9999999696969708,0.9999999736842112,0.999999971690591,0.4183673448042482,0.4433220226866257,0.237876672844793,0.0811380674697746,0.8634361195443343,0.8634361195443343,0,zb0738.png
0.999999985714286,0.999999985714286,0.999999985714286,0.8383838299153149,0.3113047355987783,0.1466917945560834,0.0676404274074198,0.889867837489569,0.889867837489569,1,A0220.png
0.9999999655172426,0.9999999824561407,0.9999999739866916,0.4999999791666675,0.441892876617355,0.1929016462350693,0.0279648353348994,0.9999999955947136,0.9999999955947136,0,b0303.png
0.999999974358975,0.99999997826087,0.9999999763099224,0.5706214657027036,0.3201984419915833,0.1784394956873605,0.0325239474262388,0.8854625511653632,0.8854625511653632,1,O0623.png
0.25,0.25,0.25,0.3786407748609671,0.3257325910852605,0.1638058944808022,0.0559195023080422,0.907488982786392,0.907488982786392,1,ZB0778.png
0.25,0.25,0.25,0.791666658420139,0.2894323008632704,0.1442248121473638,0.0595015651906257,0.8942731238137748,0.8942731238137748,1,A0950.png
0.999999972222223,0.999999974358975,0.9999999732905992,0.8888888790123458,0.3647797243815343,0.1351788787526658,0.0270085470078367,0.8590308332201285,0.8590308332201285,1,W0468.png
0.9999999761904768,0.999999981132076,0.9999999786612764,0.5147058747837372,0.4893252952173514,0.2841542710400463,0.0825360476608795,0.9999999955947136,0.9999999955947136,0,c0289.png
0.25,0.25,0.25,0.7692307100591762,0.5644298535740826,0.1865477653472386,0.0501093294447597,0.8634361195443343,0.8634361195443343,0,d0899.png
0.9999999772727278,0.99999997826087,0.9999999777667988,3.499999708333358,0.4044259929943553,0.1636537248687351,0.0702336355037251,0.8237885426264822,0.8237885426264822,0,zc0012.png
0.9999999615384628,0.9999999615384628,0.9999999615384628,0.3975903566555379,0.4782860999251851,0.2009093691194852,0.0800484836221295,0.8766519785169516,0.8766519785169516,1,R0258.png
0.25,0.25,0.25,0.588235259515573,0.5626277630733959,0.1867113982346399,0.049382716048123,0.8722466921927459,0.8722466921927459,0,d0732.png
0.9999999777777784,0.99999997826087,0.9999999780193244,0.289473676592798,0.4054742812837934,0.1640908403907752,0.072811885765036,0.8193832563022764,0.8193832563022764,0,zc0948.png
0.9999999756097568,0.9999999736842112,0.999999974646984,0.5445026149502481,0.3174286097575124,0.1932522953148794,0.0438239644960284,0.9162995554348036,0.9162995554348036,0,o0198.png
0.9999999787234048,0.99999997826087,0.9999999784921374,0.5367647019355537,0.3922168496120509,0.1955842667634089,0.0781168782931581,0.8854625511653632,0.8854625511653632,1,Q0612.png
0.25,0.25,0.25,1.051546380911893,0.2423016034556844,0.0834734404511886,0.0205209534789378,0.8986784101379806,0.8986784101379806,1,M0059.png
0.25,0.25,0.25,0.7058823114186875,0.5675180392156862,0.2301194603959055,0.0792749999980181,0.8810572648411574,0.8810572648411574,0,n1032.png
0.9999999714285724,0.9999999729729736,0.9999999722007732,0.5280898846736524,0.4464818399208997,0.2407091333999086,0.0832281171871672,0.8678414058685401,0.8678414058685401,0,zb0231.png
0.9999999791666672,0.9999999772727278,0.9999999782196975,0.333333324786325,0.401000784401552,0.1626426305013211,0.0655076845534697,0.8325991152748937,0.8325991152748937,0,zc1424.png
0.9999999687500012,0.9999999729729736,0.9999999708614874,0.1851851783264748,0.4832053759104196,0.1596677726754053,0.0720526719617818,0.8854625511653632,0.8854625511653632,0,v0791.png
0.999999974358975,0.9999999600000016,0.9999999671794884,0.759689916591551,0.3616866134208785,0.2730202201532494,0.1263536026622669,0.8634361195443343,0.8634361195443343,0,a0969.png
0.9999999848484852,0.9999999848484852,0.9999999848484852,0.7789473602216067,0.3052981157172211,0.157744366503988,0.0547250269568001,0.889867837489569,0.889867837489569,1,A0748.png
0.25,0.25,0.25,0.2666666631111111,0.4604922581277409,0.2027571842739363,0.0659100374826658,0.8634361195443343,0.8634361195443343,1,N1018.png
0.9999999696969708,0.999999972222223,0.9999999709595968,1.2333332922222235,0.5993047634566291,0.1944612813070346,0.0703324099703509,0.8370044015990996,0.8370044015990996,1,V0248.png
0.999999974358975,0.999999974358975,0.999999974358975,1.745454513719009,0.4663863165945636,0.2348969796073407,0.0974753981497909,0.8414096879233054,0.8414096879233054,0,za0918.png
0.9999999777777784,0.9999999777777784,0.9999999777777784,0.6551724100277447,0.3665607677991338,0.2084333465006573,0.0287605037934219,0.9999999955947136,0.9999999955947136,1,O1363.png
0.25,0.25,0.25,0.4999999974226804,0.1506577973946513,0.120283947861053,0.0311935381009885,0.8546255468959227,0.8546255468959227,1,H0090.png
0.9999999729729736,0.9999999750000008,0.9999999739864872,0.4999998750000312,0.4768795828580739,0.115888925895146,0.0373684210515964,0.8370044015990996,0.8370044015990996,0,k0217.png
0.9999999714285724,0.9999999600000016,0.999999965714287,1.1739129924385654,0.6321285101298136,0.1807905728585442,0.069002770081191,0.8370044015990996,0.8370044015990996,1,V0349.png
0.9999999848484852,0.9999999848484852,0.9999999848484852,0.7978723319375284,0.320752859005963,0.1658308909541334,0.0586072664345778,0.8986784101379806,0.8986784101379806,1,A0671.png
0.25,0.25,0.25,0.8350515377829738,0.2904756617472006,0.1368890536966608,0.0632333435347609,0.8722466921927459,0.8722466921927459,1,A1240.png
0.25,0.25,0.25,0.6874999570312527,0.3913028322440087,0.1349655519392652,0.0719444444244598,0.2643171794523472,0.2643171794523472,0,i1014.png
0.9999999705882362,0.9999999767441866,0.9999999736662114,0.5499999969444445,0.4500603179747565,0.2377998296286836,0.0852464034260471,0.8722466921927459,0.8722466921927459,0,zb0363.png
0.9999999655172426,0.9999999655172426,0.9999999655172426,0.5895953723144777,0.3087087867251538,0.2186539505145219,0.0388264699449434,0.8942731238137748,0.8942731238137748,0,e0960.png
0.9999999756097568,0.9999999756097568,0.9999999756097568,0.4355828194136023,0.3457034200925604,0.1526326836072247,0.0626955950016385,0.8590308332201285,0.8590308332201285,1,ZB1578.png
0.25,0.25,0.25,0.1749999978125,0.4351160409493234,0.1376875942411676,0.0583702516717322,0.907488982786392,0.907488982786392,1,J0301.png
0.9999999777777784,0.9999999777777784,0.9999999777777784,0.4266666609777779,0.4143157609064387,0.2211456166204287,0.071062941460406,0.8237885426264822,0.8237885426264822,1,ZC0366.png
0.25,0.25,0.25,0.2533333299555556,0.4603094455402148,0.2005611205307605,0.0684549638377789,0.8590308332201285,0.8590308332201285,1,N0993.png
0.9999999750000008,0.9999999729729736,0.9999999739864872,0.775999993792,0.3647012400022983,0.2684547361637275,0.0890954608067477,0.9999999955947136,0.9999999955947136,0,c0397.png
0.9999999696969708,0.9999999756097568,0.9999999726533636,0.2291666642795139,0.3354566660864938,0.1398867659730308,0.0539485766744733,0.8722466921927459,0.8722466921927459,1,S0161.png
0.999999956521741,0.9999999600000016,0.9999999582608712,0.7557251850708001,0.3114768708895602,0.2346047586011255,0.1121904712795436,0.8678414058685401,0.8678414058685401,1,C0288.png
0.9999999767441866,0.9999999545454564,0.9999999656448216,0.9999997500000624,0.6640651174049866,0.1980339031940143,0.0570679012328065,0.7929515383570417,0.7929515383570417,1,K0319.png
0.9999999714285724,0.999999958333335,0.9999999648809536,1.0531914781575376,0.357500862696595,0.1298293809082516,0.0280347342104142,0.8678414058685401,0.8678414058685401,1,W0189.png
0.9999999705882362,0.999999982758621,0.9999999766734288,0.6121212084113866,0.3091309771629463,0.2186231034332523,0.0414175080864273,0.889867837489569,0.889867837489569,0,e0151.png
0.9999999772727278,0.9999999714285724,0.99999997435065,0.5754189911987766,0.3443186711924508,0.2188851414498221,0.0477096966080259,0.9030836964621864,0.9030836964621864,0,o0660.png
0.9999999629629645,0.9999999629629645,0.9999999629629645,0.698275856049346,0.3812180638508142,0.2871435468740282,0.1305186267310294,0.8149779699780706,0.8149779699780706,0,a1061.png
0.9999999687500012,0.9999999687500012,0.9999999687500012,0.4444444197530878,0.5705018531883209,0.1865709125857516,0.0456925018109025,0.850220260571717,0.850220260571717,0,d0202.png
0.9999999761904768,0.9999999761904768,0.9999999761904768,0.8888888790123458,0.4180779454638998,0.2003922955549109,0.0977717617633857,0.8634361195443343,0.8634361195443343,1,P0045.png
0.9999999756097568,0.9999999767441866,0.9999999761769716,0.5730337046458781,0.3407148352801287,0.2113323270002378,0.0508141425404447,0.8942731238137748,0.8942731238137748,0,o0615.png
0.9999999677419364,0.99999997826087,0.9999999730014032,0.4788732326919263,0.419642103152437,0.2197789378254361,0.0623520818097194,0.8149779699780706,0.8149779699780706,1,ZC1329.png
0.9999999545454564,0.9999999736842112,0.999999964114834,0.1086956498109641,0.4883908224426541,0.1373166825488687,0.0496276746147226,0.907488982786392,0.907488982786392,0,j0578.png
0.9999999848484852,0.9999999848484852,0.9999999848484852,0.8085106296966954,0.3208776148436044,0.1658013096771614,0.057371826290134,0.889867837489569,0.889867837489569,1,A0667.png
0.9999999777777784,0.9999999772727278,0.999999977525253,0.8933333214222224,0.5930024267224092,0.3630955754480376,0.1559996229579602,0.907488982786392,0.907488982786392,1,ZA0672.png
0.9999999777777784,0.9999999777777784,0.9999999777777784,0.6339869239608698,0.3229030819469886,0.2187922548470632,0.0738123073633273,0.8546255468959227,0.8546255468959227,0,y1435.png
0.9999999687500012,0.9999999687500012,0.9999999687500012,0.6747967424813273,0.3902211876723628,0.2895300599178879,0.1439770195134372,0.850220260571717,0.850220260571717,0,a0136.png
0.9999999750000008,0.9999999750000008,0.9999999750000008,0.9999997500000624,0.6310803840183987,0.1983781462356777,0.0579891904787246,0.806167397329659,0.806167397329659,1,K0393.png
0.9999999777777784,0.999999981132076,0.9999999794549272,0.5976331325583838,0.3358810458797772,0.2327546610572211,0.0426183707469214,0.889867837489569,0.889867837489569,0,e0566.png
0.9838709518730492,0.9838709518730492,0.9838709518730492,0.1707317052349792,0.4108982476778079,0.1430243427031275,0.0288235894289148,0.8722466921927459,0.8722466921927459,1,I0165.png
0.9999999750000008,0.9999999750000008,0.9999999750000008,0.9620253042781608,0.5149748466471543,0.2486260093411891,0.1177046561334302,0.8678414058685401,0.8678414058685401,1,T0913.png
0.9999999761904768,0.9999999761904768,0.9999999761904768,0.9150943309896762,0.3551908998268241,0.1406098559130798,0.026118609840947,0.8546255468959227,0.8546255468959227,1,W0157.png
0.999999983870968,0.999999983870968,0.999999983870968,1.0133333198222223,0.4206665305010893,0.2048556284104175,0.0746256510396423,0.8458149742475112,0.8458149742475112,1,P0580.png
0.25,0.25,0.25,0.6834532324931423,0.259331386875738,0.1259276659684627,0.0326698580657688,0.8325991152748937,0.8325991152748937,1,Y0391.png
0.9999999772727278,0.9999999800000005,0.999999978636364,0.4999998750000312,0.4825531846725618,0.1686528835400064,0.0254469434826641,0.8986784101379806,0.8986784101379806,0,i0691.png
0.25,0.25,0.25,0.6643356596899604,0.2407521590353593,0.1203857120459303,0.0214681440437266,0.8370044015990996,0.8370044015990996,1,Y1044.png
0.9999999772727278,0.9999999795918372,0.9999999784322824,0.9019607754709728,0.3872274560866013,0.1547751763351436,0.0331217447907681,0.8458149742475112,0.8458149742475112,1,W0717.png
0.9999999714285724,0.9999999696969708,0.9999999705627716,0.799999840000032,0.6306556095045761,0.1959654107568186,0.0615339663970333,0.8149779699780706,0.8149779699780706,1,K0378.png
0.999999972222223,0.9999999761904768,0.99999997420635,1.6333333061111115,0.4562338200586357,0.2496115388698832,0.0997761349411761,0.8634361195443343,0.8634361195443343,0,za0615.png
0.9999999767441866,0.9999999750000008,0.9999999758720935,0.7536231774837221,0.3664634221035353,0.1531911544238695,0.0431591003737203,0.8634361195443343,0.8634361195443343,0,m0083.png
0.25,0.25,0.25,0.6909090783471077,0.357059638259736,0.2016357211076354,0.1417936287843155,0.3348017606396398,0.3348017606396398,1,C0108.png
0.9999999545454564,0.9999999629629645,0.9999999587542104,0.2266666636444445,0.4674596029616826,0.2054472485743731,0.0680032649712273,0.8722466921927459,0.8722466921927459,1,N0364.png
0.25,0.25,0.25,0.7111111058436215,0.2403340766695099,0.1270144940673188,0.0244510841253131,0.8414096879233054,0.8414096879233054,1,Y0867.png
0.25,0.25,0.25,0.2352941130334487,0.4104674170849003,0.1340967508151964,0.0432662557846769,0.8854625511653632,0.8854625511653632,1,X0434.png
0.9999999705882362,0.9999999705882362,0.9999999705882362,0.6510067070402235,0.3921050650655709,0.2018381822072348,0.0671427420852333,0.850220260571717,0.850220260571717,0,q0355.png
0.9999999545454564,0.9999999696969708,0.9999999621212136,0.588235259515573,0.5236078565945524,0.2207834040688686,0.0644284938069596,0.8237885426264822,0.8237885426264822,0,w0376.png
0.9999999677419364,0.9999999677419364,0.9999999677419364,0.1463414616299821,0.4068447189695306,0.1515449484822965,0.0316718035914637,0.8546255468959227,0.8546255468959227,1,I0149.png
0.99999997826087,0.9999999795918372,0.9999999789263536,0.4166666597222223,0.4729057603336107,0.1596395661952235,0.0575585921754259,0.850220260571717,0.850220260571717,0,x1134.png
0.25,0.25,0.25,0.6322580604370448,0.3306343966157892,0.2109120488812922,0.0739275301938273,0.8634361195443343,0.8634361195443343,0,y0547.png
0.25,0.25,0.25,0.3854166646592882,0.4387020867374728,0.1913474212710134,0.0477973090264811,0.8458149742475112,0.8458149742475112,1,G0478.png
0.9999999642857156,0.9999999545454564,0.999999959415586,0.7132867082986943,0.3137067379816209,0.2274367606679076,0.1090445982288291,0.8986784101379806,0.8986784101379806,1,C0311.png
0.9999999767441866,0.9999999767441866,0.9999999767441866,0.2631578878116345,0.4065820869935875,0.1608399482303192,0.0740193761792881,0.8105726836538648,0.8105726836538648,0,zc0908.png
0.9999999750000008,0.9999999777777784,0.9999999763888896,2.874999820312511,0.4071720666876376,0.1660174197052805,0.0725785695881329,0.8237885426264822,0.8237885426264822,0,zc0290.png
0.9999999756097568,0.9999999736842112,0.999999974646984,0.4166666608796297,0.4098411032655028,0.2179736434888134,0.070534026462945,0.8105726836538648,0.8105726836538648,1,ZC1038.png
0.25,0.25,0.25,0.6709677376066597,0.2250430553138415,0.0850227234666629,0.0228827662716604,0.9162995554348036,0.9162995554348036,1,M0413.png
0.9999999772727278,0.9999999756097568,0.9999999764412424,0.3378378332724617,0.3753761195322362,0.1631890603125521,0.0527797325814074,0.8942731238137748,0.8942731238137748,0,m0171.png
0.9999999767441866,0.9999999767441866,0.9999999767441866,0.4090908904958686,0.5061628823001711,0.1584343714851932,0.0459919261811324,0.8986784101379806,0.8986784101379806,0,x0242.png
0.9999999803921572,0.9999999803921572,0.9999999803921572,0.7419354778876172,0.3338406114035688,0.1918389554737892,0.0398339753339952,0.806167397329659,0.806167397329659,0,l0247.png
0.999999972222223,0.9999999729729736,0.9999999725975984,2.68749983203126,0.6166704073235261,0.1746293954652288,0.0704127644794076,0.8193832563022764,0.8193832563022764,1,V0133.png
0.9999999714285724,0.999999958333335,0.9999999648809536,0.1785714253826531,0.4936154723482734,0.155723844282591,0.0680191220347977,0.8942731238137748,0.8942731238137748,0,v0812.png
0.9999999666666678,0.9999999666666678,0.9999999666666678,0.9230769112426036,0.5176767647058823,0.246853215646231,0.1110999999972225,0.8810572648411574,0.8810572648411574,1,T0822.png
0.9999999761904768,0.9999999777777784,0.9999999769841276,2.799999813333346,0.4004460449921673,0.1624356149655682,0.0712221065998606,0.8193832563022764,0.8193832563022764,0,zc1072.png
0.9999999772727278,0.9999999772727278,0.9999999772727278,0.4374999954427084,0.3365765067939009,0.1399309891998143,0.0535630306167282,0.8854625511653632,0.8854625511653632,1,S0143.png
0.9999999791666672,0.9999999800000005,0.999999979583334,0.399999980000001,0.4988216657421118,0.15487993181832,0.0422761812815951,0.8854625511653632,0.8854625511653632,0,x0259.png
0.9999999677419364,0.9999999787234048,0.9999999732326704,0.5454545428447151,0.4061346761142307,0.2289012371113512,0.0686991791016961,0.9999999955947136,0.9999999955947136,0,zb1054.png
0.9999999761904768,0.9999999767441866,0.9999999764673316,0.5254237199080726,0.4122967859822852,0.2188602723550619,0.0774656029576406,0.8193832563022764,0.8193832563022764,1,ZC0163.png
0.9999999615384628,0.9999999615384628,0.9999999615384628,0.4347826059951391,0.3392201778670652,0.1525694615836917,0.0673937942506405,0.8634361195443343,0.8634361195443343,1,ZB0490.png
0.9999999756097568,0.9999999772727278,0.9999999764412424,2.8124998242187607,0.3983601025508815,0.1648222934774254,0.0774579985368164,0.8149779699780706,0.8149779699780706,0,zc1488.png
0.25,0.25,0.25,0.5384615177514801,0.5554094086614237,0.1814864758194484,0.0513327780078266,0.8634361195443343,0.8634361195443343,0,d0146.png
0.25,0.25,0.25,2.1739129489603064,0.4613217370743293,0.2007167941015252,0.065886778838262,0.8678414058685401,0.8678414058685401,1,N0729.png
0.9999999772727278,0.9999999772727278,0.9999999772727278,0.249999997983871,0.3884323383569907,0.1297011790644346,0.0415583772668607,0.8854625511653632,0.8854625511653632,1,X0978.png
0.25,0.25,0.25,0.3333333148148158,0.5555300241150855,0.1834943014227508,0.0496276636849795,0.8678414058685401,0.8678414058685401,0,d0883.png
0.25,0.25,0.25,1.031249983886719,0.4213054230217072,0.1986478982838205,0.0790000274093637,0.8414096879233054,0.8414096879233054,1,P0345.png
0.9999999705882362,0.9999999666666678,0.999999968627452,0.18518518175583,0.4848775169429556,0.1641713417351056,0.0727364475184367,0.8986784101379806,0.8986784101379806,0,v0809.png
0.25,0.25,0.25,0.8315789386149586,0.2948672549019607,0.1394523705613177,0.0526499999986837,0.8810572648411574,0.8810572648411574,1,A1312.png
0.25,0.25,0.25,3.058823349480979,0.6136535946028286,0.2435278948336915,0.0835888582523747,0.8678414058685401,0.8678414058685401,0,n0277.png
0.9999999843750004,0.9999999843750004,0.9999999843750004,0.6712328721148434,0.2311350050224171,0.1208277101931871,0.0241045397744662,0.8634361195443343,0.8634361195443343,1,Y0533.png
0.25,0.25,0.25,0.5681818149535124,0.3275754901960784,0.1803165822909709,0.0386249999990343,0.8810572648411574,0.8810572648411574,1,O0068.png
0.9999999767441866,0.9999999791666672,0.9999999779554268,0.2592592544581619,0.4038160784313725,0.1336758878962256,0.0475749999988106,0.8810572648411574,0.8810572648411574,1,X0962.png
0.9999999756097568,0.9999999750000008,0.9999999753048788,0.9130434650283556,0.4209197482492185,0.2294009596408778,0.0452214692456589,0.8678414058685401,0.8678414058685401,1,F0279.png
0.9999999848484852,0.9999999848484852,0.9999999848484852,0.4321608018484382,0.4230356630922867,0.2258837631029968,0.0850231054749874,0.8766519785169516,0.8766519785169516,1,P0877.png
0.9999999761904768,0.9999999756097568,0.9999999759001168,0.9558823388840832,0.4300732748973226,0.2315308583153805,0.0460975546897344,0.8678414058685401,0.8678414058685401,1,F0029.png
0.25,0.25,0.25,0.6714285666326532,0.2443772801107767,0.1210287960175037,0.0220971027608053,0.8281938289506879,0.8281938289506879,1,Y1155.png
0.9999999696969708,0.9999999803921572,0.999999975044564,0.7499999927884616,0.3070345855345705,0.1604779493996546,0.0574874420622318,0.8942731238137748,0.8942731238137748,1,A0005.png
0.9999999629629645,0.9999999756097568,0.9999999692863606,0.4766355095641541,0.3215095083259434,0.1282656114384265,0.0452766344272802,0.8766519785169516,0.8766519785169516,1,S0414.png
0.9999999615384628,0.9999999696969708,0.9999999656177168,0.5624999648437522,0.4283342875402764,0.1571117588928717,0.0585955183324299,0.8281938289506879,0.8281938289506879,0,w0072.png
0.25,0.25,0.25,0.5895953723144777,0.3322195083338987,0.1861662251536841,0.0344819300260841,0.8986784101379806,0.8986784101379806,1,O1259.png
0.9999999761904768,0.9999999761904768,0.9999999761904768,0.2444444390123458,0.3982726868994912,0.1484033222156897,0.0485196732704135,0.8678414058685401,0.8678414058685401,1,X0718.png
0.9999999777777784,0.9999999767441866,0.9999999772609824,2.8666664755555686,0.4051022559561459,0.1656026050659699,0.0733610822039148,0.8193832563022764,0.8193832563022764,0,zc0725.png
0.25,0.25,0.25,0.952380941043084,0.4139725419341932,0.2089528518801125,0.0785418216580257,0.8546255468959227,0.8546255468959227,1,P0624.png
0.9999999729729736,0.9999999761904768,0.9999999745817252,1.7592592266803848,0.479863934599903,0.2438579747402127,0.1109431426860686,0.8325991152748937,0.8325991152748937,0,za0552.png
0.999999956521741,0.999999956521741,0.999999956521741,0.193548383975026,0.6209582675992354,0.215290479255322,0.0853177266480894,0.850220260571717,0.850220260571717,0,r0305.png
0.25,0.25,0.25,0.4523809416099776,0.4086078238269879,0.1362323529500966,0.0485341279248369,0.8766519785169516,0.8766519785169516,1,X1574.png
0.9999999761904768,0.9999999761904768,0.9999999761904768,0.9770114830228566,0.5021988235294118,0.2522009023082703,0.1136499999971587,0.8810572648411574,0.8810572648411574,1,T0914.png
0.9999999642857156,0.999999972222223,0.9999999682539692,0.4999999975247525,0.3530742852969047,0.1625570645874094,0.0423242819321065,0.889867837489569,0.889867837489569,1,U0028.png
0.9999999545454564,0.9999999615384628,0.9999999580419596,0.4166666550925929,0.5816133198412909,0.2112574654239137,0.1034121774529365,0.8281938289506879,0.8281938289506879,0,r0095.png
0.999999972222223,0.9999999772727278,0.9999999747474756,1.684210496768237,0.4625972307325708,0.238091875729911,0.1043294270805032,0.8458149742475112,0.8458149742475112,0,za0481.png
0.25,0.25,0.25,0.6666666620370371,0.2404796857979302,0.1196880719477423,0.0212673611105342,0.8458149742475112,0.8458149742475112,1,Y1095.png
0.25,0.25,0.25,0.5333332977777802,0.4729998046033975,0.1376755310226939,0.0536068519672896,0.911894269110598,0.911894269110598,1,J0157.png
0.9999999787234048,0.9999999787234048,0.9999999787234048,0.5974842729717971,0.3036355282853882,0.1981823669510049,0.0645278687588665,0.8325991152748937,0.8325991152748937,0,y0343.png
0.9999999714285724,0.9999999767441866,0.9999999740863794,0.586206893182719,0.3240527775893133,0.17985937460874,0.0340013456354767,0.8986784101379806,0.8986784101379806,1,O0571.png
0.25,0.25,0.25,4.949999752500013,0.5998815718407747,0.2503543035280115,0.0852894947026388,0.8678414058685401,0.8678414058685401,0,n0259.png
0.9999999761904768,0.9999999736842112,0.999999974937344,2.937499816406261,0.4053783643634969,0.1670234327653348,0.0727569134140575,0.8017621110054532,0.8017621110054532,0,zc0098.png
0.9999999687500012,0.9999999687500012,0.9999999687500012,0.6249999609375024,0.5603654974152711,0.1831590404217315,0.0464694280066674,0.8590308332201285,0.8590308332201285,0,d0255.png
0.999999958333335,0.999999974358975,0.999999966346155,0.4249999893750003,0.3775192007218151,0.1344305119225329,0.0478267523709869,0.8722466921927459,0.8722466921927459,1,X0289.png
0.25,0.25,0.25,0.6737588604697953,0.2292073217098474,0.1219826410297666,0.0275346260380184,0.8370044015990996,0.8370044015990996,1,Y1212.png
0.9999999761904768,0.9999999756097568,0.9999999759001168,0.7307692214003946,0.3760716510572896,0.1447312487487445,0.0323378597739612,0.8678414058685401,0.8678414058685401,1,W1078.png
0.9999999655172426,0.9999999729729736,0.999999969245108,0.3749999765625014,0.4816956299879109,0.1773704912948585,0.0700188243499773,0.9999999955947136,0.9999999955947136,0,v0718.png
0.25,0.25,0.25,0.588235259515573,0.4075674672235758,0.1475439682567346,0.0712426035334337,0.2863436110733762,0.2863436110733762,0,i0443.png
0.9999999761904768,0.9999999761904768,0.9999999761904768,0.8399999916,0.3627512745098039,0.1397020803070878,0.0240749999993981,0.8810572648411574,0.8810572648411574,1,W0577.png
0.9999999655172426,0.9999999705882362,0.9999999680527394,0.2916666545138894,0.4999248969099366,0.1679045281213066,0.0718713956153433,0.8986784101379806,0.8986784101379806,0,v0052.png
0.9999999772727278,0.9999999791666672,0.9999999782196975,0.2702702629656686,0.4064321314764023,0.1675539563858958,0.0698279764579609,0.8281938289506879,0.8281938289506879,0,zc0127.png
0.9999999772727278,0.9999999750000008,0.9999999761363644,0.3947368369113574,0.4094370419963004,0.2164622406768118,0.0682890560190943,0.8237885426264822,0.8237885426264822,1,ZC0530.png
0.25,0.25,0.25,0.4615384588074647,0.3111620913800528,0.1448300146813717,0.0516306909215847,0.907488982786392,0.907488982786392,1,ZB1251.png
0.9999999795918372,0.9999999795918372,0.9999999795918372,0.8333331944444675,0.669408150783943,0.1963501793503303,0.0513941398850604,0.8105726836538648,0.8105726836538648,1,K0291.png
0.9999999705882362,0.9999999761904768,0.9999999733893564,0.5513513483710738,0.3233424642151747,0.2012175175951706,0.053750394330031,0.8942731238137748,0.8942731238137748,0,o0408.png
0.9999999791666672,0.9999999791666672,0.9999999791666672,0.6036585329045212,0.3123999436152621,0.1987335918872103,0.0633873586007527,0.8678414058685401,0.8678414058685401,0,y1253.png
0.9999999756097568,0.99999997826087,0.9999999769353134,0.15662650413703,0.3808937416746916,0.1306503958306298,0.0297764925000054,0.889867837489569,0.889867837489569,1,I0944.png
0.9999999705882362,0.999999972222223,0.9999999714052296,0.4255319126301494,0.3477844991484187,0.1590281968217667,0.0654229688972809,0.8678414058685401,0.8678414058685401,1,ZB0221.png
0.9999999767441866,0.99999997826087,0.9999999775025284,0.499999750000125,0.523328351848851,0.1665298390925377,0.0276757473720111,0.8722466921927459,0.8722466921927459,0,i0211.png
0.9999999787234048,0.9777777560493832,0.988888867386394,0.4399999912000002,0.4673168246890593,0.1589404833656683,0.0475583090366628,0.8634361195443343,0.8634361195443343,0,x1239.png
0.999999972222223,0.9999999772727278,0.9999999747474756,0.4653465323497696,0.424186498440176,0.2255806479900234,0.080751887067916,0.889867837489569,0.889867837489569,0,zb0018.png
0.99999997826087,0.9999999767441866,0.9999999775025284,0.2749999931250002,0.4038532992103348,0.1632660466709422,0.0763832900332532,0.806167397329659,0.806167397329659,0,zc0945.png
0.9999999750000008,0.999999972222223,0.9999999736111118,0.4266666609777779,0.4088565003795528,0.2159177805140441,0.0706793279745601,0.8149779699780706,0.8149779699780706,1,ZC1203.png
0.9999999642857156,0.9999999642857156,0.9999999642857156,0.682539677122701,0.3886267348154179,0.2856802889854781,0.1224529027267768,0.8986784101379806,0.8986784101379806,0,a0826.png
0.25,0.25,0.25,2.041666624131945,0.5387704167794666,0.2521337973036309,0.071216305060586,0.8590308332201285,0.8590308332201285,0,n0723.png
0.9999999687500012,0.9999999687500012,0.9999999687500012,0.6225165521687646,0.3162060065525824,0.2048508686990414,0.0795847750842293,0.8237885426264822,0.8237885426264822,0,y0040.png
0.25,0.25,0.25,0.636363578512402,0.4017587699142156,0.1299960225634616,0.072265624982357,0.2819383247491703,0.2819383247491703,0,i0098.png
0.9999999696969708,0.9999999696969708,0.9999999696969708,0.9749999878125002,0.5028578877246485,0.2523469942394328,0.116905872346185,0.8678414058685401,0.8678414058685401,1,T0851.png
0.9999999850746272,0.9999999850746272,0.9999999850746272,0.7938144248060369,0.3134817779668347,0.1506985650290768,0.0532893299994348,0.8942731238137748,0.8942731238137748,1,A0546.png
0.25,0.25,0.25,0.3092783489212456,0.4439815654181749,0.1896921976805366,0.0513338293109965,0.8546255468959227,0.8546255468959227,1,G0472.png
0.25,0.25,0.25,0.232142852997449,0.4014027844252101,0.1299518143800372,0.0447995294567983,0.889867837489569,0.889867837489569,1,X0937.png
0.25,0.25,0.25,1.745454513719009,0.4530069103927857,0.2367501828653111,0.1107151667961208,0.8414096879233054,0.8414096879233054,0,za0369.png
0.9999999843750004,0.9999999843750004,0.9999999843750004,0.7857142776967931,0.3030534562774115,0.1527573088680976,0.0552596851716641,0.907488982786392,0.907488982786392,1,A0879.png
0.25,0.25,0.25,0.882352923875433,0.3233764221738078,0.149228514096508,0.0386419753038713,0.3964757691785208,0.3964757691785208,1,O0457.png
0.999999972222223,0.9999999705882362,0.9999999714052296,0.2399999952000001,0.4918862277706161,0.162595474527892,0.0710544021513106,0.8986784101379806,0.8986784101379806,0,v0486.png
0.999999958333335,0.9999999600000016,0.9999999591666684,0.3137254840445984,0.5022264737818564,0.1626797282467557,0.0620186358914669,0.8766519785169516,0.8766519785169516,0,v0361.png
0.9999999523809546,0.9999999523809546,0.9999999523809546,0.2117647033910035,0.3706361043804834,0.1196974571893925,0.0276887548301515,0.907488982786392,0.907488982786392,1,I1231.png
0.25,0.25,0.25,0.5465116215521905,0.5241342455349487,0.2380316530580463,0.1089129529334414,0.8634361195443343,0.8634361195443343,1,T0624.png
0.9999999729729736,0.9999999772727278,0.9999999751228508,0.0869565198487713,0.4865096043130232,0.1304601000615343,0.0464228485237434,0.907488982786392,0.907488982786392,0,j0296.png
0.9999999687500012,0.999999972222223,0.999999970486112,1.6071427997449,0.6067356534450514,0.1819509320585907,0.0732507288610669,0.8634361195443343,0.8634361195443343,1,V0625.png
0.25,0.25,0.25,0.2352941130334487,0.4117207349264796,0.1306570423430051,0.0401970248251232,0.8854625511653632,0.8854625511653632,1,X0403.png
0.9999999687500012,0.9999999750000008,0.9999999718750008,0.552486184792894,0.3296447752606762,0.1932571264705734,0.0492916845521756,0.8766519785169516,0.8766519785169516,0,o0573.png
0.999999956521741,0.9999999772727278,0.9999999668972344,0.1954022966045713,0.3729382160207521,0.1314094488900573,0.0293038871309494,0.9999999955947136,0.9999999955947136,1,I0876.png
0.25,0.25,0.25,0.4999999687500019,0.3842472779837262,0.1345801325838771,0.0698573127021827,0.2555066068039356,0.2555066068039356,0,i0278.png
0.25,0.25,0.25,0.6857142808163266,0.2628293750547558,0.1253275920133554,0.0294399824558142,0.8414096879233054,0.8414096879233054,1,Y0112.png
0.9999999767441866,0.9999999791666672,0.9999999779554268,0.6867469838147772,0.3401422157482994,0.2521006131862462,0.0783636398905788,0.9999999955947136,0.9999999955947136,0,c0044.png
0.9999999696969708,0.9999999655172426,0.9999999676071066,0.3087248301427864,0.4652782458341193,0.1988442043230974,0.0465173652025296,0.8414096879233054,0.8414096879233054,0,s0211.png
0.9999999655172426,0.9999999729729736,0.999999969245108,0.3879781399564036,0.354304151495277,0.1620572214275374,0.0658160322936895,0.8986784101379806,0.8986784101379806,1,ZB0178.png
0.25,0.25,0.25,0.2173913011972275,0.4019748103691861,0.1294335302975987,0.0428207222582901,0.8854625511653632,0.8854625511653632,1,X0925.png
0.25,0.25,0.25,0.8019801900794041,0.3067510197593978,0.1385573357600795,0.0650626826264242,0.907488982786392,0.907488982786392,1,A0223.png
0.25,0.25,0.25,0.7789473602216067,0.2948185587341494,0.1442179917916816,0.0589402999691466,0.889867837489569,0.889867837489569,1,A0978.png
0.999999972222223,0.9999999729729736,0.9999999725975984,0.3888888869248036,0.4075494514986612,0.2151447400753055,0.0692425624392236,0.9999999955947136,0.9999999955947136,0,zb1167.png
0.25,0.25,0.25,1.051546380911893,0.2414493671363201,0.0821158806889143,0.0205690119179986,0.8986784101379806,0.8986784101379806,1,M0058.png
0.9999999756097568,0.9999999800000005,0.9999999778048786,0.4161490657382046,0.4484106924019608,0.2210637361113303,0.0926106770808211,0.8458149742475112,0.8458149742475112,0,u0447.png
0.9999999642857156,0.9999999761904768,0.9999999702380962,0.1081081051862674,0.5138050880078385,0.1352355131051859,0.0546341463401633,0.9030836964621864,0.9030836964621864,0,j0062.png
0.9999999629629645,0.9999999629629645,0.9999999629629645,0.5217391077504736,0.5694667337020278,0.185621111485645,0.0498619329375447,0.8590308332201285,0.8590308332201285,0,d0185.png
0.99999997826087,0.99999997826087,0.99999997826087,0.2599999948000001,0.4090988817496752,0.138719450342472,0.0512611073970629,0.8854625511653632,0.8854625511653632,1,X1562.png
0.25,0.25,0.25,0.6530612200472026,0.2555959797113289,0.1177552206960284,0.0242784288187858,0.8458149742475112,0.8458149742475112,1,Y0510.png
0.9999999545454564,0.9999999705882362,0.9999999625668464,0.7821782100774435,0.5010334079555707,0.2531021403569758,0.1247576777847985,0.8722466921927459,0.8722466921927459,1,T0773.png
0.25,0.25,0.25,0.5624999648437522,0.4754440579624114,0.1626650509216576,0.0559296706697989,0.9999999955947136,0.9999999955947136,1,J0111.png
0.999999974358975,0.9999999772727278,0.9999999758158514,0.093023253650622,0.4833276228390764,0.1305299760849785,0.0474528476320392,0.9162995554348036,0.9162995554348036,0,j0284.png
0.9999999655172426,0.9999999714285724,0.9999999684729076,0.4999999642857168,0.6295535642957953,0.1782251805467553,0.0625848800344447,0.8281938289506879,0.8281938289506879,0,w0765.png
0.9999999772727278,0.9999999777777784,0.999999977525253,0.6050955375471622,0.3164972985078805,0.2093791619532616,0.076089695135184,0.8325991152748937,0.8325991152748937,0,y1479.png
0.999999958333335,0.9999999767441866,0.9999999675387607,0.703124994506836,0.3942964513487118,0.3002801822411253,0.1278054059592412,0.8678414058685401,0.8678414058685401,0,a0887.png
0.25,0.25,0.25,0.2133333304888889,0.5504301263496152,0.2245000061898379,0.0840950154085424,0.8546255468959227,0.8546255468959227,0,n1065.png
0.9999999777777784,0.9999999615384628,0.9999999696581208,0.6193548347138398,0.3242891411107904,0.2101776421222402,0.0731065486123432,0.8414096879233054,0.8414096879233054,0,y1396.png
0.25,0.25,0.25,0.8297872252150296,0.3162374158825562,0.1591819478327471,0.0574512206603484,0.907488982786392,0.907488982786392,1,A0062.png
0.25,0.25,0.25,0.7042253471533426,0.2341571568627451,0.0797890498735819,0.0212249999994693,0.8810572648411574,0.8810572648411574,1,M0342.png
0.25,0.25,0.25,0.401098898895061,0.3710174631175038,0.1691380144067616,0.0649029219515354,0.8986784101379806,0.8986784101379806,1,ZB0335.png
0.9999999687500012,0.999999974358975,0.999999971554488,1.0549450433522525,0.3552030038736253,0.1345171679564547,0.0225871001336973,0.8414096879233054,0.8414096879233054,1,W0593.png
0.9999999772727278,0.9999999736842112,0.9999999754784696,0.5666666635185186,0.3268281995612547,0.1698727539382137,0.0370770857353643,0.8986784101379806,0.8986784101379806,1,O0234.png
0.9999999848484852,0.9999999848484852,0.9999999848484852,0.791666658420139,0.3180439656303656,0.1617066768731713,0.0575454802512596,0.907488982786392,0.907488982786392,1,A0683.png
0.25,0.25,0.25,0.3846153550295881,0.4047091503267974,0.140991221316948,0.0694444444251543,0.2643171794523472,0.2643171794523472,0,i0372.png
0.99999997826087,0.9999999761904768,0.9999999772256736,0.2558139475392105,0.4036533748659597,0.1639331979733199,0.0740837090971764,0.8193832563022764,0.8193832563022764,0,zc0951.png
0.9999999772727278,0.9999999761904768,0.9999999767316023,1.599999973333334,0.4448307499310681,0.2210943589531854,0.092322030643559,0.8414096879233054,0.8414096879233054,0,za0021.png
0.9999999666666678,0.9999999666666678,0.9999999666666678,0.715277772810571,0.369151042213435,0.2821400271160239,0.125139797736463,0.9030836964621864,0.9030836964621864,0,a0724.png
0.9999999545454564,0.9999999642857156,0.999999959415586,0.2235294091349481,0.3744701023900684,0.1289179312380463,0.0321052144962993,0.9162995554348036,0.9162995554348036,1,I0664.png
0.9999999545454564,0.9999999545454564,0.9999999545454564,2.8888885679012706,0.7606546596690803,0.3019959278566625,0.1213291901088623,0.8325991152748937,0.8325991152748937,1,ZA0877.png
0.999999958333335,0.9999999787234048,0.9999999685283698,0.1770833314887153,0.3952467656705019,0.1293449250935994,0.0290710085577233,0.9999999955947136,0.9999999955947136,1,I0086.png
0.9999999666666678,0.9999999545454564,0.999999960606062,0.7499998125000469,0.6502218035974721,0.1934787978239845,0.0559788223122424,0.7753303930602186,0.7753303930602186,1,K0465.png
0.9999999642857156,0.9999999642857156,0.9999999642857156,3.1333331244444587,0.6188436603252205,0.239778781050796,0.0826070783270643,0.8546255468959227,0.8546255468959227,0,n0265.png
0.999999958333335,0.9999999807692312,0.9999999695512832,0.6089743550706772,0.3316058877844767,0.2332839588211353,0.0488919667576484,0.8370044015990996,0.8370044015990996,0,e0179.png
0.9999999705882362,0.9999999750000008,0.9999999727941185,0.6999999950000001,0.3141836326367281,0.2167263966916616,0.1014160766320955,0.8634361195443343,0.8634361195443343,1,C0101.png
0.9999999756097568,0.9999999687500012,0.9999999721798788,0.9999998571428776,0.5290699513594849,0.1288789990162102,0.0555383700165249,0.9030836964621864,0.9030836964621864,0,j0067.png
0.999999958333335,0.9999999629629645,0.9999999606481496,0.7328244218868365,0.2624679798134531,0.1384592832526958,0.0379231770823046,0.8458149742475112,0.8458149742475112,0,h0287.png
0.9999999750000008,0.99999997826087,0.9999999766304354,0.1627906957815035,0.3778909506901569,0.1207513852190275,0.0289311803145681,0.8986784101379806,0.8986784101379806,1,I1085.png
0.25,0.25,0.25,0.2352941130334487,0.4113073001226449,0.1317710205993495,0.047195777883205,0.8766519785169516,0.8766519785169516,1,X0537.png
0.9999999705882362,0.9999999705882362,0.9999999705882362,0.3812499976171875,0.4440649801730318,0.1724641635886826,0.0567836486605042,0.889867837489569,0.889867837489569,1,ZB0663.png
0.25,0.25,0.25,0.4444444418453541,0.3341748841154664,0.1607516782603112,0.0708346087115897,0.8722466921927459,0.8722466921927459,1,ZB0055.png
0.999999956521741,0.999999958333335,0.999999957427538,0.5026454999860026,0.2758968059102928,0.1364464364532977,0.0429719212775965,0.8325991152748937,0.8325991152748937,0,h0075.png
0.9999999736842112,0.9999999736842112,0.9999999736842112,0.5025640999868508,0.3803389410991221,0.2001401104353488,0.0709007232065509,0.8590308332201285,0.8590308332201285,0,q0514.png
0.99999997826087,0.9999999761904768,0.9999999772256736,0.2857142789115648,0.3992602972156291,0.1625177075593296,0.0674883468195405,0.8237885426264822,0.8237885426264822,0,zc1430.png
0.9999999750000008,0.999999958333335,0.999999966666668,0.1249999960937501,0.5113599973858772,0.133660526043181,0.058401137141986,0.889867837489569,0.889867837489569,0,j0036.png
0.9999999545454564,0.9999999772727278,0.999999965909092,0.1927710820148062,0.3911070254498946,0.1318016358137194,0.0305758450816429,0.8942731238137748,0.8942731238137748,1,I0330.png
0.25,0.25,0.25,0.6842105218144044,0.2295341324399582,0.0850425387947877,0.02170395710009,0.9162995554348036,0.9162995554348036,1,M0420.png
0.999999974358975,0.9999999642857156,0.9999999693223453,0.289473676592798,0.4709625914057913,0.1825198430855215,0.0695724737512939,0.9999999955947136,0.9999999955947136,0,v0567.png
0.9999999705882362,0.9999999705882362,0.9999999705882362,0.6047904155401772,0.3293989824142577,0.230444575935187,0.0428144299567979,0.889867837489569,0.889867837489569,0,e0710.png
0.9999999777777784,0.9999999777777784,0.9999999777777784,0.230769226331361,0.4100576452520034,0.141188067336182,0.0456817959012429,0.889867837489569,0.889867837489569,1,X1540.png
0.9999999767441866,0.9999999767441866,0.9999999767441866,0.5771428538448979,0.3208125793818926,0.1783681393928095,0.0399000024741986,0.8854625511653632,0.8854625511653632,1,O0056.png
0.999999985714286,0.999999985714286,0.999999985714286,0.8265306038109123,0.313969012099489,0.1541965535789369,0.0637724768845695,0.8942731238137748,0.8942731238137748,1,A0539.png
0.9999999756097568,0.9999999600000016,0.9999999678048792,0.1081081051862674,0.5064009984719646,0.1339225883494912,0.0606781677558434,0.9030836964621864,0.9030836964621864,0,j0093.png
0.9999999787234048,0.9999999787234048,0.9999999787234048,0.6024844683075499,0.2868943974808641,0.1999325788607135,0.06910252624046,0.850220260571717,0.850220260571717,0,y0997.png
0.25,0.25,0.25,0.2181818142148761,0.4077026470588235,0.1310388323055465,0.04519999999887,0.8810572648411574,0.8810572648411574,1,X0358.png
0.9999999705882362,0.9999999705882362,0.9999999705882362,1.616666639722223,0.4491952672502328,0.2229909666160108,0.0919756235042021,0.850220260571717,0.850220260571717,0,za0100.png
0.25,0.25,0.25,0.7604166587456598,0.2906658823529411,0.1367998618366956,0.0631249999984218,0.8810572648411574,0.8810572648411574,1,A1151.png
0.999999958333335,0.999999958333335,0.999999958333335,0.2266666636444445,0.4603560784313725,0.2019030804814072,0.0620499999984487,0.8810572648411574,0.8810572648411574,1,N0672.png
0.9999999642857156,0.9999999736842112,0.9999999689849636,0.102040814244065,0.4893088369290594,0.1319970671900538,0.0513007823533956,0.907488982786392,0.907488982786392,0,j0581.png
0.9999999629629645,0.9999999814814818,0.999999972222223,0.6187499961328126,0.3140687499715803,0.2266396234562323,0.0355587621418856,0.8678414058685401,0.8678414058685401,0,e0380.png
0.9999999714285724,0.9999999523809546,0.9999999619047636,1.407407355281209,0.6087278943695534,0.1827733283193884,0.0634494357621677,0.8458149742475112,0.8458149742475112,1,V0287.png
0.25,0.25,0.25,0.6838709633298647,0.2287113681976912,0.084416249488376,0.0200130275595783,0.9295154144074212,0.9295154144074212,1,M0417.png
0.999999956521741,0.9999999629629645,0.9999999597423528,0.7209302269695331,0.272512519865155,0.13705717837811,0.0444849115491824,0.8193832563022764,0.8193832563022764,0,h0229.png
0.9999999729729736,0.9999999729729736,0.9999999729729736,0.8749999900568183,0.3610798959692523,0.131670025482281,0.0254074241731154,0.8281938289506879,0.8281938289506879,1,W0513.png
0.9999999696969708,0.9999999655172426,0.9999999676071066,2.0652173464083186,0.2276790002695179,0.1477952414795524,0.0521262002728891,0.8325991152748937,0.8325991152748937,1,H0193.png
0.9999999761904768,0.9999999761904768,0.9999999761904768,0.8672566294933042,0.3245401221713175,0.2110168795518591,0.0661963765080644,0.8634361195443343,0.8634361195443343,1,E0401.png
0.9999999787234048,0.9999999787234048,0.9999999787234048,0.2363636320661158,0.4114818616398623,0.1280959501470818,0.045216155277786,0.889867837489569,0.889867837489569,1,X1708.png
0.9999999750000008,0.9999999750000008,0.9999999750000008,0.437499997265625,0.4453312973380054,0.2227787802823136,0.0764374636984814,0.8766519785169516,0.8766519785169516,0,zb0413.png
0.25,0.25,0.25,0.399999960000004,0.4442517747839877,0.1544716386721285,0.0806248425092907,0.2775330384249646,0.2775330384249646,0,i0223.png
0.9999999523809546,0.9999999800000005,0.9999999661904776,0.4680850964237213,0.4704645531291483,0.1588114376466464,0.0441067063438169,0.8546255468959227,0.8546255468959227,0,x1224.png
0.99999997826087,0.99999997826087,0.99999997826087,0.6601307146396685,0.2044901820038428,0.0882796321917442,0.0195539714358665,0.8854625511653632,0.8854625511653632,1,M0726.png
0.9999999736842112,0.9999999696969708,0.999999971690591,1.6785713985969395,0.455070833222379,0.2379935481282295,0.1098630602051306,0.8281938289506879,0.8281938289506879,0,za0494.png
0.25,0.25,0.25,0.6785714237244899,0.2429927801024388,0.1204508859404701,0.0261750790843992,0.8325991152748937,0.8325991152748937,1,Y1083.png
0.9999999836065576,0.9999999836065576,0.9999999836065576,4.318181621900835,0.5377761121068926,0.1983015381706144,0.053074792242297,0.8370044015990996,0.8370044015990996,1,L0700.png
0.9999999714285724,0.9999999705882362,0.9999999710084042,0.4294478501260868,0.4365993658669873,0.2322533896031526,0.0830424989459903,0.8854625511653632,0.8854625511653632,0,zb0171.png
0.25,0.25,0.25,0.5022026409594598,0.357553085469861,0.1945505042607507,0.0441887092696503,0.9999999955947136,0.9999999955947136,1,U0377.png
0.9999999795918372,0.9999999767441866,0.999999978168012,0.4634146228435458,0.4793231980434795,0.1573748254601401,0.0498268409876821,0.850220260571717,0.850220260571717,0,x1114.png
0.9999999655172426,0.9999999705882362,0.9999999680527394,0.7368420987996307,0.4005775779699635,0.2912764038684935,0.1384319033699908,0.8634361195443343,0.8634361195443343,0,a0219.png
0.9999999772727278,0.9999999772727278,0.9999999772727278,0.9421487525442253,0.3466515523906393,0.2294038147619093,0.0611888451151547,0.9999999955947136,0.9999999955947136,1,E0342.png
0.9999999600000016,0.9999999677419364,0.999999963870969,0.5022026409594598,0.3582422842800494,0.1772916571744474,0.0416270449641633,0.9999999955947136,0.9999999955947136,1,U0265.png
0.9999999756097568,0.9999999736842112,0.999999974646984,0.99999950000025,0.4792343487870476,0.1152585413422956,0.0382243096412906,0.8281938289506879,0.8281938289506879,0,k0224.png
0.999999974358975,0.9999999756097568,0.999999974984366,0.9545454400826447,0.3595122037740839,0.1341549926248783,0.0267262410562559,0.8414096879233054,0.8414096879233054,1,W0531.png
0.25,0.25,0.25,0.8732394243205716,0.5135524358329788,0.2326672164180943,0.1066140696881889,0.8590308332201285,0.8590308332201285,1,T0280.png
0.9999999714285724,0.9999999705882362,0.9999999710084042,1.3749999570312514,0.6179984101313012,0.1813435800818379,0.0733532523759394,0.8414096879233054,0.8414096879233054,1,V0066.png
0.9999999787234048,0.9999999787234048,0.9999999787234048,0.6273291886501293,0.3447638735917855,0.2401808815707845,0.04470149985186,0.889867837489569,0.889867837489569,0,e0467.png
0.25,0.25,0.25,0.6037735811083422,0.3157381876361656,0.202602135693191,0.0652940538176732,0.8458149742475112,0.8458149742475112,0,y1377.png
0.25,0.25,0.25,0.4999999974226804,0.1396803019220229,0.1085614561363949,0.0271814220420028,0.8546255468959227,0.8546255468959227,1,H0039.png
0.9999999696969708,0.9999999767441866,0.9999999732205788,1.199999982857143,0.6002973969287831,0.3723257297543398,0.1534265667014267,0.8986784101379806,0.8986784101379806,1,ZA0133.png
0.25,0.25,0.25,0.4216867444476702,0.3793367647058823,0.171368775331286,0.063399999998415,0.8810572648411574,0.8810572648411574,1,ZB0327.png
0.9999999761904768,0.9999999761904768,0.9999999761904768,1.689655143281808,0.4869772466514547,0.2450979341830393,0.102642998024914,0.8590308332201285,0.8590308332201285,0,za0791.png
0.9999999714285724,0.9999999714285724,0.9999999714285724,1.3734939593554945,0.5603190893077913,0.3853408052657767,0.1218537134405508,0.9999999955947136,0.9999999955947136,1,ZA0191.png
0.99999997826087,0.9999999767441866,0.9999999775025284,0.6036585329045212,0.3256934566500817,0.1807901763737341,0.030047954289612,0.8722466921927459,0.8722466921927459,1,O0129.png
0.9999999736842112,0.9999999736842112,0.9999999736842112,2.933333137777791,0.593732445948011,0.2338955879526228,0.0845650810688714,0.806167397329659,0.806167397329659,0,n0305.png
0.9999999666666678,0.9999999777777784,0.999999972222223,0.4429530171613891,0.4358543093500552,0.1954912666562613,0.0894612093857827,0.8193832563022764,0.8193832563022764,0,u0009.png
0.9999999777777784,0.9999999687500012,0.9999999732638898,0.3454545433608815,0.4765384582652505,0.2306838201294179,0.0774468315951213,0.8458149742475112,0.8458149742475112,0,zb0566.png
0.9999999761904768,0.9999999761904768,0.9999999761904768,0.6298701257800642,0.318899994156969,0.2083933836127475,0.0721898574438994,0.850220260571717,0.850220260571717,0,y0613.png
0.9999999750000008,0.9999999714285724,0.9999999732142866,0.9195402193156296,0.3796198452108805,0.1367223683752553,0.0160602004995818,0.8766519785169516,0.8766519785169516,1,W0440.png
0.25,0.25,0.25,0.6666666222222252,0.4537187341862466,0.1308273976336242,0.0541766806663332,0.9295154144074212,0.9295154144074212,1,J0109.png
0.9999999767441866,0.9999999736842112,0.999999975214199,0.4901960760284506,0.4233081010160279,0.2198349032394331,0.063963981446099,0.9999999955947136,0.9999999955947136,0,zb0340.png
0.999999972222223,0.9999999729729736,0.9999999725975984,1.407407355281209,0.6119653898332635,0.1874604507675675,0.0676479965972035,0.8546255468959227,0.8546255468959227,1,V0043.png
0.999999956521741,0.9999999814814818,0.9999999690016116,0.9999997500000624,0.6660728233175386,0.1949135492474202,0.0631238362668073,0.7973568246812475,0.7973568246812475,1,K0247.png
0.999999974358975,0.9999999795918372,0.999999976975406,0.4320987627648224,0.446513767585895,0.2153789178953923,0.0843872887638328,0.8546255468959227,0.8546255468959227,0,u0494.png
0.9999999791666672,0.9999999787234048,0.999999978945036,0.476190464852608,0.4925653160615931,0.1589556913875454,0.0416888085864149,0.8546255468959227,0.8546255468959227,0,x0963.png
0.9999999800000005,0.9999999800000005,0.9999999800000005,0.7244094431148863,0.3335713656918344,0.1924314200081337,0.0471112948946387,0.8105726836538648,0.8105726836538648,0,l0236.png
0.9999999791666672,0.9999999791666672,0.9999999791666672,3.3928570216836778,0.5444774343207791,0.2032407282731027,0.0482909213054424,0.8325991152748937,0.8325991152748937,1,L0584.png
0.9999999729729736,0.9999999729729736,0.9999999729729736,0.1851851783264748,0.5613924141085005,0.1845155707766197,0.0447469804236581,0.8634361195443343,0.8634361195443343,0,d0901.png
0.9999999772727278,0.9999999772727278,0.9999999772727278,0.401041664577908,0.429685372412854,0.191825464226723,0.0499674479153112,0.8458149742475112,0.8458149742475112,1,G0396.png
0.9999999677419364,0.9999999677419364,0.9999999677419364,0.6590909040977962,0.38331392755041,0.2822254902661107,0.1403938373599532,0.8722466921927459,0.8722466921927459,0,a1156.png
0.9999999729729736,0.9999999736842112,0.9999999733285924,0.5336538435882027,0.4093885833943118,0.2262582555385863,0.0675930058788722,0.9999999955947136,0.9999999955947136,0,zb0817.png
0.9999999777777784,0.9999999787234048,0.9999999782505916,0.5925925871056242,0.3905833729108713,0.1984745622806845,0.0810986159150062,0.8986784101379806,0.8986784101379806,1,Q0406.png
0.9999999729729736,0.9999999655172426,0.999999969245108,0.4465408776947114,0.4398239548284797,0.210871938534188,0.096620644310411,0.8590308332201285,0.8590308332201285,0,u0292.png
0.9999999756097568,0.9999999756097568,0.9999999756097568,0.2173912996219282,0.4000392483176702,0.1541879625467793,0.0363812869814076,0.9162995554348036,0.9162995554348036,1,X0703.png
0.9999999600000016,0.9999999736842112,0.9999999668421063,0.3562499977734375,0.4654682882533969,0.2251360511511303,0.0730427464648636,0.8854625511653632,0.8854625511653632,0,zb0582.png
0.9999999850746272,0.9999999850746272,0.9999999850746272,0.8235294036908882,0.4099923714875599,0.2048970874803852,0.0935633551435202,0.9030836964621864,0.9030836964621864,1,P0003.png
0.25,0.25,0.25,1.9019607470203777,0.4882093426379652,0.2465101036309017,0.1005664581572507,0.850220260571717,0.850220260571717,0,za0846.png
0.25,0.25,0.25,0.7111111058436215,0.2447919438052899,0.1268830143496444,0.0247526109474862,0.8414096879233054,0.8414096879233054,1,Y0861.png
0.9999999696969708,0.999999972222223,0.9999999709595968,0.4615384590025359,0.4585190609917136,0.2462932520939799,0.082761493969151,0.889867837489569,0.889867837489569,0,zb0212.png
0.25,0.25,0.25,0.4382716022328913,0.3657179899702258,0.1673037225959666,0.0651161650802588,0.889867837489569,0.889867837489569,1,ZB0331.png
0.25,0.25,0.25,1.4923076693491129,0.4516775761213189,0.2489403515304968,0.105218407904527,0.8546255468959227,0.8546255468959227,0,za0565.png
0.9999999756097568,0.9999999756097568,0.9999999756097568,0.626373622932013,0.3506969424032688,0.2011898492118332,0.029109821653261,0.9999999955947136,0.9999999955947136,1,O1619.png
0.9999999750000008,0.9999999696969708,0.9999999723484856,0.4571428545306122,0.4626070543871193,0.2432869862953503,0.0790384081190111,0.8766519785169516,0.8766519785169516,0,zb0624.png
0.9999999772727278,0.9999999772727278,0.9999999772727278,0.99999950000025,0.4886180660298307,0.1154712919421834,0.0371860618004684,0.8590308332201285,0.8590308332201285,0,k0188.png
0.9999999696969708,0.999999972222223,0.9999999709595968,0.4069767418199027,0.3684607907594333,0.1583678029757138,0.0514924391833927,0.8590308332201285,0.8590308332201285,1,ZB1233.png
0.999999974358975,0.9999999666666678,0.9999999705128214,0.6249999609375024,0.5701712019988051,0.186331864560832,0.0451523545693863,0.8370044015990996,0.8370044015990996,0,d0197.png
0.9999999855072468,0.9999999855072468,0.9999999855072468,0.7708333253038195,0.3124517530964711,0.1545666878097397,0.0558679354081154,0.8986784101379806,0.8986784101379806,1,A0385.png
0.9999999714285724,0.9999999750000008,0.9999999732142866,2.874999820312511,0.407732675271487,0.1658004028430933,0.0653435900350212,0.8237885426264822,0.8237885426264822,0,zc0281.png
0.25,0.25,0.25,0.321243521651588,0.4434521468927445,0.1897068015113476,0.0499879191374268,0.850220260571717,0.850220260571717,1,G0477.png
0.25,0.25,0.25,0.2857142811791384,0.3837089436974223,0.1587555239926913,0.0524471597661227,0.9295154144074212,0.9295154144074212,1,B0160.png
0.9999999523809546,0.9999999523809546,0.9999999523809546,0.8904109467066994,0.5362994933673667,0.239525614937643,0.1017751479263175,0.8590308332201285,0.8590308332201285,1,T0505.png
0.9999999772727278,0.9999999750000008,0.9999999761363644,2.874999820312511,0.4066379174543163,0.1670039915543289,0.07180411152907,0.8105726836538648,0.8105726836538648,0,zc0240.png
0.9999999777777784,0.9999999791666672,0.9999999784722228,0.6271186334386673,0.4616286819965586,0.1638220914327179,0.057636721006543,0.8193832563022764,0.8193832563022764,0,x1169.png
0.25,0.25,0.25,0.7708333253038195,0.2944253153010531,0.1457234361845606,0.0559880815057673,0.8986784101379806,0.8986784101379806,1,A1147.png
0.9999999615384628,0.9999999767441866,0.9999999691413248,0.0869565198487713,0.4846156466155766,0.1326307281984407,0.0504461629970149,0.9030836964621864,0.9030836964621864,0,j0392.png
0.25,0.25,0.25,2.0799999168000034,0.4687540506690507,0.2052695417078737,0.0681794026977314,0.8546255468959227,0.8546255468959227,1,N0855.png
0.9999999545454564,0.9999999642857156,0.999999959415586,0.5026177984156136,0.2588686778129469,0.1401758332595863,0.0410624708741245,0.8414096879233054,0.8414096879233054,0,h0282.png
0.9999999750000008,0.9999999750000008,0.9999999750000008,0.5745856321846098,0.3309135271649326,0.1803982858401681,0.0318793904167686,0.911894269110598,0.911894269110598,1,O1293.png
0.25,0.25,0.25,0.6866666620888889,0.2314478642809748,0.0843376208595983,0.0219389197845711,0.907488982786392,0.907488982786392,1,M0515.png
0.9999999756097568,0.9999999756097568,0.9999999756097568,0.3170731629982155,0.4831002915737657,0.1555340169333221,0.04151098971781,0.8678414058685401,0.8678414058685401,0,x0936.png
0.999999958333335,0.999999958333335,0.999999958333335,0.7659574386600273,0.2972907387751516,0.1450324683848201,0.0611123487027273,0.8854625511653632,0.8854625511653632,1,A0983.png
0.25,0.25,0.25,0.6762589879405828,0.2441311834828997,0.1218744793894628,0.0264259846076724,0.8281938289506879,0.8281938289506879,1,Y0976.png
0.9999999821428576,0.99999997826087,0.9999999802018638,0.3124999902343753,0.4151463136014532,0.1759497075660438,0.0272931333530432,0.8722466921927459,0.8722466921927459,0,b0178.png
0.25,0.25,0.25,0.8055555443672842,0.536315221936137,0.2347611311924533,0.1083307825704435,0.8722466921927459,0.8722466921927459,1,T0584.png
0.25,0.25,0.25,0.3333333111111126,0.5369881372549019,0.1614157065963997,0.0450249999988743,0.8810572648411574,0.8810572648411574,0,x0508.png
0.9999999629629645,0.9999999615384628,0.9999999622507136,0.1666666638888889,0.6014909564157386,0.2213311874076331,0.100002859672853,0.8237885426264822,0.8237885426264822,0,r0197.png
0.25,0.25,0.25,0.6861313818530557,0.2453845114356188,0.1229822419855072,0.0295976436263662,0.8237885426264822,0.8237885426264822,1,Y1011.png
0.25,0.25,0.25,0.6442952976892933,0.3949605970860566,0.2064952886692349,0.0648871527760176,0.8458149742475112,0.8458149742475112,0,q0171.png
0.9999999705882362,0.9999999705882362,0.9999999705882362,0.1685393239489963,0.3884633996285791,0.1421201028074293,0.0317163726362756,0.8942731238137748,0.8942731238137748,1,I0908.png
0.9999999787234048,0.9999999787234048,0.9999999787234048,2.045454498966943,0.5204301194509287,0.2342397777810117,0.081346026956326,0.907488982786392,0.907488982786392,0,n1043.png
0.999999956521741,0.999999956521741,0.999999956521741,0.8695652047889101,0.534477656079793,0.2395444220635469,0.1136881510385826,0.8458149742475112,0.8458149742475112,1,T0424.png
0.99999997826087,0.9999999736842112,0.9999999759725406,0.4166666608796297,0.3657390413984426,0.1545089590904412,0.0409322273531687,0.907488982786392,0.907488982786392,0,m0027.png
0.25,0.25,0.25,0.6859504075541288,0.3779803758237989,0.2829256296036878,0.131403581837479,0.8634361195443343,0.8634361195443343,0,a0209.png
0.9999999803921572,0.9999999803921572,0.9999999803921572,0.8141592848304489,0.3546951032794497,0.1900697479169414,0.0431186359687324,0.806167397329659,0.806167397329659,0,l0300.png
0.9999999655172426,0.9999999655172426,0.9999999655172426,0.7073170674201864,0.3775915026538415,0.2787998459541194,0.1330773980473817,0.850220260571717,0.850220260571717,0,a0572.png
0.999999983870968,0.999999983870968,0.999999983870968,0.4897959158683881,0.4114093596622322,0.2318447705423675,0.0928779675111183,0.8634361195443343,0.8634361195443343,1,P0908.png
0.9999999629629645,0.999999958333335,0.9999999606481496,1.0714284948979649,0.6253762424637445,0.2138765944381366,0.0772853185574159,0.8370044015990996,0.8370044015990996,0,r0295.png
0.999999956521741,0.9999999500000024,0.9999999532608717,0.4437869796225622,0.4483877224359131,0.2409718392078962,0.084105581005724,0.8634361195443343,0.8634361195443343,0,zb0139.png
0.9999999729729736,0.99999998630137,0.999999979637172,0.5833333090277788,0.4108983514516106,0.1651361522044497,0.0686048210352489,0.8149779699780706,0.8149779699780706,0,zc0401.png
0.9999999772727278,0.9999999756097568,0.9999999764412424,0.5804597667789668,0.3108770574203605,0.1665949340691191,0.0421527301234645,0.889867837489569,0.889867837489569,1,O0717.png
0.25,0.25,0.25,0.3926701550121981,0.3659261587195411,0.1609901122469949,0.0599941182222332,0.889867837489569,0.889867837489569,1,ZB0310.png
0.99999997826087,0.9999999795918372,0.9999999789263536,0.6074766298366671,0.3913441048018792,0.2010383333548625,0.0849514563086777,0.907488982786392,0.907488982786392,1,Q0365.png
0.25,0.25,0.25,0.2487804865913147,0.4179835065495562,0.1816441452799056,0.0406186793565587,0.9030836964621864,0.9030836964621864,1,G0057.png
0.9999999666666678,0.9999999666666678,0.9999999666666678,0.8315789386149586,0.5002369706172439,0.2533972492788584,0.1132282420132326,0.8722466921927459,0.8722466921927459,1,T0774.png
0.9999999545454564,0.9999999545454564,0.9999999545454564,0.4206349172965483,0.3163796121211041,0.1323708562455872,0.0416403626160541,0.8766519785169516,0.8766519785169516,1,S0399.png
0.999999972222223,0.999999972222223,0.999999972222223,0.7499999531250029,0.5966088731812322,0.2313260931174859,0.0867911578802141,0.8237885426264822,0.8237885426264822,0,n0411.png
0.25,0.25,0.25,0.244897954185756,0.4109201960784314,0.1330765101181023,0.0437499999989062,0.8810572648411574,0.8810572648411574,1,X0374.png
0.999999958333335,0.999999958333335,0.999999958333335,0.1969696939853076,0.4379695680073426,0.1295736633305511,0.0490330405864865,0.9295154144074212,0.9295154144074212,1,J0026.png
0.9999999714285724,0.999999974358975,0.9999999728937736,0.3879781399564036,0.444556312149596,0.2030664462024053,0.0584962035015899,0.8414096879233054,0.8414096879233054,0,s0061.png
0.9999999791666672,0.9999999791666672,0.9999999791666672,0.6298701257800642,0.3204989382297716,0.2101548184579931,0.0785949622680785,0.8546255468959227,0.8546255468959227,0,y0422.png
0.25,0.25,0.25,0.7062937013545895,0.222851210730078,0.1148176648186022,0.0206430533892566,0.8854625511653632,0.8854625511653632,1,Y1183.png
0.9999999600000016,0.9999999629629645,0.999999961481483,0.75781249407959,0.2694858501267832,0.1404375097897837,0.0440280275968743,0.850220260571717,0.850220260571717,0,h0157.png
0.25,0.25,0.25,2.454545342975212,0.4602575965023058,0.2035670157658097,0.066744606226306,0.8546255468959227,0.8546255468959227,1,N0526.png
0.9999999677419364,0.9999999761904768,0.9999999719662068,0.6163521973814328,0.3148708462977028,0.213907677008214,0.0755674718847467,0.8634361195443343,0.8634361195443343,0,y0779.png
0.999999956521741,0.9999999736842112,0.9999999651029762,0.898989889909193,0.4295700310271877,0.312129025893393,0.1215563971158744,0.8854625511653632,0.8854625511653632,0,a0300.png
0.9999999791666672,0.9999999772727278,0.9999999782196975,0.6666664444445185,0.4682375430321133,0.1659878790643158,0.0227428683456831,0.889867837489569,0.889867837489569,0,i0884.png
0.9999999545454564,0.999999974358975,0.9999999644522156,0.8115941911363161,0.6089856862745098,0.3588880166026932,0.1562999999960925,0.8810572648411574,0.8810572648411574,1,ZA0674.png
0.9999999795918372,0.9999999795918372,0.9999999795918372,0.6178343909692077,0.3119540323303303,0.2027885350220829,0.0763099160358085,0.8546255468959227,0.8546255468959227,0,y0629.png
0.9999999750000008,0.9999999777777784,0.9999999763888896,1.0624999335937542,0.5762934528684468,0.1813071249439639,0.0519449463266036,0.8546255468959227,0.8546255468959227,1,V0362.png
0.9999999761904768,0.9999999714285724,0.9999999738095248,0.0769230749506904,0.4840840302807619,0.1166020598226916,0.0484949434848662,0.9030836964621864,0.9030836964621864,0,j0214.png
0.999999985714286,0.999999985714286,0.999999985714286,0.8041237030502711,0.3019595471958105,0.1458776822549846,0.0666359290430091,0.8942731238137748,0.8942731238137748,1,A0812.png
0.999999958333335,0.9999999750000008,0.999999966666668,0.102040814244065,0.4836690578670492,0.1279153638928755,0.0463533610934835,0.9030836964621864,0.9030836964621864,0,j0537.png
0.9999999767441866,0.9999999729729736,0.9999999748585802,0.4109588984800151,0.4112822745007357,0.2191737554229366,0.0704127644794076,0.8193832563022764,0.8193832563022764,1,ZC1179.png
0.9999999777777784,0.9999999795918372,0.9999999786848076,0.6312499960546876,0.3514041299295917,0.2422578100524495,0.0393098715802541,0.889867837489569,0.889867837489569,0,e0486.png
0.999999958333335,0.9999999750000008,0.999999966666668,0.4270833288845487,0.3403488239495369,0.1438028060663335,0.0530047954276858,0.8722466921927459,0.8722466921927459,1,S0134.png
0.9999999677419364,0.9999999615384628,0.9999999646401996,0.3821989508785395,0.4490542177831714,0.2119745585718017,0.0474735486465626,0.8766519785169516,0.8766519785169516,0,s0312.png
0.9999999795918372,0.9999999729729736,0.9999999762824054,0.1463414616299821,0.4181811965053719,0.1800720247523247,0.0465171081146546,0.907488982786392,0.907488982786392,0,b0475.png
0.9999999642857156,0.9999999642857156,0.9999999642857156,0.8666666088888928,0.5925243722629344,0.2346993870955581,0.0784358738884186,0.8722466921927459,0.8722466921927459,0,n0468.png
0.9999999772727278,0.9999999772727278,0.9999999772727278,0.2499999951923077,0.4033528581849313,0.1303736308900064,0.0437860448987949,0.8854625511653632,0.8854625511653632,1,X1143.png
0.9999999666666678,0.9999999761904768,0.9999999714285724,0.7755101988060531,0.3443716254962464,0.2633821882199984,0.1118205282440602,0.9999999955947136,0.9999999955947136,1,C0293.png
0.9999999600000016,0.9999999615384628,0.9999999607692324,0.3823529299307962,0.6077904295064704,0.2158332990842285,0.0997740856158376,0.8237885426264822,0.8237885426264822,0,r0264.png
0.25,0.25,0.25,0.5597826056533554,0.3213576523077889,0.1663627924189578,0.0371854086144503,0.907488982786392,0.907488982786392,1,O0228.png
0.25,0.25,0.25,0.4285714081632663,0.4931385741532291,0.1540793693386029,0.0426278354468803,0.8986784101379806,0.8986784101379806,0,x0871.png
0.9999999787234048,0.9999999729729736,0.9999999758481892,0.5254237199080726,0.4132085535455965,0.2186894628859938,0.0700365230074496,0.8149779699780706,0.8149779699780706,1,ZC0640.png
0.9999999807692312,0.9999999807692312,0.9999999807692312,3.4444442530864303,0.537755194880125,0.1991527792413792,0.0506167949284003,0.8281938289506879,0.8281938289506879,1,L0256.png
0.9999999687500012,0.9999999687500012,0.9999999687500012,0.7499999921875001,0.3147223167278871,0.1544473288763068,0.0540388197222321,0.889867837489569,0.889867837489569,1,A0381.png
0.999999958333335,0.999999972222223,0.999999965277779,0.3428571330612248,0.6205130062999137,0.21774994759518,0.0932784636462227,0.8325991152748937,0.8325991152748937,0,r0239.png
0.9999999767441866,0.9999999772727278,0.9999999770084572,0.1063829764599366,0.4838452970576927,0.128215465744921,0.0488994617443074,0.8986784101379806,0.8986784101379806,0,j0533.png
0.9999999772727278,0.9999999777777784,0.999999977525253,0.6139240467473162,0.3383717104657106,0.2092916092420039,0.0655319605877867,0.850220260571717,0.850220260571717,0,y0875.png
0.25,0.25,0.25,0.7872340341783614,0.3032210462039487,0.1535692422585931,0.0643502499023368,0.8986784101379806,0.8986784101379806,1,A1103.png
0.25,0.25,0.25,0.4545454338842984,0.3902385620915032,0.1481958884336087,0.078333333311574,0.2643171794523472,0.2643171794523472,0,i0763.png
0.9999999761904768,0.9999999772727278,0.9999999767316023,0.5421052603047092,0.3059403949563168,0.1829016540225044,0.044140392622388,0.9030836964621864,0.9030836964621864,0,o0230.png
0.25,0.25,0.25,0.6861313818530557,0.242616213529323,0.1238192051115498,0.0274728383876337,0.8281938289506879,0.8281938289506879,1,Y0970.png
0.999999972222223,0.999999972222223,0.999999972222223,0.6879432575323173,0.262457684085742,0.1252664083476159,0.0276517490395003,0.850220260571717,0.850220260571717,1,Y0007.png
0.999999974358975,0.9999999729729736,0.9999999736659744,0.9999997500000624,0.4842797475643206,0.1247063648605414,0.0408723160034469,0.8325991152748937,0.8325991152748937,0,k0284.png
0.9999999714285724,0.9999999714285724,0.9999999714285724,0.2033898270611893,0.550971626767502,0.1875114579779628,0.049881167947887,0.8281938289506879,0.8281938289506879,0,d0496.png
0.9999999750000008,0.9999999767441866,0.9999999758720935,0.9374999804687504,0.3844987442270061,0.1452398270327496,0.0351980210766781,0.8678414058685401,0.8678414058685401,1,W0837.png
0.25,0.25,0.25,1.745454513719009,0.4698741380820851,0.2297469879296509,0.1134563197249676,0.8414096879233054,0.8414096879233054,0,za0210.png
0.9999999750000008,0.9999999787234048,0.9999999768617028,0.5441176430579585,0.392495876637389,0.2122249810723474,0.0870910172495635,0.9030836964621864,0.9030836964621864,1,Q0092.png
0.9999999729729736,0.999999974358975,0.9999999736659744,0.401098898895061,0.4308500694452621,0.1997578389303526,0.0506162601146553,0.8237885426264822,0.8237885426264822,0,s0259.png
0.25,0.25,0.25,0.7322834588009176,0.2673524537575465,0.1416452078452665,0.0436755694287294,0.8193832563022764,0.8193832563022764,0,h0030.png
0.25,0.25,0.25,0.7007299218924823,0.2469701391699466,0.127743451369084,0.0272744716420253,0.8414096879233054,0.8414096879233054,1,Y0800.png
0.999999974358975,0.9999999523809546,0.9999999633699648,0.4705882076124583,0.5002236307251319,0.1694519624481854,0.0655324511641921,0.911894269110598,0.911894269110598,0,v0175.png
0.25,0.25,0.25,0.8924731086830848,0.3488521939388,0.121315791458509,0.0167898792165558,0.8634361195443343,0.8634361195443343,1,W0761.png
0.25,0.25,0.25,0.6879432575323173,0.2510833390641834,0.1227670394641605,0.0235147199483602,0.8546255468959227,0.8546255468959227,1,Y0735.png
0.9999999777777784,0.9999999777777784,0.9999999777777784,0.6329113883992951,0.3118396078431372,0.2158857468056142,0.08039999999799,0.8810572648411574,0.8810572648411574,0,y0962.png
0.9999999791666672,0.9999999545454564,0.999999966856062,0.2833333286111112,0.3968078757975528,0.1721345939780742,0.0601308744780456,0.9030836964621864,0.9030836964621864,1,B0235.png
0.999999974358975,0.9999999714285724,0.9999999728937736,1.0439560324839996,0.356203248058226,0.1291811997124756,0.0226592797777656,0.8370044015990996,0.8370044015990996,1,W0351.png
0.9999999814814818,0.9999999821428576,0.9999999818121696,0.6153846094674557,0.3947966462342215,0.2047179105031625,0.0872463483950777,0.889867837489569,0.889867837489569,1,Q0346.png
0.99999997826087,0.99999997826087,0.99999997826087,0.5555555524691358,0.3246234029343528,0.1721703573997919,0.0300460739135857,0.889867837489569,0.889867837489569,1,O1206.png
0.9999999772727278,0.9999999772727278,0.9999999772727278,0.6233766193287232,0.3126733983523965,0.2100521959964356,0.0786675347200882,0.8458149742475112,0.8458149742475112,0,y1238.png
0.9999999642857156,0.9999999642857156,0.9999999642857156,0.1627906957815035,0.3889345238360489,0.1501708426628651,0.0266407413947465,0.8766519785169516,0.8766519785169516,1,I1011.png
0.9999999729729736,0.9999999729729736,0.9999999729729736,0.655172409274673,0.2424092118841996,0.1165906396823885,0.0152908587253382,0.8370044015990996,0.8370044015990996,1,Y0915.png
0.9999999545454564,0.9999999545454564,0.9999999545454564,0.2666666622222223,0.5907675553074454,0.2082391632292939,0.0962179110300322,0.8325991152748937,0.8325991152748937,0,r0056.png
0.9999999666666678,0.99999997826087,0.9999999724637688,0.7684210445429364,0.3011120588235294,0.1452775723012823,0.05839999999854,0.8810572648411574,0.8810572648411574,1,A1066.png
0.9999999777777784,0.9767441633315312,0.9883720705546548,0.2264150900676398,0.4102839215686275,0.1349848592896519,0.0480749999987981,0.8810572648411574,0.8810572648411574,1,X1570.png
0.25,0.25,0.25,0.5363636314876034,0.4337605766875459,0.1457288684309438,0.0525877453883976,0.9030836964621864,0.9030836964621864,1,ZB1269.png
0.9999999777777784,0.9999999736842112,0.9999999757309948,1.71428568367347,0.4603242230051743,0.2262626068183572,0.1058485243026842,0.8458149742475112,0.8458149742475112,0,za0176.png
0.9999999615384628,0.9999999615384628,0.9999999615384628,0.6075949328633232,0.3186656927511554,0.2241943875856987,0.0344837038448923,0.8414096879233054,0.8414096879233054,0,e1009.png
0.9999999824561407,0.9999999836065576,0.9999999830313492,3.1578945706371275,0.5622784033160426,0.2012537133472733,0.050766152242242,0.8414096879233054,0.8414096879233054,1,L0097.png
0.25,0.25,0.25,0.5999999963636364,0.3139782655231259,0.2022647114255159,0.0715233139457319,0.8722466921927459,0.8722466921927459,0,y0395.png
0.982142839604592,0.982142839604592,0.982142839604592,0.2820512748191981,0.4101846348868903,0.1660773500321844,0.0696559934046684,0.7973568246812475,0.7973568246812475,0,zc0669.png
0.25,0.25,0.25,0.4999999973684211,0.1427416218564988,0.1113832042102939,0.0215789473678232,0.8370044015990996,0.8370044015990996,1,H0013.png
0.999999958333335,0.9999999714285724,0.9999999648809536,2.3999999400000016,0.4683303334354575,0.2035909767812501,0.0561523437484767,0.8458149742475112,0.8458149742475112,0,g0023.png
0.9999999767441866,0.9999999750000008,0.9999999758720935,0.6507936456286219,0.4362245664824566,0.285173242974617,0.103553338894534,0.9999999955947136,0.9999999955947136,0,c0341.png
0.9999999666666678,0.9999999761904768,0.9999999714285724,0.3248730947975985,0.3776236460210614,0.1553995396384608,0.0514056017920738,0.8678414058685401,0.8678414058685401,1,U0443.png
0.9999999545454564,0.9999999545454564,0.9999999545454564,1.216666646388889,0.6548026306814823,0.3528514446749291,0.1523873328312405,0.8678414058685401,0.8678414058685401,1,ZA0113.png
0.9999999772727278,0.9999999772727278,0.9999999772727278,0.5022026409594598,0.5666262934368957,0.3737219377936802,0.0807506452661462,0.9999999955947136,0.9999999955947136,1,ZA0215.png
0.9999999615384628,0.9999999545454564,0.9999999580419596,0.710743795778977,0.3818626032924675,0.2792323923001899,0.142222222218482,0.8590308332201285,0.8590308332201285,0,a0044.png
0.9999999736842112,0.9999999736842112,0.9999999736842112,0.7887323832572904,0.5128214472105007,0.2363004405415291,0.1302595871787983,0.8414096879233054,0.8414096879233054,1,T1010.png
0.9999999821428576,0.9999999830508478,0.9999999825968526,1.3888888117283993,0.5868952472293265,0.196603458808546,0.0506852551969906,0.8105726836538648,0.8105726836538648,1,L0132.png
0.9999999787234048,0.9999999677419364,0.9999999732326704,0.0909090888429752,0.47912463439597,0.1251217958509647,0.0454269698355838,0.8942731238137748,0.8942731238137748,0,j0317.png
0.9999999677419364,0.9999999750000008,0.9999999713709686,0.3722627710053812,0.4463315816676847,0.1990005713744813,0.0571001571785642,0.8678414058685401,0.8678414058685401,0,s0038.png
0.9999999615384628,0.9999999615384628,0.9999999615384628,0.7443608966589407,0.305347293493461,0.213757548888635,0.0748648097113849,0.8722466921927459,0.8722466921927459,0,y0266.png
0.9999999772727278,0.9999999756097568,0.9999999764412424,0.6153846059171599,0.3871381205543441,0.173406290991004,0.0639837567663477,0.8634361195443343,0.8634361195443343,0,m0069.png
0.9999999772727278,0.9999999772727278,0.9999999772727278,0.6412213691509819,0.4466055225718311,0.1913718993460726,0.0474116828558475,0.8678414058685401,0.8678414058685401,1,G0107.png
0.99999997826087,0.99999997826087,0.99999997826087,0.612499996171875,0.292914723285764,0.2001122675018686,0.0728731097942702,0.8590308332201285,0.8590308332201285,0,y0108.png
0.9999999756097568,0.9999999772727278,0.9999999764412424,1.0444444212345685,0.3906936813987939,0.1491064339125648,0.038477096965176,0.9030836964621864,0.9030836964621864,1,W0824.png
0.9999999642857156,0.999999958333335,0.9999999613095252,0.5026454999860026,0.253837172729174,0.1372633777812919,0.0432798633844718,0.8325991152748937,0.8325991152748937,0,h0315.png
0.999999974358975,0.999999974358975,0.999999974358975,0.1744186026230395,0.396422303849488,0.1351854882875646,0.0301195961172894,0.889867837489569,0.889867837489569,1,I0239.png
0.9999999615384628,0.9999999615384628,0.9999999615384628,0.6060606023875115,0.3213917652109201,0.2239991232115675,0.0346203378693815,0.8766519785169516,0.8766519785169516,0,e0999.png
0.25,0.25,0.25,0.6466666623555556,0.393101098447669,0.2035813633268291,0.0674088638519659,0.8546255468959227,0.8546255468959227,0,q0249.png
0.25,0.25,0.25,0.6510067070402235,0.3983389912453449,0.2037949186628555,0.0697470506942887,0.8546255468959227,0.8546255468959227,0,q0202.png
0.9999999523809546,0.9999999523809546,0.9999999523809546,0.8507462559590111,0.5158695575158536,0.2312207144909422,0.1121532575164163,0.8546255468959227,0.8546255468959227,1,T0318.png
0.25,0.25,0.25,2.1739129489603064,0.4519875726753554,0.2055356571911178,0.0696120973025743,0.8590308332201285,0.8590308332201285,1,N0937.png
0.9999999750000008,0.9999999750000008,0.9999999750000008,3.3571426173469563,0.6127917493528023,0.2447203663152252,0.0867867555162748,0.8634361195443343,0.8634361195443343,0,n0267.png
0.9999999767441866,0.9999999767441866,0.9999999767441866,1.6551723852556486,0.4678762138335776,0.24451459781877,0.1053699185848696,0.8414096879233054,0.8414096879233054,0,za0732.png
0.25,0.25,0.25,0.4207317047516359,0.3443609750807891,0.1523828628462221,0.0635990227908507,0.850220260571717,0.850220260571717,1,ZB1317.png
0.9999999777777784,0.9999999761904768,0.9999999769841276,2.7058821937716355,0.4002770353140678,0.1645446925591378,0.0703838594036772,0.8193832563022764,0.8193832563022764,0,zc1263.png
0.9999999761904768,0.9999999761904768,0.9999999761904768,0.1749999978125,0.395525092976715,0.1591253373525565,0.0346311422599234,0.8678414058685401,0.8678414058685401,1,I0960.png
0.9999999761904768,0.9999999767441866,0.9999999764673316,0.7124999910937502,0.3793030671733451,0.1485641831639102,0.0346289579444508,0.889867837489569,0.889867837489569,1,W1034.png
0.9999999824561407,0.999999983870968,0.9999999831635544,2.2380951315192794,0.5808811053375568,0.198131112743997,0.0457834081602052,0.8237885426264822,0.8237885426264822,1,L0173.png
0.25,0.25,0.25,2.076922997041423,0.4382228410101713,0.1990975249362108,0.0667192636405859,0.8590308332201285,0.8590308332201285,1,N0389.png
0.9999999767441866,0.9999999767441866,0.9999999767441866,0.4387755057267806,0.3113884329241901,0.1312170831689532,0.0512286547258634,0.8634361195443343,0.8634361195443343,1,S0075.png
0.9999999615384628,0.9999999615384628,0.9999999615384628,0.6744185994231117,0.3677882008838634,0.2796858020023476,0.1466176920684976,0.8722466921927459,0.8722466921927459,0,a0226.png
0.9999999600000016,0.9999999761904768,0.9999999680952392,0.9199999816000004,0.3875853313977196,0.1481460235957172,0.0362542163110909,0.8942731238137748,0.8942731238137748,1,W0967.png
0.999999956521741,0.999999972222223,0.999999964371982,1.032967021615747,0.3552258891488764,0.1303530954934953,0.0255083073572161,0.8237885426264822,0.8237885426264822,1,W0284.png
0.999999974358975,0.9999999761904768,0.999999975274726,0.571428568288854,0.3399832492168465,0.2092318453193085,0.047499075442689,0.9162995554348036,0.9162995554348036,0,o0580.png
0.9999999772727278,0.9999999772727278,0.9999999772727278,0.7518248120304758,0.3006319767645309,0.1979491050419138,0.0572754312895353,0.9030836964621864,0.9030836964621864,1,E0178.png
0.9999999696969708,0.9999999696969708,0.9999999696969708,1.6724137642687282,0.2460900384745162,0.1456510159986994,0.0419877043667752,0.850220260571717,0.850220260571717,1,H0528.png
0.9999999821428576,0.9999999803921572,0.9999999812675072,2.2592591755829936,0.538858820664862,0.2039665005616165,0.0511906501080733,0.8149779699780706,0.8149779699780706,1,L0471.png
0.9999999600000016,0.9999999777777784,0.99999996888889,2.0652173464083186,0.4520084028124281,0.1986313526086017,0.0511183897412973,0.8325991152748937,0.8325991152748937,0,g0144.png
0.25,0.25,0.25,0.1830985889704424,0.566169924173736,0.2277368043073079,0.0803282907695293,0.8237885426264822,0.8237885426264822,0,n0922.png
0.25,0.25,0.25,0.2222222139917698,0.555928066563836,0.1792697084158669,0.0467044179153478,0.8722466921927459,0.8722466921927459,0,d0815.png
0.25,0.25,0.25,0.1851851828989483,0.4268384598336657,0.133545265748145,0.0575371802484821,0.9030836964621864,0.9030836964621864,1,J0273.png
0.9999999761904768,0.9999999767441866,0.9999999764673316,1.07692306035503,0.4036377250273966,0.1566002956946875,0.0302249478206028,0.8678414058685401,0.8678414058685401,1,W0411.png
0.25,0.25,0.25,0.15662650413703,0.4120198518738578,0.150077825218183,0.0261537272275463,0.8678414058685401,0.8678414058685401,1,I0125.png
0.25,0.25,0.25,0.6510067070402235,0.3964326980221603,0.2055267622711112,0.0663105049782192,0.850220260571717,0.850220260571717,0,q0142.png
0.25,0.25,0.25,2.454545342975212,0.4610765421269519,0.2035372317680071,0.0662536662902263,0.8414096879233054,0.8414096879233054,1,N0615.png
0.9999999807692312,0.9999999777777784,0.9999999792735048,0.6282051241781723,0.3273923502339791,0.2087792699447327,0.0698224852052643,0.8590308332201285,0.8590308332201285,0,y0505.png
0.999999956521741,0.9999999714285724,0.9999999639751568,0.1976744163061114,0.3720141816161814,0.1176656990293715,0.026590530339511,0.889867837489569,0.889867837489569,1,I1254.png
0.9999999767441866,0.9999999787234048,0.9999999777337956,0.4249999946875001,0.4130549826904254,0.2195937527809245,0.0669937775810149,0.8414096879233054,0.8414096879233054,1,ZC0360.png
0.25,0.25,0.25,0.1428571403061225,0.5526301899833972,0.1829369901293085,0.04829911460628,0.8414096879233054,0.8414096879233054,0,d0588.png
0.9999999791666672,0.9999999791666672,0.9999999791666672,0.6153846114398422,0.2982646352036058,0.20639335991729,0.0738740714324203,0.8414096879233054,0.8414096879233054,0,y0144.png
0.999999958333335,0.999999982758621,0.999999970545978,2.1304346899811004,0.5440065608854249,0.2037885062682815,0.0548618337364186,0.8193832563022764,0.8193832563022764,1,L0235.png
0.999999956521741,0.999999956521741,0.999999956521741,0.8142857026530614,0.5417466986794718,0.2319603047020604,0.103290295707432,0.8634361195443343,0.8634361195443343,1,T0546.png
0.9999999767441866,0.9999999767441866,0.9999999767441866,1.773584872196512,0.4689421835250157,0.2247062610586008,0.1055506305554762,0.8237885426264822,0.8237885426264822,0,za0150.png
0.9999999714285724,0.9999999705882362,0.9999999710084042,0.2307692218934914,0.4848212745098039,0.1549654076649692,0.0603749999984906,0.8810572648411574,0.8810572648411574,0,v0880.png
0.9999999791666672,0.9999999791666672,0.9999999791666672,0.6111111073388203,0.3056350886872309,0.2057102439990625,0.0722255146983373,0.8678414058685401,0.8678414058685401,0,y1128.png
0.25,0.25,0.25,1.439999971200001,0.5009537631258932,0.2422498366087629,0.0996491625141565,0.8281938289506879,0.8281938289506879,0,za0823.png
0.9999999629629645,0.9999999629629645,0.9999999629629645,0.8630136868080317,0.5319138538612384,0.2386014763711081,0.1117547029410204,0.8546255468959227,0.8546255468959227,1,T0614.png
0.9999999629629645,0.9999999756097568,0.9999999692863606,1.9387754706372355,0.2363527239150508,0.1502690919904051,0.0614127423805702,0.8370044015990996,0.8370044015990996,1,H0498.png
0.25,0.25,0.25,0.2499999947916668,0.4003688747360931,0.1409496767178812,0.0454729327770262,0.9030836964621864,0.9030836964621864,1,X1053.png
0.999999972222223,0.9999999821428576,0.9999999771825404,0.6305732443912533,0.3334845010178051,0.2288414773377697,0.0443969182394703,0.8678414058685401,0.8678414058685401,0,e0591.png
0.9999999761904768,0.9999999761904768,0.9999999761904768,0.3333333288888889,0.3754467707359168,0.1602407377372472,0.0502976113775078,0.8678414058685401,0.8678414058685401,0,m0180.png
0.9999999705882362,0.9999999696969708,0.9999999701426034,0.3655913958839172,0.4561466926925701,0.2114463949005181,0.0526361429051729,0.8193832563022764,0.8193832563022764,0,s0309.png
0.9999999705882362,0.9999999736842112,0.9999999721362238,0.285714284144427,0.4458868742885379,0.1967185183737109,0.0558616467693127,0.8722466921927459,0.8722466921927459,0,s0035.png
0.9999999767441866,0.9999999761904768,0.9999999764673316,0.9402984934283808,0.3779089435253268,0.1395922868586678,0.0256076388881942,0.8458149742475112,0.8458149742475112,1,W0408.png
0.999999958333335,0.9999999629629645,0.9999999606481496,0.8648648570732896,0.4045177590369878,0.3043877166549644,0.1272575847679415,0.9030836964621864,0.9030836964621864,0,a0355.png
0.25,0.25,0.25,0.588235259515573,0.3777937605843586,0.130652007275306,0.0827263267214551,0.2731277521007588,0.2731277521007588,0,i0742.png
0.9999999736842112,0.9999999772727278,0.9999999754784696,0.4117647018454441,0.3182992531774468,0.1420649758979097,0.0483879195988065,0.8722466921927459,0.8722466921927459,1,S0029.png
0.9999999736842112,0.9999999642857156,0.9999999689849636,0.9423076832470416,0.35760518750564,0.1396296845058245,0.0261143984214039,0.8590308332201285,0.8590308332201285,1,W0156.png
0.9999999772727278,0.9999999750000008,0.9999999761363644,0.5445026149502481,0.314554418290985,0.1934264933067498,0.0493481878686818,0.9162995554348036,0.9162995554348036,0,o0166.png
0.99999997826087,0.9999999761904768,0.9999999772256736,2.529411615916964,0.3975570556091289,0.1599226966854865,0.0704709008907261,0.806167397329659,0.806167397329659,0,zc1617.png
0.25,0.25,0.25,0.6857142808163266,0.2587075759123093,0.1276487118773225,0.0301920572908476,0.8458149742475112,0.8458149742475112,1,Y0284.png
0.9999999767441866,0.9999999767441866,0.9999999767441866,0.483606553413061,0.3409759363590766,0.1625636899603685,0.0434027364653562,0.9030836964621864,0.9030836964621864,1,S0332.png
0.99999997826087,0.99999997826087,0.99999997826087,0.7931034414387634,0.3413367807632473,0.189333756788966,0.0432679387248568,0.806167397329659,0.806167397329659,0,l0132.png
0.9999999696969708,0.9999999696969708,0.9999999696969708,0.7659574386600273,0.3002123974773715,0.1480832722394636,0.0526909126543306,0.889867837489569,0.889867837489569,1,A1018.png
0.9999999629629645,0.9999999677419364,0.9999999653524504,0.447368418698061,0.4472777934003566,0.2411939584753495,0.0794486641248404,0.8942731238137748,0.8942731238137748,0,zb0926.png
0.9999999767441866,0.9999999767441866,0.9999999767441866,0.5599999968,0.2721276265608284,0.1932217635679745,0.0383433985829252,0.8634361195443343,0.8634361195443343,1,E0786.png
0.999999956521741,0.999999972222223,0.999999964371982,0.5799999942,0.5164503174063241,0.2481442023896977,0.123304967043173,0.8766519785169516,0.8766519785169516,1,T0740.png
0.9999999736842112,0.9999999729729736,0.9999999733285924,0.799999840000032,0.48390958424186,0.1307743782802693,0.0345689296117615,0.8634361195443343,0.8634361195443343,0,k0320.png
0.9999999756097568,0.9999999761904768,0.9999999759001168,0.9090909008264464,0.3537398293071426,0.1489578028374264,0.0316153632476044,0.8766519785169516,0.8766519785169516,1,W0139.png
0.9999999772727278,0.9999999772727278,0.9999999772727278,0.5664739851648902,0.3172565965161575,0.1788360679933686,0.0278790087456299,0.8634361195443343,0.8634361195443343,1,O0436.png
0.25,0.25,0.25,0.5889570516014905,0.2368947359651626,0.1253707050939141,0.0142265837007147,0.8414096879233054,0.8414096879233054,1,Y1196.png
0.9999999772727278,0.99999997826087,0.9999999777667988,0.4366197121602858,0.414761085379926,0.2215597088740521,0.0688807954656931,0.8193832563022764,0.8193832563022764,1,ZC0222.png
0.9999999677419364,0.9999999761904768,0.9999999719662068,0.5024875596891166,0.3316403059330214,0.1884066752295222,0.0415831291294378,0.8854625511653632,0.8854625511653632,1,U0139.png
0.25,0.25,0.25,0.3333333148148158,0.4933041401707522,0.1554304108862274,0.0426251862315945,0.8766519785169516,0.8766519785169516,0,x0729.png
0.9999999750000008,0.9999999750000008,0.9999999750000008,0.4999999974489796,0.3920954095924084,0.2017446743914214,0.0690077051210691,0.8634361195443343,0.8634361195443343,0,q0367.png
0.9999999750000008,0.9999999761904768,0.9999999755952388,0.5478723375113174,0.3169577399073847,0.1892550389076566,0.0444735276610476,0.9030836964621864,0.9030836964621864,0,o0267.png
0.9999999772727278,0.9999999772727278,0.9999999772727278,0.2399999952000001,0.3993911476600152,0.1317912185823482,0.0434856463383366,0.8942731238137748,0.8942731238137748,1,X1094.png
0.9999999729729736,0.9999999750000008,0.9999999739864872,0.1886792417230332,0.4894648967154077,0.1570062834650994,0.0664630174509453,0.9295154144074212,0.9295154144074212,0,v0295.png
0.9999999750000008,0.9999999807692312,0.999999977884616,0.614457827623748,0.3320206783213093,0.2254591851928295,0.0332083813909744,0.8986784101379806,0.8986784101379806,0,e1064.png
0.9999999705882362,0.9999999800000005,0.9999999752941184,0.5507246350206539,0.3962527097819275,0.2269024916589943,0.0702517029232034,0.9999999955947136,0.9999999955947136,0,zb1052.png
0.9999999791666672,0.9999999791666672,0.9999999791666672,0.4499999887500003,0.4814103708008479,0.1579353394317223,0.0476254396078384,0.850220260571717,0.850220260571717,0,x1112.png
0.9999999729729736,0.9999999736842112,0.9999999733285924,0.432432426588751,0.4090684857594327,0.2175417182322022,0.0648340848634283,0.8193832563022764,0.8193832563022764,1,ZC1149.png
0.9999999666666678,0.9999999666666678,0.9999999666666678,0.6071428535289116,0.3259913239968996,0.2294519954253731,0.0429517823765936,0.8942731238137748,0.8942731238137748,0,e1048.png
0.25,0.25,0.25,2.499999750000025,0.785113935834965,0.2879407208134684,0.1160941742919824,0.8325991152748937,0.8325991152748937,1,ZA0942.png
0.25,0.25,0.25,0.4166666319444473,0.4072156862745098,0.1194978652515073,0.0778698224667763,0.2863436110733762,0.2863436110733762,0,i0083.png
0.9999999729729736,0.999999974358975,0.9999999736659744,0.9999996666667778,0.4807654420275054,0.1257925707914907,0.0389539930544988,0.8458149742475112,0.8458149742475112,0,k0370.png
0.9999999714285724,0.9999999767441866,0.9999999740863794,0.3736263715734815,0.43587798089868,0.2318096485302402,0.0810080553500919,0.8766519785169516,0.8766519785169516,0,zb0174.png
0.9999999803921572,0.9999999803921572,0.9999999803921572,0.4418604548404545,0.4105701499046716,0.1344224439392939,0.0479032751747805,0.8722466921927459,0.8722466921927459,1,X0536.png
0.25,0.25,0.25,0.5581395316387237,0.2121312891476034,0.118281429469155,0.0197482638883531,0.8458149742475112,0.8458149742475112,1,Y1194.png
0.9999999777777784,0.9999999777777784,0.9999999777777784,0.2452830142399431,0.4058967672611482,0.134857907499748,0.0466820128203093,0.8854625511653632,0.8854625511653632,1,X1337.png
0.9999999600000016,0.9999999687500012,0.9999999643750012,0.1571428548979592,0.5551253852171191,0.2278916277185927,0.0816824883220389,0.7973568246812475,0.7973568246812475,0,n0827.png
0.999999956521741,0.9999999600000016,0.9999999582608712,0.4999999974226804,0.1425323897228144,0.1116781788396289,0.0302901477300911,0.8546255468959227,0.8546255468959227,1,H0068.png
0.25,0.25,0.25,0.7872340341783614,0.319712474763984,0.1639604621447939,0.0606906258326896,0.8942731238137748,0.8942731238137748,1,A0669.png
0.9999999736842112,0.9999999736842112,0.9999999736842112,0.6333333298148148,0.3660203525218428,0.2060820940965589,0.0286828776023465,0.9999999955947136,0.9999999955947136,1,O1409.png
0.25,0.25,0.25,0.2567567532870709,0.4619429874192211,0.199305509944803,0.0652566691448279,0.8546255468959227,0.8546255468959227,1,N0144.png
0.9999999787234048,0.9999999800000005,0.9999999793617026,0.5639534850932937,0.3017162192536817,0.1753329535005536,0.0250744986435857,0.850220260571717,0.850220260571717,1,O0593.png
0.9999999767441866,0.9999999777777784,0.9999999772609824,2.8666664755555686,0.3981178848044122,0.1622043647326577,0.0716348766029444,0.8237885426264822,0.8237885426264822,0,zc1481.png
0.9999999777777784,0.9999999777777784,0.9999999777777784,0.4318181720041325,0.4099932116984568,0.1379462663132223,0.0509835610198989,0.8766519785169516,0.8766519785169516,1,X0524.png
0.9999999761904768,0.9999999761904768,0.9999999761904768,0.6490066182184993,0.3931831225586881,0.2022526439520274,0.064378698223159,0.8590308332201285,0.8590308332201285,0,q0396.png
0.9999999772727278,0.9999999705882362,0.999999973930482,0.7428571375510205,0.3237000014502842,0.2509157938850526,0.0919933431931399,0.9162995554348036,0.9162995554348036,1,C0252.png
0.999999974358975,0.9999999729729736,0.9999999736659744,1.333332888889037,0.4771907703701762,0.1189955860501849,0.0424246924570573,0.8854625511653632,0.8854625511653632,0,k0050.png
0.999999972222223,0.9999999736842112,0.9999999729532172,0.4345549715468326,0.4366319064558547,0.2341665360567694,0.0831384844275922,0.8546255468959227,0.8546255468959227,0,zb0714.png
0.9999999803921572,0.9999999803921572,0.9999999803921572,0.7322834588009176,0.3490140535344673,0.1906051124831967,0.0406983466284917,0.8193832563022764,0.8193832563022764,0,l0197.png
0.9999999777777784,0.9999999777777784,0.9999999777777784,0.2023809499716553,0.3911402380773895,0.1306963997111338,0.0268110969506222,0.889867837489569,0.889867837489569,1,I0278.png
0.25,0.25,0.25,2.0384614600591746,0.4594179393682894,0.2072564141279586,0.0684582136414814,0.850220260571717,0.850220260571717,1,N0845.png
0.25,0.25,0.25,0.5291005263010554,0.3274623529411765,0.1671223156337173,0.0374499999990637,0.8810572648411574,0.8810572648411574,1,O0089.png
0.999999958333335,0.9999999767441866,0.9999999675387607,0.2222222172839507,0.409476862745098,0.1371807331505136,0.0476999999988075,0.8810572648411574,0.8810572648411574,1,X0632.png
0.9999999756097568,0.9999999787234048,0.9999999771665808,0.3898305018672796,0.3961509925016963,0.1315732087608837,0.0459268699135886,0.889867837489569,0.889867837489569,1,X0862.png
0.25,0.25,0.25,0.2222222181069959,0.4082336997827842,0.1320732826630819,0.0461351986049308,0.8766519785169516,0.8766519785169516,1,X0478.png
0.9999999629629645,0.9999999545454564,0.9999999587542104,0.5026177984156136,0.2650134827100435,0.1414817667925188,0.0446807927402022,0.8414096879233054,0.8414096879233054,0,h0034.png
0.9999999666666678,0.9999999756097568,0.9999999711382124,0.4121212096235078,0.4605692333475139,0.234854654743838,0.0853385930286564,0.8590308332201285,0.8590308332201285,0,zb0541.png
0.9999999756097568,0.9999999767441866,0.9999999761769716,0.4133333278222223,0.4096202855302091,0.2135197427926504,0.0606823186233326,0.8237885426264822,0.8237885426264822,1,ZC0908.png
0.9999999736842112,0.9999999666666678,0.9999999701754396,0.2199999978,0.3820836254532571,0.165217139782976,0.0383025759314133,0.8986784101379806,0.8986784101379806,0,b0039.png
0.9999999655172426,0.9999999677419364,0.9999999666295896,2.621621550766985,0.2893162548382665,0.1703814442028392,0.0642970281064109,0.850220260571717,0.850220260571717,1,H0125.png
0.999999972222223,0.9999999750000008,0.9999999736111118,0.3068783052546121,0.4328555912160783,0.2001144666872361,0.0517753019561699,0.8634361195443343,0.8634361195443343,0,s0237.png
0.9999999767441866,0.9999999791666672,0.9999999779554268,0.99999950000025,0.4823682067982902,0.1583424670258066,0.0232602845054003,0.8986784101379806,0.8986784101379806,0,i0700.png
0.25,0.25,0.25,0.7067669119791962,0.2557872266696721,0.1326681037187015,0.0218765192020968,0.8237885426264822,0.8237885426264822,1,Y0502.png
0.25,0.25,0.25,2.0416665815972257,0.5520839968640517,0.2378437590155091,0.0767128279863413,0.8634361195443343,0.8634361195443343,0,n0697.png
0.9999999777777784,0.9999999761904768,0.9999999769841276,2.8666664755555686,0.4129520877349049,0.166141588080956,0.0793064744778087,0.8105726836538648,0.8105726836538648,0,zc0488.png
0.9999999861111112,0.9999999861111112,0.9999999861111112,1.0156249841308596,0.4272287276054007,0.1989248878050981,0.0859017961503374,0.8546255468959227,0.8546255468959227,1,P0321.png
0.999999974358975,0.9999999629629645,0.9999999686609696,0.3552631555574792,0.4420540321015662,0.1863600449176831,0.045939189877412,0.8722466921927459,0.8722466921927459,0,s0456.png
0.9999999687500012,0.9999999629629645,0.9999999658564828,0.398692807851681,0.4526752638136019,0.2225030499249897,0.0702457859936574,0.8854625511653632,0.8854625511653632,0,zb0591.png
0.9999999736842112,0.999999974358975,0.9999999740215932,0.970149239251504,0.4264841539182087,0.2433457912012576,0.0477466567021117,0.8678414058685401,0.8678414058685401,1,F0247.png
0.999999972222223,0.9999999767441866,0.9999999744832048,0.433734937146175,0.4414451960784313,0.2161544083473014,0.0885499999977862,0.8810572648411574,0.8810572648411574,0,u0252.png
0.9999999772727278,0.9999999772727278,0.9999999772727278,0.2173912996219282,0.4078055726634605,0.1444395177620023,0.0511125962216006,0.8854625511653632,0.8854625511653632,1,X1201.png
0.9999999803921572,0.9999999803921572,0.9999999803921572,0.2307692248520712,0.4315304971007367,0.1338239784683104,0.0459331835043071,0.8766519785169516,0.8766519785169516,1,X0014.png
0.9999999523809546,0.9999999523809546,0.9999999523809546,0.6562499897460939,0.5400191256994584,0.2305644256668312,0.1154984185257754,0.8722466921927459,0.8722466921927459,1,T0640.png
0.25,0.25,0.25,0.401129941236554,0.3380998537564194,0.1598872237505711,0.0649933680220132,0.8722466921927459,0.8722466921927459,1,ZB0116.png
0.9999999756097568,0.9999999629629645,0.9999999692863606,0.8849557443809226,0.3525614078868082,0.1322986625881774,0.0235852629978135,0.8766519785169516,0.8766519785169516,1,W0168.png
0.9999999736842112,0.9999999777777784,0.9999999757309948,0.4383561583786828,0.4116534588899187,0.2190906760799649,0.061626011608521,0.8237885426264822,0.8237885426264822,1,ZC1100.png
0.25,0.25,0.25,0.3260869494328924,0.4878121559634186,0.1599969421045073,0.0464582957549419,0.8678414058685401,0.8678414058685401,0,x1459.png
0.9999999750000008,0.9999999767441866,0.9999999758720935,0.5642458069036547,0.3331023871169878,0.2063668294479907,0.0508038427592686,0.889867837489569,0.889867837489569,0,o0661.png
0.999999972222223,0.999999972222223,0.999999972222223,0.5786516821424063,0.3271109866909286,0.1772540146022194,0.0344318857814531,0.9030836964621864,0.9030836964621864,1,O0069.png
0.9999999841269844,0.9999999818181822,0.9999999829725832,0.799999840000032,0.599617410733468,0.184899875312015,0.0560116873614021,0.8149779699780706,0.8149779699780706,1,K0079.png
0.9999999777777784,0.9999999777777784,0.9999999777777784,0.6172839468068892,0.3212923529411765,0.2180053061795811,0.0745749999981356,0.8810572648411574,0.8810572648411574,0,y0776.png
0.25,0.25,0.25,0.6985294066284603,0.2476243550051599,0.1269052516881862,0.0240443213289738,0.8370044015990996,0.8370044015990996,1,Y0802.png
0.9999999545454564,0.9999999545454564,0.9999999545454564,0.7938144248060369,0.3149696501668443,0.1507877359751796,0.0551578538655352,0.8942731238137748,0.8942731238137748,1,A0496.png
0.25,0.25,0.25,0.2407407362825789,0.4040457162048503,0.130729297948088,0.0433900150975621,0.8854625511653632,0.8854625511653632,1,X1139.png
0.999999985294118,0.999999985294118,0.999999985294118,0.791666658420139,0.3136633086721602,0.1521034926691302,0.0557788452098868,0.889867837489569,0.889867837489569,1,A0479.png
0.9999999642857156,0.9999999642857156,0.9999999642857156,0.1807228893888808,0.4190806862745098,0.1292735212245802,0.0561499999985962,0.8810572648411574,0.8810572648411574,1,J0475.png
0.25,0.25,0.25,1.7017543561095727,0.4427004599267701,0.2165946848822717,0.0713146986908461,0.8546255468959227,0.8546255468959227,1,N0253.png
0.9999999666666678,0.9999999750000008,0.9999999708333344,0.8191489274558625,0.303568561788568,0.14568638751462,0.0565653134010394,0.8942731238137748,0.8942731238137748,1,A0022.png
0.25,0.25,0.25,0.6760563332672089,0.2614021650326797,0.1237805342046948,0.0227864583327152,0.8458149742475112,0.8458149742475112,1,Y0018.png
0.25,0.25,0.25,0.2739725989866767,0.4569499761710239,0.2045863663268829,0.0682779947898145,0.8458149742475112,0.8458149742475112,1,N0956.png
0.9999999687500012,0.9999999761904768,0.999999972470239,0.7238805916128315,0.3167484954195375,0.2326400620400134,0.1123251630886111,0.850220260571717,0.850220260571717,1,C0011.png
0.9999999787234048,0.9999999787234048,0.9999999787234048,0.424242421671258,0.3426869348579442,0.1522462294565744,0.0623051354051301,0.8678414058685401,0.8678414058685401,1,ZB0487.png
0.25,0.25,0.25,0.833333326388889,0.3091542156862745,0.2085592298452015,0.0583749999985406,0.8810572648411574,0.8810572648411574,1,E0037.png
0.9999999714285724,0.999999958333335,0.9999999648809536,0.9999997500000624,0.6658706460515282,0.1944530774771702,0.0691065596267175,0.7973568246812475,0.7973568246812475,1,K0225.png
0.25,0.25,0.25,0.6857142808163266,0.2592670587052835,0.1258327511554985,0.0286450481064486,0.8414096879233054,0.8414096879233054,1,Y0369.png
0.9999999655172426,0.9999999655172426,0.9999999655172426,0.8235293633218022,0.5977701284595471,0.2358938105557744,0.0804612661370142,0.8634361195443343,0.8634361195443343,0,n0486.png
0.999999974358975,0.9999999756097568,0.999999974984366,0.97435896603112,0.3535381371007911,0.2356741941971626,0.0551340022112764,0.9999999955947136,0.9999999955947136,1,E0366.png
0.9999999777777784,0.9999999787234048,0.9999999782505916,0.7863247796040618,0.3215424496830869,0.2052626127077857,0.0736649338352532,0.8105726836538648,0.8105726836538648,0,y0552.png
0.25,0.25,0.25,0.6554054009769905,0.2431099874243235,0.119739051586588,0.0158125050332676,0.850220260571717,0.850220260571717,1,Y0648.png
0.9999999777777784,0.9999999750000008,0.9999999763888896,0.4027777721836421,0.4103973257704053,0.2156931815786692,0.063880217364323,0.8193832563022764,0.8193832563022764,1,ZC0608.png
0.9999999761904768,0.9999999767441866,0.9999999764673316,0.4246575284293489,0.4133050315816611,0.2203406172980481,0.0635500365211526,0.8149779699780706,0.8149779699780706,1,ZC1030.png
0.9999999772727278,0.9999999772727278,0.9999999772727278,0.5447761153374917,0.3997298361866853,0.2114356438413505,0.091863706264613,0.8986784101379806,0.8986784101379806,1,Q0015.png
0.25,0.25,0.25,0.6884057921130016,0.2459595635236262,0.1213787688022519,0.0237955264403629,0.8325991152748937,0.8325991152748937,1,Y0989.png
0.999999956521741,0.9999999767441866,0.9999999666329638,0.2222222172839507,0.4090626500302856,0.1447170453263623,0.0480962896442986,0.8942731238137748,0.8942731238137748,1,X0643.png
0.999999974358975,0.9999999666666678,0.9999999705128214,0.4301075222569083,0.3403068370205225,0.1502733415844852,0.0577623906690503,0.8634361195443343,0.8634361195443343,1,S0133.png
0.9999999756097568,0.9999999756097568,0.9999999756097568,0.2272727221074381,0.3979154825113843,0.151770278304574,0.0530804710233945,0.8678414058685401,0.8678414058685401,1,X0750.png
0.25,0.25,0.25,0.6857142808163266,0.2426199832198442,0.1235341023089201,0.0271648255248714,0.8414096879233054,0.8414096879233054,1,Y0963.png
0.25,0.25,0.25,0.1917808192906737,0.5954979656767602,0.2365067673528492,0.0930156170655135,0.806167397329659,0.806167397329659,0,n0050.png
0.25,0.25,0.25,0.6857142808163266,0.2456956643022879,0.1242561574837271,0.0261231874119096,0.8414096879233054,0.8414096879233054,1,Y0780.png
0.25,0.25,0.25,0.4175824152880087,0.2578308335884093,0.1197664784631126,0.0399193959789837,0.8722466921927459,0.8722466921927459,1,ZB0947.png
0.25,0.25,0.25,1.6964285411352047,0.4814347944163815,0.2457277907387918,0.1110803324068952,0.8370044015990996,0.8370044015990996,0,za0559.png
0.99999997826087,0.99999997826087,0.99999997826087,0.6216216174214756,0.3196538279773157,0.2091677400437955,0.0805765595439338,0.8105726836538648,0.8105726836538648,0,y1353.png
0.25,0.25,0.25,0.7428571375510205,0.2425381968615848,0.0827277193741167,0.0203402366859203,0.9162995554348036,0.9162995554348036,1,M0108.png
0.9999999655172426,0.9999999615384628,0.9999999635278528,0.8738738660011364,0.3317180248028767,0.2188836615976833,0.0632231737747799,0.850220260571717,0.850220260571717,1,E0994.png
0.9999999655172426,0.9999999655172426,0.9999999655172426,0.7323943558817697,0.5388799530228758,0.2385531605488316,0.1077745225665208,0.8458149742475112,0.8458149742475112,1,T0415.png
0.9999999687500012,0.9999999642857156,0.9999999665178584,0.8124999492187531,0.6016035171887757,0.2348341523658417,0.078257134417615,0.850220260571717,0.850220260571717,0,n0476.png
0.9999999705882362,0.999999956521741,0.9999999635549884,0.2315789449307479,0.3381186155429824,0.1383955315154649,0.0573975404647004,0.8766519785169516,0.8766519785169516,1,S0182.png
0.999999958333335,0.9999999696969708,0.9999999640151528,0.3953488349107626,0.4553893867796426,0.2375759195246791,0.0817728531833303,0.8370044015990996,0.8370044015990996,0,zb0497.png
0.25,0.25,0.25,0.6305732443912533,0.3091184172883519,0.2019288053315555,0.0756300377493207,0.8722466921927459,0.8722466921927459,0,y0219.png
0.999999958333335,0.9999999729729736,0.9999999656531544,0.7499998125000469,0.6722383426511099,0.194714231704539,0.0527182334693724,0.7753303930602186,0.7753303930602186,1,K0287.png
0.9999999772727278,0.9999999787234048,0.9999999779980664,0.5730337046458781,0.3013974640221332,0.2164657644473284,0.0383986928095348,0.8986784101379806,0.8986784101379806,0,o0414.png
0.9999999736842112,0.9999999761904768,0.999999974937344,0.499999750000125,0.4844670521269732,0.1105023401098773,0.0370939191993676,0.8634361195443343,0.8634361195443343,0,k0124.png
0.9999999729729736,0.9999999615384628,0.9999999672557184,0.3823529383650519,0.4623586274509804,0.1887351996645723,0.0439749999989006,0.8810572648411574,0.8810572648411574,0,s0155.png
0.9999999830508478,0.9999999830508478,0.9999999830508478,0.7741935400624351,0.3137058869000974,0.1633081452617129,0.0598830168244509,0.8678414058685401,0.8678414058685401,1,A0722.png
0.9999999787234048,0.9999999787234048,0.9999999787234048,0.232558134126555,0.4293186297563009,0.1359658235587601,0.0457661939049586,0.8854625511653632,0.8854625511653632,1,X0208.png
0.25,0.25,0.25,0.5026177984156136,0.2687111367668692,0.1351397887707792,0.046544776731818,0.8414096879233054,0.8414096879233054,0,h0599.png
0.9999999761904768,0.9999999761904768,0.9999999761904768,0.9999999777777784,0.38227058056707,0.1421282907917913,0.0294547164666851,0.8854625511653632,0.8854625511653632,1,W0858.png
0.25,0.25,0.25,0.36999999815,0.2677777450980392,0.1272440372379032,0.0363749999990906,0.8810572648411574,0.8810572648411574,1,ZB0583.png
0.25,0.25,0.25,0.7333332844444478,0.422957206941587,0.1547563356500574,0.0710625974446285,0.2951541837217877,0.2951541837217877,0,i0343.png
0.9866666535111112,0.9999999777777784,0.9933333156444448,1.3734939593554945,0.5707374373996139,0.3748690149425531,0.1416677987125372,0.9999999955947136,0.9999999955947136,1,ZA0687.png
0.25,0.25,0.25,1.062499988932292,0.2420945548254973,0.0834104100961593,0.0221553544123333,0.8942731238137748,0.8942731238137748,1,M0063.png
0.9999999666666678,0.9999999736842112,0.9999999701754396,0.5024390219393219,0.3383950263032042,0.1796622539607215,0.040928019035314,0.9030836964621864,0.9030836964621864,1,U0174.png
0.9999999677419364,0.9999999750000008,0.9999999713709686,0.3591160201153811,0.4334581705348194,0.2109701746563553,0.0592031425349657,0.8722466921927459,0.8722466921927459,0,s0009.png
0.25,0.25,0.25,2.02083329123264,0.4413423389705422,0.2072456781755804,0.0641896426732478,0.850220260571717,0.850220260571717,1,N0394.png
0.25,0.25,0.25,1.0410958761493716,0.4093929675175416,0.1995037277534413,0.0753799553598846,0.8546255468959227,0.8546255468959227,1,P0531.png
0.9999999800000005,0.9999999800000005,0.9999999800000005,0.5930232523661438,0.3203141137269979,0.2175403296409153,0.0417387543242565,0.8986784101379806,0.8986784101379806,0,e0661.png
0.9999999687500012,0.9999999705882362,0.9999999696691186,0.2641509384122464,0.4870052511020356,0.1562535213056519,0.058668942744802,0.9295154144074212,0.9295154144074212,0,v0461.png
0.25,0.25,0.25,0.3031914877489814,0.4521958964663276,0.1962083839798873,0.0503338614743567,0.8281938289506879,0.8281938289506879,1,G0027.png
0.9999999629629645,0.999999972222223,0.9999999675925936,0.6959999944320001,0.4158133123670854,0.3062766515478567,0.126186103455612,0.8722466921927459,0.8722466921927459,0,a0256.png
0.25,0.25,0.25,0.2666666631111111,0.4487816212679141,0.1989960672516466,0.0666117547011741,0.8546255468959227,0.8546255468959227,1,N0866.png
0.9999999777777784,0.9999999777777784,0.9999999777777784,0.2249999943750001,0.4014453137484797,0.1595858250680694,0.0749521004296676,0.8237885426264822,0.8237885426264822,0,zc0759.png
0.999999972222223,0.9999999545454564,0.9999999633838398,0.2022471887387956,0.440688725490196,0.1742545447900802,0.0530999999986725,0.8810572648411574,0.8810572648411574,1,D0002.png
0.9999999729729736,0.9999999687500012,0.9999999708614874,0.6333333298148148,0.3298361973212115,0.2387999277924936,0.0508451551543626,0.9999999955947136,0.9999999955947136,1,E0643.png
